{
  "converged_final": false,
  "final_E": 0.17769362339063896,
  "final_S": 0.0,
  "final_C": 0.2310102558013142,
  "final_R": 0.35834312174426985,
  "target_C_final": 0.4,
  "target_R_final": 0.3,
  "metabolic_cost_final": 0.04,
  "steps_taken": 300
}