{
  "experiment": "cycle80_dominant_pattern_analysis",
  "threshold": 500,
  "cycles": 1000,
  "result": {
    "threshold": 500,
    "cycles": 1000,
    "final_memory": 1000,
    "final_diversity": {
      "unique_patterns": 1,
      "uniqueness_ratio": 0.001,
      "shannon_entropy": -0.0,
      "complexity_score": 0.0003
    },
    "final_distribution": {
      "total_patterns": 1000,
      "unique_patterns": 1,
      "dominant_pattern": "(np.float64(6.207787), np.float64(5.959889), np.float64(6.221839))",
      "dominant_count": 1000,
      "dominant_fraction": 1.0,
      "concentration": 1.0
    },
    "total_bursts": 244,
    "temporal_data": {
      "memory_sizes": [
        170,
        420,
        670,
        920,
        1000,
        1000,
        1000,
        1000,
        1000,
        1000,
        1000,
        1000,
        1000,
        1000,
        1000,
        1000,
        1000,
        1000,
        1000,
        1000,
        1000,
        1000,
        1000,
        1000,
        1000,
        1000,
        1000,
        1000,
        1000,
        1000,
        1000,
        1000,
        1000,
        1000,
        1000,
        1000,
        1000,
        1000,
        1000,
        1000,
        1000,
        1000,
        1000,
        1000,
        1000,
        1000,
        1000,
        1000,
        1000,
        1000
      ],
      "entropies": [
        2.964870516988226,
        2.297139638361969,
        1.687119872293469,
        1.7578080257475288,
        1.8571386570310837,
        1.2276787647860934,
        0.9780123826136469,
        0.07522154475830685,
        0.872800498992432,
        1.1099157598752971,
        0.9604506230766653,
        0.25964166448448084,
        -0.0,
        0.037622360322278434,
        0.7527960664084545,
        0.9966619137320386,
        0.8608440062015498,
        0.24814006376632422,
        0.8828254478619135,
        1.1997165340898555,
        1.1137012209455937,
        0.5401527447697129,
        0.38254266919774566,
        1.0651546890136516,
        1.1974776241409462,
        0.9313243258853694,
        -0.0,
        -0.0,
        -0.0,
        -0.0,
        -0.0,
        -0.0,
        -0.0,
        -0.0,
        -0.0,
        -0.0,
        -0.0,
        -0.0,
        -0.0,
        -0.0,
        -0.0,
        -0.0,
        -0.0,
        -0.0,
        -0.0,
        -0.0,
        -0.0,
        -0.0,
        -0.0,
        -0.0
      ],
      "dominant_fractions": [
        0.09411764705882353,
        0.2714285714285714,
        0.5432835820895522,
        0.6097826086956522,
        0.561,
        0.514,
        0.764,
        0.992,
        0.768,
        0.518,
        0.714,
        0.964,
        1.0,
        0.996,
        0.784,
        0.534,
        0.716,
        0.963,
        0.802,
        0.552,
        0.664,
        0.914,
        0.94,
        0.69,
        0.52,
        0.77,
        1.0,
        1.0,
        1.0,
        1.0,
        1.0,
        1.0,
        1.0,
        1.0,
        1.0,
        1.0,
        1.0,
        1.0,
        1.0,
        1.0,
        1.0,
        1.0,
        1.0,
        1.0,
        1.0,
        1.0,
        1.0,
        1.0,
        1.0,
        1.0
      ],
      "concentrations": [
        6.117647058823529,
        20.628571428571426,
        41.28955223880597,
        49.392391304347825,
        10.098,
        3.084,
        4.584,
        2.976,
        2.3040000000000003,
        1.554,
        2.142,
        2.892,
        1.0,
        1.992,
        1.568,
        1.068,
        1.432,
        4.8149999999999995,
        3.208,
        2.208,
        2.656,
        3.656,
        3.76,
        2.76,
        2.08,
        3.08,
        1.0,
        1.0,
        1.0,
        1.0,
        1.0,
        1.0,
        1.0,
        1.0,
        1.0,
        1.0,
        1.0,
        1.0,
        1.0,
        1.0,
        1.0,
        1.0,
        1.0,
        1.0,
        1.0,
        1.0,
        1.0,
        1.0,
        1.0,
        1.0
      ],
      "unique_patterns": [
        65,
        76,
        76,
        81,
        18,
        6,
        6,
        3,
        3,
        3,
        3,
        3,
        1,
        2,
        2,
        2,
        2,
        5,
        4,
        4,
        4,
        4,
        4,
        4,
        4,
        4,
        1,
        1,
        1,
        1,
        1,
        1,
        1,
        1,
        1,
        1,
        1,
        1,
        1,
        1,
        1,
        1,
        1,
        1,
        1,
        1,
        1,
        1,
        1,
        1
      ],
      "timestamps": [
        20,
        40,
        60,
        80,
        100,
        120,
        140,
        160,
        180,
        200,
        220,
        240,
        260,
        280,
        300,
        320,
        340,
        360,
        380,
        400,
        420,
        440,
        460,
        480,
        500,
        520,
        540,
        560,
        580,
        600,
        620,
        640,
        660,
        680,
        700,
        720,
        740,
        760,
        780,
        800,
        820,
        840,
        860,
        880,
        900,
        920,
        940,
        960,
        980,
        1000
      ]
    },
    "dominant_pattern_analysis": {
      "pattern_key": "(np.float64(5.881061), np.float64(4.751613), np.float64(5.767166))",
      "emergence_cycle": 69,
      "collapse_cycle": 160,
      "time_to_dominance": 91,
      "growth_trajectory": [
        {
          "cycle": 120,
          "fraction": 0.514
        },
        {
          "cycle": 140,
          "fraction": 0.764
        },
        {
          "cycle": 160,
          "fraction": 0.992
        },
        {
          "cycle": 180,
          "fraction": 0.768
        },
        {
          "cycle": 200,
          "fraction": 0.518
        }
      ],
      "growth_rate": 0.00010362948793050325,
      "pattern_characteristics": null
    },
    "pattern_history": {
      "total_unique_seen": 90,