{
  "experiment": "cycle72_memory_seeding_solution",
  "threshold": 1400,
  "cycles": 500,
  "baseline": {
    "threshold": 1400,
    "cycles": 500,
    "seed_count": 0,
    "memory_retained": false,
    "final_memory_size": 0,
    "total_bursts": 43,
    "burst_rate": 0.086,
    "duration": 7.344821929931641
  },
  "seeded": {
    "threshold": 1400,
    "cycles": 500,
    "seed_count": 5,
    "memory_retained": true,
    "final_memory_size": 1000,
    "first_memory_cycle": 11,
    "growth_rate": 18.290816326530614,
    "total_bursts": 43,
    "burst_rate": 0.086,
    "memory_efficiency": 23.25581395348837,
    "memory_sizes": [
      0,
      50,
      100,
      150,
      200,
      250,
      300,
      350,
      400,
      400,
      450,
      500,
      550,
      600,
      650,
      700,
      700,
      750,
      800,
      850,
      900,
      950,
      1000,
      1000,
      1000,
      1000,
      1000,
      1000,
      1000,
      1000,
      1000,
      1000,
      1000,
      1000,
      1000,
      1000,
      1000,
      1000,
      1000,
      1000,
      1000,
      1000,
      1000,
      1000,
      1000,
      1000,
      1000,
      1000,
      1000,
      1000
    ],
    "burst_counts": [
      0,
      1,
      2,
      3,
      4,
      5,
      6,
      7,
      8,
      8,
      9,
      10,
      11,
      12,
      13,
      14,
      14,
      15,
      16,
      17,
      18,
      19,
      20,
      21,
      21,
      22,
      23,
      24,
      25,
      26,
      27,
      27,
      28,
      29,
      30,
      31,
      32,
      33,
      34,
      35,
      35,
      36,
      37,
      38,
      39,
      40,
      41,
      41,
      42,
      43
    ],
    "duration": 8.91651201248169
  },
  "seeding_effective": true,
  "insight_36_discovered": true,
  "overall_duration": 16.76752495765686,
  "timestamp": 1761127404.931144
}