{
  "success_rate": 0.0,
  "avg_C": 0.0013719420344615353,
  "avg_R": 0.9907297080343127,
  "var_C": 0.00015161711980520682,
  "var_R": 0.00544975682981227
}