{
  "phase_variance": {
    "\u03c0": 3.4069813527610284,
    "e": 3.3293583772392683,
    "\u03c6": 3.3604788338041063
  },
  "io_bound_ratio": 0.90075,
  "resonance_rate": 0.88662
}