Fitter report for nrm_resonance
Fri Nov 28 12:02:46 2025
Quartus Prime Version 24.1std.0 Build 1077 03/04/2025 SC Lite Edition


---------------------
; Table of Contents ;
---------------------
  1. Legal Notice
  2. Fitter Summary
  3. Fitter Settings
  4. Parallel Compilation
  5. Fitter Netlist Optimizations
  6. Incremental Compilation Preservation Summary
  7. Incremental Compilation Partition Settings
  8. Incremental Compilation Placement Preservation
  9. Pin-Out File
 10. Fitter Resource Usage Summary
 11. Fitter Partition Statistics
 12. Input Pins
 13. Output Pins
 14. I/O Bank Usage
 15. All Package Pins
 16. I/O Assignment Warnings
 17. Fitter Resource Utilization by Entity
 18. Delay Chain Summary
 19. Pad To Core Delay Chain Fanout
 20. Control Signals
 21. Global & Other Fast Signals
 22. Fitter RAM Summary
 23. Fitter DSP Block Usage Summary
 24. DSP Block Details
 25. Routing Usage Summary
 26. I/O Rules Summary
 27. I/O Rules Details
 28. I/O Rules Matrix
 29. Fitter Device Options
 30. Operating Settings and Conditions
 31. Estimated Delay Added for Hold Timing Summary
 32. Estimated Delay Added for Hold Timing Details
 33. Fitter Messages
 34. Fitter Suppressed Messages



----------------
; Legal Notice ;
----------------
Copyright (C) 2025  Altera Corporation. All rights reserved.
Your use of Altera Corporation's design tools, logic functions 
and other software and tools, and any partner logic 
functions, and any output files from any of the foregoing 
(including device programming or simulation files), and any 
associated documentation or information are expressly subject 
to the terms and conditions of the Altera Program License 
Subscription Agreement, the Altera Quartus Prime License Agreement,
the Altera IP License Agreement, or other applicable license
agreement, including, without limitation, that your use is for
the sole purpose of programming logic devices manufactured by
Altera and sold by Altera or its authorized distributors.  Please
refer to the Altera Software License Subscription Agreements 
on the Quartus Prime software download page.



+-----------------------------------------------------------------------------------+
; Fitter Summary                                                                    ;
+---------------------------------+-------------------------------------------------+
; Fitter Status                   ; Successful - Fri Nov 28 12:02:46 2025           ;
; Quartus Prime Version           ; 24.1std.0 Build 1077 03/04/2025 SC Lite Edition ;
; Revision Name                   ; nrm_resonance                                   ;
; Top-level Entity Name           ; nrm_system_wrapper                              ;
; Family                          ; Cyclone V                                       ;
; Device                          ; 5CSEBA6U23I7                                    ;
; Timing Models                   ; Final                                           ;
; Logic utilization (in ALMs)     ; 751 / 41,910 ( 2 % )                            ;
; Total registers                 ; 1319                                            ;
; Total pins                      ; 44 / 314 ( 14 % )                               ;
; Total virtual pins              ; 0                                               ;
; Total block memory bits         ; 512 / 5,662,720 ( < 1 % )                       ;
; Total RAM Blocks                ; 1 / 553 ( < 1 % )                               ;
; Total DSP Blocks                ; 1 / 112 ( < 1 % )                               ;
; Total HSSI RX PCSs              ; 0                                               ;
; Total HSSI PMA RX Deserializers ; 0                                               ;
; Total HSSI TX PCSs              ; 0                                               ;
; Total HSSI PMA TX Serializers   ; 0                                               ;
; Total PLLs                      ; 0 / 6 ( 0 % )                                   ;
; Total DLLs                      ; 0 / 4 ( 0 % )                                   ;
+---------------------------------+-------------------------------------------------+


+----------------------------------------------------------------------------------------------------------------------------------------------------+
; Fitter Settings                                                                                                                                    ;
+--------------------------------------------------------------------+---------------------------------------+---------------------------------------+
; Option                                                             ; Setting                               ; Default Value                         ;
+--------------------------------------------------------------------+---------------------------------------+---------------------------------------+
; Device                                                             ; 5CSEBA6U23I7                          ;                                       ;
; Minimum Core Junction Temperature                                  ; -40                                   ;                                       ;
; Maximum Core Junction Temperature                                  ; 100                                   ;                                       ;
; Use smart compilation                                              ; Off                                   ; Off                                   ;
; Enable parallel Assembler and Timing Analyzer during compilation   ; On                                    ; On                                    ;
; Enable compact report table                                        ; Off                                   ; Off                                   ;
; Router Timing Optimization Level                                   ; Normal                                ; Normal                                ;
; Perform Clocking Topology Analysis During Routing                  ; Off                                   ; Off                                   ;
; Placement Effort Multiplier                                        ; 1.0                                   ; 1.0                                   ;
; Device initialization clock source                                 ; INIT_INTOSC                           ; INIT_INTOSC                           ;
; Optimize Hold Timing                                               ; All Paths                             ; All Paths                             ;
; Optimize Multi-Corner Timing                                       ; On                                    ; On                                    ;
; Auto RAM to MLAB Conversion                                        ; On                                    ; On                                    ;
; Equivalent RAM and MLAB Power Up                                   ; Auto                                  ; Auto                                  ;
; Equivalent RAM and MLAB Paused Read Capabilities                   ; Care                                  ; Care                                  ;
; Power Optimization During Fitting                                  ; Normal compilation                    ; Normal compilation                    ;
; SSN Optimization                                                   ; Off                                   ; Off                                   ;
; Optimize Timing                                                    ; Normal compilation                    ; Normal compilation                    ;
; Optimize Timing for ECOs                                           ; Off                                   ; Off                                   ;
; Regenerate Full Fit Report During ECO Compiles                     ; Off                                   ; Off                                   ;
; Optimize IOC Register Placement for Timing                         ; Normal                                ; Normal                                ;
; Final Placement Optimizations                                      ; Automatically                         ; Automatically                         ;
; Fitter Aggressive Routability Optimizations                        ; Automatically                         ; Automatically                         ;
; Fitter Initial Placement Seed                                      ; 1                                     ; 1                                     ;
; Periphery to Core Placement and Routing Optimization               ; Off                                   ; Off                                   ;
; Weak Pull-Up Resistor                                              ; Off                                   ; Off                                   ;
; Enable Bus-Hold Circuitry                                          ; Off                                   ; Off                                   ;
; Auto Packed Registers                                              ; Auto                                  ; Auto                                  ;
; Auto Delay Chains                                                  ; On                                    ; On                                    ;
; Auto Delay Chains for High Fanout Input Pins                       ; Off                                   ; Off                                   ;
; Treat Bidirectional Pin as Output Pin                              ; Off                                   ; Off                                   ;
; Perform Physical Synthesis for Combinational Logic for Fitting     ; Off                                   ; Off                                   ;
; Perform Physical Synthesis for Combinational Logic for Performance ; Off                                   ; Off                                   ;
; Perform Register Duplication for Performance                       ; Off                                   ; Off                                   ;
; Perform Register Retiming for Performance                          ; Off                                   ; Off                                   ;
; Perform Asynchronous Signal Pipelining                             ; Off                                   ; Off                                   ;
; Fitter Effort                                                      ; Auto Fit                              ; Auto Fit                              ;
; Physical Synthesis Effort Level                                    ; Normal                                ; Normal                                ;
; Logic Cell Insertion - Logic Duplication                           ; Auto                                  ; Auto                                  ;
; Auto Register Duplication                                          ; Auto                                  ; Auto                                  ;
; Auto Global Clock                                                  ; On                                    ; On                                    ;
; Auto Global Register Control Signals                               ; On                                    ; On                                    ;
; Reserve all unused pins                                            ; As input tri-stated with weak pull-up ; As input tri-stated with weak pull-up ;
; Synchronizer Identification                                        ; Auto                                  ; Auto                                  ;
; Enable Beneficial Skew Optimization                                ; On                                    ; On                                    ;
; Optimize Design for Metastability                                  ; On                                    ; On                                    ;
; Active Serial clock source                                         ; FREQ_100MHz                           ; FREQ_100MHz                           ;
; Force Fitter to Avoid Periphery Placement Warnings                 ; Off                                   ; Off                                   ;
; Clamping Diode                                                     ; Off                                   ; Off                                   ;
; Enable input tri-state on active configuration pins in user mode   ; Off                                   ; Off                                   ;
; Advanced Physical Optimization                                     ; On                                    ; On                                    ;
+--------------------------------------------------------------------+---------------------------------------+---------------------------------------+


+------------------------------------------+
; Parallel Compilation                     ;
+----------------------------+-------------+
; Processors                 ; Number      ;
+----------------------------+-------------+
; Number detected on machine ; 16          ;
; Maximum allowed            ; 16          ;
;                            ;             ;
; Average used               ; 1.24        ;
; Maximum used               ; 16          ;
;                            ;             ;
; Usage by Processor         ; % Time Used ;
;     Processor 1            ; 100.0%      ;
;     Processor 2            ;   2.3%      ;
;     Processor 3            ;   2.2%      ;
;     Processor 4            ;   2.1%      ;
;     Processor 5            ;   1.6%      ;
;     Processor 6            ;   1.5%      ;
;     Processor 7            ;   1.5%      ;
;     Processor 8            ;   1.5%      ;
;     Processor 9            ;   1.4%      ;
;     Processor 10           ;   1.4%      ;
;     Processor 11           ;   1.4%      ;
;     Processor 12           ;   1.4%      ;
;     Processor 13           ;   1.4%      ;
;     Processor 14           ;   1.4%      ;
;     Processor 15           ;   1.4%      ;
;     Processor 16           ;   1.4%      ;
+----------------------------+-------------+


+----------------------------------------------------------------------------------------------------------------------------------------------------------------------------------------------------------------------------------------------------------------------------------------------------------------------------------------------------------------------------------------------------------------------------------------------------------------------------------------------------------------------------------------------------------------------------------------------------------------------------------------------------------------------------------------------------------------------------------------------------------------------------------------------------------------------------------------------------------------------------------------------------------+
; Fitter Netlist Optimizations                                                                                                                                                                                                                                                                                                                                                                                                                                                                                                                                                                                                                                                                                                                                                                                                                                                                             ;
+----------------------------------------------------------------------------------------------------------------------------------------------------------------------------------------------------------------------------------------------------------------------------------------------------------------------------------------------------------+-----------------+---------------------------------------------------+----------------------------+-----------+----------------+--------------------------------------------------------------------------------------------------------------------------------------------------------------------------------------------------------------------------------------------------------------------------------------------------------------------------------------------------------------------+------------------+-----------------------+
; Node                                                                                                                                                                                                                                                                                                                                                     ; Action          ; Operation                                         ; Reason                     ; Node Port ; Node Port Name ; Destination Node                                                                                                                                                                                                                                                                                                                                                   ; Destination Port ; Destination Port Name ;
+----------------------------------------------------------------------------------------------------------------------------------------------------------------------------------------------------------------------------------------------------------------------------------------------------------------------------------------------------------+-----------------+---------------------------------------------------+----------------------------+-----------+----------------+--------------------------------------------------------------------------------------------------------------------------------------------------------------------------------------------------------------------------------------------------------------------------------------------------------------------------------------------------------------------+------------------+-----------------------+
; clk~inputCLKENA0                                                                                                                                                                                                                                                                                                                                         ; Created         ; Placement                                         ; Fitter Periphery Placement ;           ;                ;                                                                                                                                                                                                                                                                                                                                                                    ;                  ;                       ;
; rst_n~inputCLKENA0                                                                                                                                                                                                                                                                                                                                       ; Created         ; Placement                                         ; Fitter Periphery Placement ;           ;                ;                                                                                                                                                                                                                                                                                                                                                                    ;                  ;                       ;
; jtag_system:u0|jtag_system_master_0:master_0|altera_avalon_sc_fifo:fifo|out_payload[0]                                                                                                                                                                                                                                                                   ; Packed Register ; Register Packing                                  ; Timing optimization        ; Q         ;                ; jtag_system:u0|jtag_system_master_0:master_0|altera_avalon_sc_fifo:fifo|altsyncram:mem_rtl_0|altsyncram_g0n1:auto_generated|ram_block1a0                                                                                                                                                                                                                           ; PORTBDATAOUT     ;                       ;
; jtag_system:u0|jtag_system_master_0:master_0|altera_avalon_sc_fifo:fifo|out_payload[1]                                                                                                                                                                                                                                                                   ; Packed Register ; Register Packing                                  ; Timing optimization        ; Q         ;                ; jtag_system:u0|jtag_system_master_0:master_0|altera_avalon_sc_fifo:fifo|altsyncram:mem_rtl_0|altsyncram_g0n1:auto_generated|ram_block1a1                                                                                                                                                                                                                           ; PORTBDATAOUT     ;                       ;
; jtag_system:u0|jtag_system_master_0:master_0|altera_avalon_sc_fifo:fifo|out_payload[2]                                                                                                                                                                                                                                                                   ; Packed Register ; Register Packing                                  ; Timing optimization        ; Q         ;                ; jtag_system:u0|jtag_system_master_0:master_0|altera_avalon_sc_fifo:fifo|altsyncram:mem_rtl_0|altsyncram_g0n1:auto_generated|ram_block1a2                                                                                                                                                                                                                           ; PORTBDATAOUT     ;                       ;
; jtag_system:u0|jtag_system_master_0:master_0|altera_avalon_sc_fifo:fifo|out_payload[3]                                                                                                                                                                                                                                                                   ; Packed Register ; Register Packing                                  ; Timing optimization        ; Q         ;                ; jtag_system:u0|jtag_system_master_0:master_0|altera_avalon_sc_fifo:fifo|altsyncram:mem_rtl_0|altsyncram_g0n1:auto_generated|ram_block1a3                                                                                                                                                                                                                           ; PORTBDATAOUT     ;                       ;
; jtag_system:u0|jtag_system_master_0:master_0|altera_avalon_sc_fifo:fifo|out_payload[4]                                                                                                                                                                                                                                                                   ; Packed Register ; Register Packing                                  ; Timing optimization        ; Q         ;                ; jtag_system:u0|jtag_system_master_0:master_0|altera_avalon_sc_fifo:fifo|altsyncram:mem_rtl_0|altsyncram_g0n1:auto_generated|ram_block1a4                                                                                                                                                                                                                           ; PORTBDATAOUT     ;                       ;
; jtag_system:u0|jtag_system_master_0:master_0|altera_avalon_sc_fifo:fifo|out_payload[5]                                                                                                                                                                                                                                                                   ; Packed Register ; Register Packing                                  ; Timing optimization        ; Q         ;                ; jtag_system:u0|jtag_system_master_0:master_0|altera_avalon_sc_fifo:fifo|altsyncram:mem_rtl_0|altsyncram_g0n1:auto_generated|ram_block1a5                                                                                                                                                                                                                           ; PORTBDATAOUT     ;                       ;
; jtag_system:u0|jtag_system_master_0:master_0|altera_avalon_sc_fifo:fifo|out_payload[6]                                                                                                                                                                                                                                                                   ; Packed Register ; Register Packing                                  ; Timing optimization        ; Q         ;                ; jtag_system:u0|jtag_system_master_0:master_0|altera_avalon_sc_fifo:fifo|altsyncram:mem_rtl_0|altsyncram_g0n1:auto_generated|ram_block1a6                                                                                                                                                                                                                           ; PORTBDATAOUT     ;                       ;
; jtag_system:u0|jtag_system_master_0:master_0|altera_avalon_sc_fifo:fifo|out_payload[7]                                                                                                                                                                                                                                                                   ; Packed Register ; Register Packing                                  ; Timing optimization        ; Q         ;                ; jtag_system:u0|jtag_system_master_0:master_0|altera_avalon_sc_fifo:fifo|altsyncram:mem_rtl_0|altsyncram_g0n1:auto_generated|ram_block1a7                                                                                                                                                                                                                           ; PORTBDATAOUT     ;                       ;
; nrm_resonance:u1|corr_accum[0]                                                                                                                                                                                                                                                                                                                           ; Packed Register ; Register Packing                                  ; Timing optimization        ; Q         ;                ; nrm_resonance:u1|Mult0~mac                                                                                                                                                                                                                                                                                                                                         ; BY               ;                       ;
; nrm_resonance:u1|corr_accum[0]                                                                                                                                                                                                                                                                                                                           ; Duplicated      ; Register Packing                                  ; Timing optimization        ; Q         ;                ; nrm_resonance:u1|corr_accum[0]~_Duplicate_1                                                                                                                                                                                                                                                                                                                        ; Q                ;                       ;
; nrm_resonance:u1|corr_accum[0]~SCLR_LUT                                                                                                                                                                                                                                                                                                                  ; Created         ; Register Packing                                  ; Timing optimization        ;           ;                ;                                                                                                                                                                                                                                                                                                                                                                    ;                  ;                       ;
; nrm_resonance:u1|corr_accum[1]                                                                                                                                                                                                                                                                                                                           ; Packed Register ; Register Packing                                  ; Timing optimization        ; Q         ;                ; nrm_resonance:u1|Mult0~mac                                                                                                                                                                                                                                                                                                                                         ; BY               ;                       ;
; nrm_resonance:u1|corr_accum[1]                                                                                                                                                                                                                                                                                                                           ; Duplicated      ; Register Packing                                  ; Timing optimization        ; Q         ;                ; nrm_resonance:u1|corr_accum[1]~_Duplicate_1                                                                                                                                                                                                                                                                                                                        ; Q                ;                       ;
; nrm_resonance:u1|corr_accum[1]~SCLR_LUT                                                                                                                                                                                                                                                                                                                  ; Created         ; Register Packing                                  ; Timing optimization        ;           ;                ;                                                                                                                                                                                                                                                                                                                                                                    ;                  ;                       ;
; nrm_resonance:u1|corr_accum[2]                                                                                                                                                                                                                                                                                                                           ; Packed Register ; Register Packing                                  ; Timing optimization        ; Q         ;                ; nrm_resonance:u1|Mult0~mac                                                                                                                                                                                                                                                                                                                                         ; BY               ;                       ;
; nrm_resonance:u1|corr_accum[2]                                                                                                                                                                                                                                                                                                                           ; Duplicated      ; Register Packing                                  ; Timing optimization        ; Q         ;                ; nrm_resonance:u1|corr_accum[2]~_Duplicate_1                                                                                                                                                                                                                                                                                                                        ; Q                ;                       ;
; nrm_resonance:u1|corr_accum[2]~SCLR_LUT                                                                                                                                                                                                                                                                                                                  ; Created         ; Register Packing                                  ; Timing optimization        ;           ;                ;                                                                                                                                                                                                                                                                                                                                                                    ;                  ;                       ;
; nrm_resonance:u1|corr_accum[3]                                                                                                                                                                                                                                                                                                                           ; Packed Register ; Register Packing                                  ; Timing optimization        ; Q         ;                ; nrm_resonance:u1|Mult0~mac                                                                                                                                                                                                                                                                                                                                         ; BY               ;                       ;
; nrm_resonance:u1|corr_accum[3]                                                                                                                                                                                                                                                                                                                           ; Duplicated      ; Register Packing                                  ; Timing optimization        ; Q         ;                ; nrm_resonance:u1|corr_accum[3]~_Duplicate_1                                                                                                                                                                                                                                                                                                                        ; Q                ;                       ;
; nrm_resonance:u1|corr_accum[3]~SCLR_LUT                                                                                                                                                                                                                                                                                                                  ; Created         ; Register Packing                                  ; Timing optimization        ;           ;                ;                                                                                                                                                                                                                                                                                                                                                                    ;                  ;                       ;
; nrm_resonance:u1|corr_accum[4]                                                                                                                                                                                                                                                                                                                           ; Packed Register ; Register Packing                                  ; Timing optimization        ; Q         ;                ; nrm_resonance:u1|Mult0~mac                                                                                                                                                                                                                                                                                                                                         ; BY               ;                       ;
; nrm_resonance:u1|corr_accum[4]                                                                                                                                                                                                                                                                                                                           ; Duplicated      ; Register Packing                                  ; Timing optimization        ; Q         ;                ; nrm_resonance:u1|corr_accum[4]~_Duplicate_1                                                                                                                                                                                                                                                                                                                        ; Q                ;                       ;
; nrm_resonance:u1|corr_accum[4]~SCLR_LUT                                                                                                                                                                                                                                                                                                                  ; Created         ; Register Packing                                  ; Timing optimization        ;           ;                ;                                                                                                                                                                                                                                                                                                                                                                    ;                  ;                       ;
; nrm_resonance:u1|corr_accum[5]                                                                                                                                                                                                                                                                                                                           ; Packed Register ; Register Packing                                  ; Timing optimization        ; Q         ;                ; nrm_resonance:u1|Mult0~mac                                                                                                                                                                                                                                                                                                                                         ; BY               ;                       ;
; nrm_resonance:u1|corr_accum[5]                                                                                                                                                                                                                                                                                                                           ; Duplicated      ; Register Packing                                  ; Timing optimization        ; Q         ;                ; nrm_resonance:u1|corr_accum[5]~_Duplicate_1                                                                                                                                                                                                                                                                                                                        ; Q                ;                       ;
; nrm_resonance:u1|corr_accum[5]~SCLR_LUT                                                                                                                                                                                                                                                                                                                  ; Created         ; Register Packing                                  ; Timing optimization        ;           ;                ;                                                                                                                                                                                                                                                                                                                                                                    ;                  ;                       ;
; nrm_resonance:u1|corr_accum[6]                                                                                                                                                                                                                                                                                                                           ; Packed Register ; Register Packing                                  ; Timing optimization        ; Q         ;                ; nrm_resonance:u1|Mult0~mac                                                                                                                                                                                                                                                                                                                                         ; BY               ;                       ;
; nrm_resonance:u1|corr_accum[6]                                                                                                                                                                                                                                                                                                                           ; Duplicated      ; Register Packing                                  ; Timing optimization        ; Q         ;                ; nrm_resonance:u1|corr_accum[6]~_Duplicate_1                                                                                                                                                                                                                                                                                                                        ; Q                ;                       ;
; nrm_resonance:u1|corr_accum[6]~SCLR_LUT                                                                                                                                                                                                                                                                                                                  ; Created         ; Register Packing                                  ; Timing optimization        ;           ;                ;                                                                                                                                                                                                                                                                                                                                                                    ;                  ;                       ;
; nrm_resonance:u1|corr_accum[7]                                                                                                                                                                                                                                                                                                                           ; Packed Register ; Register Packing                                  ; Timing optimization        ; Q         ;                ; nrm_resonance:u1|Mult0~mac                                                                                                                                                                                                                                                                                                                                         ; BY               ;                       ;
; nrm_resonance:u1|corr_accum[7]                                                                                                                                                                                                                                                                                                                           ; Duplicated      ; Register Packing                                  ; Timing optimization        ; Q         ;                ; nrm_resonance:u1|corr_accum[7]~_Duplicate_1                                                                                                                                                                                                                                                                                                                        ; Q                ;                       ;
; nrm_resonance:u1|corr_accum[7]~SCLR_LUT                                                                                                                                                                                                                                                                                                                  ; Created         ; Register Packing                                  ; Timing optimization        ;           ;                ;                                                                                                                                                                                                                                                                                                                                                                    ;                  ;                       ;
; nrm_resonance:u1|corr_accum[8]                                                                                                                                                                                                                                                                                                                           ; Packed Register ; Register Packing                                  ; Timing optimization        ; Q         ;                ; nrm_resonance:u1|Mult0~mac                                                                                                                                                                                                                                                                                                                                         ; BY               ;                       ;
; nrm_resonance:u1|corr_accum[8]                                                                                                                                                                                                                                                                                                                           ; Duplicated      ; Register Packing                                  ; Timing optimization        ; Q         ;                ; nrm_resonance:u1|corr_accum[8]~_Duplicate_1                                                                                                                                                                                                                                                                                                                        ; Q                ;                       ;
; nrm_resonance:u1|corr_accum[8]~SCLR_LUT                                                                                                                                                                                                                                                                                                                  ; Created         ; Register Packing                                  ; Timing optimization        ;           ;                ;                                                                                                                                                                                                                                                                                                                                                                    ;                  ;                       ;
; nrm_resonance:u1|corr_accum[9]                                                                                                                                                                                                                                                                                                                           ; Packed Register ; Register Packing                                  ; Timing optimization        ; Q         ;                ; nrm_resonance:u1|Mult0~mac                                                                                                                                                                                                                                                                                                                                         ; BY               ;                       ;
; nrm_resonance:u1|corr_accum[9]                                                                                                                                                                                                                                                                                                                           ; Duplicated      ; Register Packing                                  ; Timing optimization        ; Q         ;                ; nrm_resonance:u1|corr_accum[9]~_Duplicate_1                                                                                                                                                                                                                                                                                                                        ; Q                ;                       ;
; nrm_resonance:u1|corr_accum[9]~SCLR_LUT                                                                                                                                                                                                                                                                                                                  ; Created         ; Register Packing                                  ; Timing optimization        ;           ;                ;                                                                                                                                                                                                                                                                                                                                                                    ;                  ;                       ;
; nrm_resonance:u1|corr_accum[10]                                                                                                                                                                                                                                                                                                                          ; Packed Register ; Register Packing                                  ; Timing optimization        ; Q         ;                ; nrm_resonance:u1|Mult0~mac                                                                                                                                                                                                                                                                                                                                         ; BY               ;                       ;
; nrm_resonance:u1|corr_accum[10]                                                                                                                                                                                                                                                                                                                          ; Duplicated      ; Register Packing                                  ; Timing optimization        ; Q         ;                ; nrm_resonance:u1|corr_accum[10]~_Duplicate_1                                                                                                                                                                                                                                                                                                                       ; Q                ;                       ;
; nrm_resonance:u1|corr_accum[10]~SCLR_LUT                                                                                                                                                                                                                                                                                                                 ; Created         ; Register Packing                                  ; Timing optimization        ;           ;                ;                                                                                                                                                                                                                                                                                                                                                                    ;                  ;                       ;
; nrm_resonance:u1|corr_accum[11]                                                                                                                                                                                                                                                                                                                          ; Packed Register ; Register Packing                                  ; Timing optimization        ; Q         ;                ; nrm_resonance:u1|Mult0~mac                                                                                                                                                                                                                                                                                                                                         ; BY               ;                       ;
; nrm_resonance:u1|corr_accum[11]                                                                                                                                                                                                                                                                                                                          ; Duplicated      ; Register Packing                                  ; Timing optimization        ; Q         ;                ; nrm_resonance:u1|corr_accum[11]~_Duplicate_1                                                                                                                                                                                                                                                                                                                       ; Q                ;                       ;
; nrm_resonance:u1|corr_accum[11]~SCLR_LUT                                                                                                                                                                                                                                                                                                                 ; Created         ; Register Packing                                  ; Timing optimization        ;           ;                ;                                                                                                                                                                                                                                                                                                                                                                    ;                  ;                       ;
; nrm_resonance:u1|corr_accum[12]                                                                                                                                                                                                                                                                                                                          ; Packed Register ; Register Packing                                  ; Timing optimization        ; Q         ;                ; nrm_resonance:u1|Mult0~mac                                                                                                                                                                                                                                                                                                                                         ; BY               ;                       ;
; nrm_resonance:u1|corr_accum[12]                                                                                                                                                                                                                                                                                                                          ; Duplicated      ; Register Packing                                  ; Timing optimization        ; Q         ;                ; nrm_resonance:u1|corr_accum[12]~_Duplicate_1                                                                                                                                                                                                                                                                                                                       ; Q                ;                       ;
; nrm_resonance:u1|corr_accum[12]~SCLR_LUT                                                                                                                                                                                                                                                                                                                 ; Created         ; Register Packing                                  ; Timing optimization        ;           ;                ;                                                                                                                                                                                                                                                                                                                                                                    ;                  ;                       ;
; nrm_resonance:u1|corr_accum[13]                                                                                                                                                                                                                                                                                                                          ; Packed Register ; Register Packing                                  ; Timing optimization        ; Q         ;                ; nrm_resonance:u1|Mult0~mac                                                                                                                                                                                                                                                                                                                                         ; BY               ;                       ;
; nrm_resonance:u1|corr_accum[13]                                                                                                                                                                                                                                                                                                                          ; Duplicated      ; Register Packing                                  ; Timing optimization        ; Q         ;                ; nrm_resonance:u1|corr_accum[13]~_Duplicate_1                                                                                                                                                                                                                                                                                                                       ; Q                ;                       ;
; nrm_resonance:u1|corr_accum[13]~SCLR_LUT                                                                                                                                                                                                                                                                                                                 ; Created         ; Register Packing                                  ; Timing optimization        ;           ;                ;                                                                                                                                                                                                                                                                                                                                                                    ;                  ;                       ;
; nrm_resonance:u1|corr_accum[14]                                                                                                                                                                                                                                                                                                                          ; Packed Register ; Register Packing                                  ; Timing optimization        ; Q         ;                ; nrm_resonance:u1|Mult0~mac                                                                                                                                                                                                                                                                                                                                         ; BY               ;                       ;
; nrm_resonance:u1|corr_accum[14]                                                                                                                                                                                                                                                                                                                          ; Duplicated      ; Register Packing                                  ; Timing optimization        ; Q         ;                ; nrm_resonance:u1|corr_accum[14]~_Duplicate_1                                                                                                                                                                                                                                                                                                                       ; Q                ;                       ;
; nrm_resonance:u1|corr_accum[14]~SCLR_LUT                                                                                                                                                                                                                                                                                                                 ; Created         ; Register Packing                                  ; Timing optimization        ;           ;                ;                                                                                                                                                                                                                                                                                                                                                                    ;                  ;                       ;
; nrm_resonance:u1|corr_accum[15]                                                                                                                                                                                                                                                                                                                          ; Packed Register ; Register Packing                                  ; Timing optimization        ; Q         ;                ; nrm_resonance:u1|Mult0~mac                                                                                                                                                                                                                                                                                                                                         ; BY               ;                       ;
; nrm_resonance:u1|corr_accum[15]                                                                                                                                                                                                                                                                                                                          ; Duplicated      ; Register Packing                                  ; Timing optimization        ; Q         ;                ; nrm_resonance:u1|corr_accum[15]~_Duplicate_1                                                                                                                                                                                                                                                                                                                       ; Q                ;                       ;
; nrm_resonance:u1|corr_accum[15]~SCLR_LUT                                                                                                                                                                                                                                                                                                                 ; Created         ; Register Packing                                  ; Timing optimization        ;           ;                ;                                                                                                                                                                                                                                                                                                                                                                    ;                  ;                       ;
; nrm_resonance:u1|corr_accum[16]                                                                                                                                                                                                                                                                                                                          ; Packed Register ; Register Packing                                  ; Timing optimization        ; Q         ;                ; nrm_resonance:u1|Mult0~mac                                                                                                                                                                                                                                                                                                                                         ; BY               ;                       ;
; nrm_resonance:u1|corr_accum[16]                                                                                                                                                                                                                                                                                                                          ; Duplicated      ; Register Packing                                  ; Timing optimization        ; Q         ;                ; nrm_resonance:u1|corr_accum[16]~_Duplicate_1                                                                                                                                                                                                                                                                                                                       ; Q                ;                       ;
; nrm_resonance:u1|corr_accum[16]~SCLR_LUT                                                                                                                                                                                                                                                                                                                 ; Created         ; Register Packing                                  ; Timing optimization        ;           ;                ;                                                                                                                                                                                                                                                                                                                                                                    ;                  ;                       ;
; nrm_resonance:u1|corr_accum[17]                                                                                                                                                                                                                                                                                                                          ; Packed Register ; Register Packing                                  ; Timing optimization        ; Q         ;                ; nrm_resonance:u1|Mult0~mac                                                                                                                                                                                                                                                                                                                                         ; BY               ;                       ;
; nrm_resonance:u1|corr_accum[17]                                                                                                                                                                                                                                                                                                                          ; Duplicated      ; Register Packing                                  ; Timing optimization        ; Q         ;                ; nrm_resonance:u1|corr_accum[17]~_Duplicate_1                                                                                                                                                                                                                                                                                                                       ; Q                ;                       ;
; nrm_resonance:u1|corr_accum[17]~SCLR_LUT                                                                                                                                                                                                                                                                                                                 ; Created         ; Register Packing                                  ; Timing optimization        ;           ;                ;                                                                                                                                                                                                                                                                                                                                                                    ;                  ;                       ;
; nrm_resonance:u1|corr_accum[18]                                                                                                                                                                                                                                                                                                                          ; Packed Register ; Register Packing                                  ; Timing optimization        ; Q         ;                ; nrm_resonance:u1|Mult0~mac                                                                                                                                                                                                                                                                                                                                         ; BX               ;                       ;
; nrm_resonance:u1|corr_accum[18]                                                                                                                                                                                                                                                                                                                          ; Duplicated      ; Register Packing                                  ; Timing optimization        ; Q         ;                ; nrm_resonance:u1|corr_accum[18]~_Duplicate_1                                                                                                                                                                                                                                                                                                                       ; Q                ;                       ;
; nrm_resonance:u1|corr_accum[18]~SCLR_LUT                                                                                                                                                                                                                                                                                                                 ; Created         ; Register Packing                                  ; Timing optimization        ;           ;                ;                                                                                                                                                                                                                                                                                                                                                                    ;                  ;                       ;
; nrm_resonance:u1|corr_accum[19]                                                                                                                                                                                                                                                                                                                          ; Packed Register ; Register Packing                                  ; Timing optimization        ; Q         ;                ; nrm_resonance:u1|Mult0~mac                                                                                                                                                                                                                                                                                                                                         ; BX               ;                       ;
; nrm_resonance:u1|corr_accum[19]                                                                                                                                                                                                                                                                                                                          ; Duplicated      ; Register Packing                                  ; Timing optimization        ; Q         ;                ; nrm_resonance:u1|corr_accum[19]~_Duplicate_1                                                                                                                                                                                                                                                                                                                       ; Q                ;                       ;
; nrm_resonance:u1|corr_accum[19]~SCLR_LUT                                                                                                                                                                                                                                                                                                                 ; Created         ; Register Packing                                  ; Timing optimization        ;           ;                ;                                                                                                                                                                                                                                                                                                                                                                    ;                  ;                       ;
; nrm_resonance:u1|corr_accum[20]                                                                                                                                                                                                                                                                                                                          ; Packed Register ; Register Packing                                  ; Timing optimization        ; Q         ;                ; nrm_resonance:u1|Mult0~mac                                                                                                                                                                                                                                                                                                                                         ; BX               ;                       ;
; nrm_resonance:u1|corr_accum[20]                                                                                                                                                                                                                                                                                                                          ; Duplicated      ; Register Packing                                  ; Timing optimization        ; Q         ;                ; nrm_resonance:u1|corr_accum[20]~_Duplicate_1                                                                                                                                                                                                                                                                                                                       ; Q                ;                       ;
; nrm_resonance:u1|corr_accum[20]~SCLR_LUT                                                                                                                                                                                                                                                                                                                 ; Created         ; Register Packing                                  ; Timing optimization        ;           ;                ;                                                                                                                                                                                                                                                                                                                                                                    ;                  ;                       ;
; nrm_resonance:u1|corr_accum[21]                                                                                                                                                                                                                                                                                                                          ; Packed Register ; Register Packing                                  ; Timing optimization        ; Q         ;                ; nrm_resonance:u1|Mult0~mac                                                                                                                                                                                                                                                                                                                                         ; BX               ;                       ;
; nrm_resonance:u1|corr_accum[21]                                                                                                                                                                                                                                                                                                                          ; Duplicated      ; Register Packing                                  ; Timing optimization        ; Q         ;                ; nrm_resonance:u1|corr_accum[21]~_Duplicate_1                                                                                                                                                                                                                                                                                                                       ; Q                ;                       ;
; nrm_resonance:u1|corr_accum[21]~SCLR_LUT                                                                                                                                                                                                                                                                                                                 ; Created         ; Register Packing                                  ; Timing optimization        ;           ;                ;                                                                                                                                                                                                                                                                                                                                                                    ;                  ;                       ;
; nrm_resonance:u1|corr_accum[22]                                                                                                                                                                                                                                                                                                                          ; Packed Register ; Register Packing                                  ; Timing optimization        ; Q         ;                ; nrm_resonance:u1|Mult0~mac                                                                                                                                                                                                                                                                                                                                         ; BX               ;                       ;
; nrm_resonance:u1|corr_accum[22]                                                                                                                                                                                                                                                                                                                          ; Duplicated      ; Register Packing                                  ; Timing optimization        ; Q         ;                ; nrm_resonance:u1|corr_accum[22]~_Duplicate_1                                                                                                                                                                                                                                                                                                                       ; Q                ;                       ;
; nrm_resonance:u1|corr_accum[22]~SCLR_LUT                                                                                                                                                                                                                                                                                                                 ; Created         ; Register Packing                                  ; Timing optimization        ;           ;                ;                                                                                                                                                                                                                                                                                                                                                                    ;                  ;                       ;
; nrm_resonance:u1|corr_accum[23]                                                                                                                                                                                                                                                                                                                          ; Packed Register ; Register Packing                                  ; Timing optimization        ; Q         ;                ; nrm_resonance:u1|Mult0~mac                                                                                                                                                                                                                                                                                                                                         ; BX               ;                       ;
; nrm_resonance:u1|corr_accum[23]                                                                                                                                                                                                                                                                                                                          ; Duplicated      ; Register Packing                                  ; Timing optimization        ; Q         ;                ; nrm_resonance:u1|corr_accum[23]~_Duplicate_1                                                                                                                                                                                                                                                                                                                       ; Q                ;                       ;
; nrm_resonance:u1|corr_accum[23]~SCLR_LUT                                                                                                                                                                                                                                                                                                                 ; Created         ; Register Packing                                  ; Timing optimization        ;           ;                ;                                                                                                                                                                                                                                                                                                                                                                    ;                  ;                       ;
; jtag_system:u0|jtag_system_master_0:master_0|altera_avalon_packets_to_master:transacto|packets_to_master:p2m|address[2]                                                                                                                                                                                                                                  ; Duplicated      ; Router Logic Cell Insertion and Logic Duplication ; Routability optimization   ;           ;                ; jtag_system:u0|jtag_system_master_0:master_0|altera_avalon_packets_to_master:transacto|packets_to_master:p2m|address[2]~DUPLICATE                                                                                                                                                                                                                                  ;                  ;                       ;
; jtag_system:u0|jtag_system_master_0:master_0|altera_avalon_packets_to_master:transacto|packets_to_master:p2m|counter[1]                                                                                                                                                                                                                                  ; Duplicated      ; Router Logic Cell Insertion and Logic Duplication ; Routability optimization   ;           ;                ; jtag_system:u0|jtag_system_master_0:master_0|altera_avalon_packets_to_master:transacto|packets_to_master:p2m|counter[1]~DUPLICATE                                                                                                                                                                                                                                  ;                  ;                       ;
; jtag_system:u0|jtag_system_master_0:master_0|altera_avalon_packets_to_master:transacto|packets_to_master:p2m|counter[5]                                                                                                                                                                                                                                  ; Duplicated      ; Router Logic Cell Insertion and Logic Duplication ; Routability optimization   ;           ;                ; jtag_system:u0|jtag_system_master_0:master_0|altera_avalon_packets_to_master:transacto|packets_to_master:p2m|counter[5]~DUPLICATE                                                                                                                                                                                                                                  ;                  ;                       ;
; jtag_system:u0|jtag_system_master_0:master_0|altera_avalon_packets_to_master:transacto|packets_to_master:p2m|counter[6]                                                                                                                                                                                                                                  ; Duplicated      ; Router Logic Cell Insertion and Logic Duplication ; Routability optimization   ;           ;                ; jtag_system:u0|jtag_system_master_0:master_0|altera_avalon_packets_to_master:transacto|packets_to_master:p2m|counter[6]~DUPLICATE                                                                                                                                                                                                                                  ;                  ;                       ;
; jtag_system:u0|jtag_system_master_0:master_0|altera_avalon_packets_to_master:transacto|packets_to_master:p2m|counter[8]                                                                                                                                                                                                                                  ; Duplicated      ; Router Logic Cell Insertion and Logic Duplication ; Routability optimization   ;           ;                ; jtag_system:u0|jtag_system_master_0:master_0|altera_avalon_packets_to_master:transacto|packets_to_master:p2m|counter[8]~DUPLICATE                                                                                                                                                                                                                                  ;                  ;                       ;
; jtag_system:u0|jtag_system_master_0:master_0|altera_avalon_packets_to_master:transacto|packets_to_master:p2m|counter[11]                                                                                                                                                                                                                                 ; Duplicated      ; Router Logic Cell Insertion and Logic Duplication ; Routability optimization   ;           ;                ; jtag_system:u0|jtag_system_master_0:master_0|altera_avalon_packets_to_master:transacto|packets_to_master:p2m|counter[11]~DUPLICATE                                                                                                                                                                                                                                 ;                  ;                       ;
; jtag_system:u0|jtag_system_master_0:master_0|altera_avalon_packets_to_master:transacto|packets_to_master:p2m|counter[12]                                                                                                                                                                                                                                 ; Duplicated      ; Router Logic Cell Insertion and Logic Duplication ; Routability optimization   ;           ;                ; jtag_system:u0|jtag_system_master_0:master_0|altera_avalon_packets_to_master:transacto|packets_to_master:p2m|counter[12]~DUPLICATE                                                                                                                                                                                                                                 ;                  ;                       ;
; jtag_system:u0|jtag_system_master_0:master_0|altera_avalon_packets_to_master:transacto|packets_to_master:p2m|current_byte[1]                                                                                                                                                                                                                             ; Duplicated      ; Router Logic Cell Insertion and Logic Duplication ; Routability optimization   ;           ;                ; jtag_system:u0|jtag_system_master_0:master_0|altera_avalon_packets_to_master:transacto|packets_to_master:p2m|current_byte[1]~DUPLICATE                                                                                                                                                                                                                             ;                  ;                       ;
; jtag_system:u0|jtag_system_master_0:master_0|altera_avalon_packets_to_master:transacto|packets_to_master:p2m|out_data[6]                                                                                                                                                                                                                                 ; Duplicated      ; Router Logic Cell Insertion and Logic Duplication ; Routability optimization   ;           ;                ; jtag_system:u0|jtag_system_master_0:master_0|altera_avalon_packets_to_master:transacto|packets_to_master:p2m|out_data[6]~DUPLICATE                                                                                                                                                                                                                                 ;                  ;                       ;
; jtag_system:u0|jtag_system_master_0:master_0|altera_avalon_packets_to_master:transacto|packets_to_master:p2m|out_data[7]                                                                                                                                                                                                                                 ; Duplicated      ; Router Logic Cell Insertion and Logic Duplication ; Routability optimization   ;           ;                ; jtag_system:u0|jtag_system_master_0:master_0|altera_avalon_packets_to_master:transacto|packets_to_master:p2m|out_data[7]~DUPLICATE                                                                                                                                                                                                                                 ;                  ;                       ;
; jtag_system:u0|jtag_system_master_0:master_0|altera_avalon_packets_to_master:transacto|packets_to_master:p2m|out_startofpacket                                                                                                                                                                                                                           ; Duplicated      ; Router Logic Cell Insertion and Logic Duplication ; Routability optimization   ;           ;                ; jtag_system:u0|jtag_system_master_0:master_0|altera_avalon_packets_to_master:transacto|packets_to_master:p2m|out_startofpacket~DUPLICATE                                                                                                                                                                                                                           ;                  ;                       ;
; jtag_system:u0|jtag_system_master_0:master_0|altera_avalon_packets_to_master:transacto|packets_to_master:p2m|state.GET_EXTRA                                                                                                                                                                                                                             ; Duplicated      ; Router Logic Cell Insertion and Logic Duplication ; Routability optimization   ;           ;                ; jtag_system:u0|jtag_system_master_0:master_0|altera_avalon_packets_to_master:transacto|packets_to_master:p2m|state.GET_EXTRA~DUPLICATE                                                                                                                                                                                                                             ;                  ;                       ;
; jtag_system:u0|jtag_system_master_0:master_0|altera_avalon_packets_to_master:transacto|packets_to_master:p2m|state.GET_SIZE2                                                                                                                                                                                                                             ; Duplicated      ; Router Logic Cell Insertion and Logic Duplication ; Routability optimization   ;           ;                ; jtag_system:u0|jtag_system_master_0:master_0|altera_avalon_packets_to_master:transacto|packets_to_master:p2m|state.GET_SIZE2~DUPLICATE                                                                                                                                                                                                                             ;                  ;                       ;
; jtag_system:u0|jtag_system_master_0:master_0|altera_avalon_sc_fifo:fifo|internal_out_valid                                                                                                                                                                                                                                                               ; Duplicated      ; Router Logic Cell Insertion and Logic Duplication ; Routability optimization   ;           ;                ; jtag_system:u0|jtag_system_master_0:master_0|altera_avalon_sc_fifo:fifo|internal_out_valid~DUPLICATE                                                                                                                                                                                                                                                               ;                  ;                       ;
; jtag_system:u0|jtag_system_master_0:master_0|altera_avalon_sc_fifo:fifo|wr_ptr[0]                                                                                                                                                                                                                                                                        ; Duplicated      ; Router Logic Cell Insertion and Logic Duplication ; Routability optimization   ;           ;                ; jtag_system:u0|jtag_system_master_0:master_0|altera_avalon_sc_fifo:fifo|wr_ptr[0]~DUPLICATE                                                                                                                                                                                                                                                                        ;                  ;                       ;
; jtag_system:u0|jtag_system_master_0:master_0|altera_avalon_sc_fifo:fifo|wr_ptr[1]                                                                                                                                                                                                                                                                        ; Duplicated      ; Router Logic Cell Insertion and Logic Duplication ; Routability optimization   ;           ;                ; jtag_system:u0|jtag_system_master_0:master_0|altera_avalon_sc_fifo:fifo|wr_ptr[1]~DUPLICATE                                                                                                                                                                                                                                                                        ;                  ;                       ;
; jtag_system:u0|jtag_system_master_0:master_0|altera_avalon_st_bytes_to_packets:b2p|out_startofpacket                                                                                                                                                                                                                                                     ; Duplicated      ; Router Logic Cell Insertion and Logic Duplication ; Routability optimization   ;           ;                ; jtag_system:u0|jtag_system_master_0:master_0|altera_avalon_st_bytes_to_packets:b2p|out_startofpacket~DUPLICATE                                                                                                                                                                                                                                                     ;                  ;                       ;
; jtag_system:u0|jtag_system_master_0:master_0|altera_avalon_st_jtag_interface:jtag_phy_embedded_in_jtag_master|altera_jtag_dc_streaming:normal.jtag_dc_streaming|altera_avalon_st_clock_crosser:sink_crosser|altera_avalon_st_pipeline_base:output_stage|data1[2]                                                                                         ; Duplicated      ; Router Logic Cell Insertion and Logic Duplication ; Routability optimization   ;           ;                ; jtag_system:u0|jtag_system_master_0:master_0|altera_avalon_st_jtag_interface:jtag_phy_embedded_in_jtag_master|altera_jtag_dc_streaming:normal.jtag_dc_streaming|altera_avalon_st_clock_crosser:sink_crosser|altera_avalon_st_pipeline_base:output_stage|data1[2]~DUPLICATE                                                                                         ;                  ;                       ;
; jtag_system:u0|jtag_system_master_0:master_0|altera_avalon_st_jtag_interface:jtag_phy_embedded_in_jtag_master|altera_jtag_dc_streaming:normal.jtag_dc_streaming|altera_avalon_st_clock_crosser:sink_crosser|altera_avalon_st_pipeline_base:output_stage|data1[3]                                                                                         ; Duplicated      ; Router Logic Cell Insertion and Logic Duplication ; Routability optimization   ;           ;                ; jtag_system:u0|jtag_system_master_0:master_0|altera_avalon_st_jtag_interface:jtag_phy_embedded_in_jtag_master|altera_jtag_dc_streaming:normal.jtag_dc_streaming|altera_avalon_st_clock_crosser:sink_crosser|altera_avalon_st_pipeline_base:output_stage|data1[3]~DUPLICATE                                                                                         ;                  ;                       ;
; jtag_system:u0|jtag_system_master_0:master_0|altera_avalon_st_jtag_interface:jtag_phy_embedded_in_jtag_master|altera_jtag_dc_streaming:normal.jtag_dc_streaming|altera_avalon_st_clock_crosser:sink_crosser|altera_avalon_st_pipeline_base:output_stage|data1[7]                                                                                         ; Duplicated      ; Router Logic Cell Insertion and Logic Duplication ; Routability optimization   ;           ;                ; jtag_system:u0|jtag_system_master_0:master_0|altera_avalon_st_jtag_interface:jtag_phy_embedded_in_jtag_master|altera_jtag_dc_streaming:normal.jtag_dc_streaming|altera_avalon_st_clock_crosser:sink_crosser|altera_avalon_st_pipeline_base:output_stage|data1[7]~DUPLICATE                                                                                         ;                  ;                       ;
; jtag_system:u0|jtag_system_master_0:master_0|altera_avalon_st_jtag_interface:jtag_phy_embedded_in_jtag_master|altera_jtag_dc_streaming:normal.jtag_dc_streaming|altera_avalon_st_clock_crosser:sink_crosser|out_data_toggle_flopped                                                                                                                      ; Duplicated      ; Router Logic Cell Insertion and Logic Duplication ; Routability optimization   ;           ;                ; jtag_system:u0|jtag_system_master_0:master_0|altera_avalon_st_jtag_interface:jtag_phy_embedded_in_jtag_master|altera_jtag_dc_streaming:normal.jtag_dc_streaming|altera_avalon_st_clock_crosser:sink_crosser|out_data_toggle_flopped~DUPLICATE                                                                                                                      ;                  ;                       ;
; jtag_system:u0|jtag_system_master_0:master_0|altera_avalon_st_jtag_interface:jtag_phy_embedded_in_jtag_master|altera_jtag_dc_streaming:normal.jtag_dc_streaming|altera_jtag_streaming:jtag_streaming|bypass_bit_counter[3]                                                                                                                               ; Duplicated      ; Router Logic Cell Insertion and Logic Duplication ; Routability optimization   ;           ;                ; jtag_system:u0|jtag_system_master_0:master_0|altera_avalon_st_jtag_interface:jtag_phy_embedded_in_jtag_master|altera_jtag_dc_streaming:normal.jtag_dc_streaming|altera_jtag_streaming:jtag_streaming|bypass_bit_counter[3]~DUPLICATE                                                                                                                               ;                  ;                       ;
; jtag_system:u0|jtag_system_master_0:master_0|altera_avalon_st_jtag_interface:jtag_phy_embedded_in_jtag_master|altera_jtag_dc_streaming:normal.jtag_dc_streaming|altera_jtag_streaming:jtag_streaming|clock_to_sample_div2                                                                                                                                ; Duplicated      ; Router Logic Cell Insertion and Logic Duplication ; Routability optimization   ;           ;                ; jtag_system:u0|jtag_system_master_0:master_0|altera_avalon_st_jtag_interface:jtag_phy_embedded_in_jtag_master|altera_jtag_dc_streaming:normal.jtag_dc_streaming|altera_jtag_streaming:jtag_streaming|clock_to_sample_div2~DUPLICATE                                                                                                                                ;                  ;                       ;
; jtag_system:u0|jtag_system_master_0:master_0|altera_avalon_st_jtag_interface:jtag_phy_embedded_in_jtag_master|altera_jtag_dc_streaming:normal.jtag_dc_streaming|altera_jtag_streaming:jtag_streaming|header_in_bit_counter[0]                                                                                                                            ; Duplicated      ; Router Logic Cell Insertion and Logic Duplication ; Routability optimization   ;           ;                ; jtag_system:u0|jtag_system_master_0:master_0|altera_avalon_st_jtag_interface:jtag_phy_embedded_in_jtag_master|altera_jtag_dc_streaming:normal.jtag_dc_streaming|altera_jtag_streaming:jtag_streaming|header_in_bit_counter[0]~DUPLICATE                                                                                                                            ;                  ;                       ;
; jtag_system:u0|jtag_system_master_0:master_0|altera_avalon_st_jtag_interface:jtag_phy_embedded_in_jtag_master|altera_jtag_dc_streaming:normal.jtag_dc_streaming|altera_jtag_streaming:jtag_streaming|header_in_bit_counter[2]                                                                                                                            ; Duplicated      ; Router Logic Cell Insertion and Logic Duplication ; Routability optimization   ;           ;                ; jtag_system:u0|jtag_system_master_0:master_0|altera_avalon_st_jtag_interface:jtag_phy_embedded_in_jtag_master|altera_jtag_dc_streaming:normal.jtag_dc_streaming|altera_jtag_streaming:jtag_streaming|header_in_bit_counter[2]~DUPLICATE                                                                                                                            ;                  ;                       ;
; jtag_system:u0|jtag_system_master_0:master_0|altera_avalon_st_jtag_interface:jtag_phy_embedded_in_jtag_master|altera_jtag_dc_streaming:normal.jtag_dc_streaming|altera_jtag_streaming:jtag_streaming|header_out_bit_counter[0]                                                                                                                           ; Duplicated      ; Router Logic Cell Insertion and Logic Duplication ; Routability optimization   ;           ;                ; jtag_system:u0|jtag_system_master_0:master_0|altera_avalon_st_jtag_interface:jtag_phy_embedded_in_jtag_master|altera_jtag_dc_streaming:normal.jtag_dc_streaming|altera_jtag_streaming:jtag_streaming|header_out_bit_counter[0]~DUPLICATE                                                                                                                           ;                  ;                       ;
; jtag_system:u0|jtag_system_master_0:master_0|altera_avalon_st_jtag_interface:jtag_phy_embedded_in_jtag_master|altera_jtag_dc_streaming:normal.jtag_dc_streaming|altera_jtag_streaming:jtag_streaming|idle_remover_sink_data[0]                                                                                                                           ; Duplicated      ; Router Logic Cell Insertion and Logic Duplication ; Routability optimization   ;           ;                ; jtag_system:u0|jtag_system_master_0:master_0|altera_avalon_st_jtag_interface:jtag_phy_embedded_in_jtag_master|altera_jtag_dc_streaming:normal.jtag_dc_streaming|altera_jtag_streaming:jtag_streaming|idle_remover_sink_data[0]~DUPLICATE                                                                                                                           ;                  ;                       ;
; jtag_system:u0|jtag_system_master_0:master_0|altera_avalon_st_jtag_interface:jtag_phy_embedded_in_jtag_master|altera_jtag_dc_streaming:normal.jtag_dc_streaming|altera_jtag_streaming:jtag_streaming|idle_remover_sink_data[1]                                                                                                                           ; Duplicated      ; Router Logic Cell Insertion and Logic Duplication ; Routability optimization   ;           ;                ; jtag_system:u0|jtag_system_master_0:master_0|altera_avalon_st_jtag_interface:jtag_phy_embedded_in_jtag_master|altera_jtag_dc_streaming:normal.jtag_dc_streaming|altera_jtag_streaming:jtag_streaming|idle_remover_sink_data[1]~DUPLICATE                                                                                                                           ;                  ;                       ;
; jtag_system:u0|jtag_system_master_0:master_0|altera_avalon_st_jtag_interface:jtag_phy_embedded_in_jtag_master|altera_jtag_dc_streaming:normal.jtag_dc_streaming|altera_jtag_streaming:jtag_streaming|offset[0]                                                                                                                                           ; Duplicated      ; Router Logic Cell Insertion and Logic Duplication ; Routability optimization   ;           ;                ; jtag_system:u0|jtag_system_master_0:master_0|altera_avalon_st_jtag_interface:jtag_phy_embedded_in_jtag_master|altera_jtag_dc_streaming:normal.jtag_dc_streaming|altera_jtag_streaming:jtag_streaming|offset[0]~DUPLICATE                                                                                                                                           ;                  ;                       ;
; jtag_system:u0|jtag_system_master_0:master_0|altera_avalon_st_jtag_interface:jtag_phy_embedded_in_jtag_master|altera_jtag_dc_streaming:normal.jtag_dc_streaming|altera_jtag_streaming:jtag_streaming|read_data_bit_counter[0]                                                                                                                            ; Duplicated      ; Router Logic Cell Insertion and Logic Duplication ; Routability optimization   ;           ;                ; jtag_system:u0|jtag_system_master_0:master_0|altera_avalon_st_jtag_interface:jtag_phy_embedded_in_jtag_master|altera_jtag_dc_streaming:normal.jtag_dc_streaming|altera_jtag_streaming:jtag_streaming|read_data_bit_counter[0]~DUPLICATE                                                                                                                            ;                  ;                       ;
; jtag_system:u0|jtag_system_master_0:master_0|altera_avalon_st_jtag_interface:jtag_phy_embedded_in_jtag_master|altera_jtag_dc_streaming:normal.jtag_dc_streaming|altera_jtag_streaming:jtag_streaming|scan_length[0]                                                                                                                                      ; Duplicated      ; Router Logic Cell Insertion and Logic Duplication ; Routability optimization   ;           ;                ; jtag_system:u0|jtag_system_master_0:master_0|altera_avalon_st_jtag_interface:jtag_phy_embedded_in_jtag_master|altera_jtag_dc_streaming:normal.jtag_dc_streaming|altera_jtag_streaming:jtag_streaming|scan_length[0]~DUPLICATE                                                                                                                                      ;                  ;                       ;
; jtag_system:u0|jtag_system_master_0:master_0|altera_avalon_st_jtag_interface:jtag_phy_embedded_in_jtag_master|altera_jtag_dc_streaming:normal.jtag_dc_streaming|altera_jtag_streaming:jtag_streaming|scan_length_byte_counter[1]                                                                                                                         ; Duplicated      ; Router Logic Cell Insertion and Logic Duplication ; Routability optimization   ;           ;                ; jtag_system:u0|jtag_system_master_0:master_0|altera_avalon_st_jtag_interface:jtag_phy_embedded_in_jtag_master|altera_jtag_dc_streaming:normal.jtag_dc_streaming|altera_jtag_streaming:jtag_streaming|scan_length_byte_counter[1]~DUPLICATE                                                                                                                         ;                  ;                       ;
; jtag_system:u0|jtag_system_master_0:master_0|altera_avalon_st_jtag_interface:jtag_phy_embedded_in_jtag_master|altera_jtag_dc_streaming:normal.jtag_dc_streaming|altera_jtag_streaming:jtag_streaming|scan_length_byte_counter[9]                                                                                                                         ; Duplicated      ; Router Logic Cell Insertion and Logic Duplication ; Routability optimization   ;           ;                ; jtag_system:u0|jtag_system_master_0:master_0|altera_avalon_st_jtag_interface:jtag_phy_embedded_in_jtag_master|altera_jtag_dc_streaming:normal.jtag_dc_streaming|altera_jtag_streaming:jtag_streaming|scan_length_byte_counter[9]~DUPLICATE                                                                                                                         ;                  ;                       ;
; jtag_system:u0|jtag_system_master_0:master_0|altera_avalon_st_jtag_interface:jtag_phy_embedded_in_jtag_master|altera_jtag_dc_streaming:normal.jtag_dc_streaming|altera_jtag_streaming:jtag_streaming|scan_length_byte_counter[12]                                                                                                                        ; Duplicated      ; Router Logic Cell Insertion and Logic Duplication ; Routability optimization   ;           ;                ; jtag_system:u0|jtag_system_master_0:master_0|altera_avalon_st_jtag_interface:jtag_phy_embedded_in_jtag_master|altera_jtag_dc_streaming:normal.jtag_dc_streaming|altera_jtag_streaming:jtag_streaming|scan_length_byte_counter[12]~DUPLICATE                                                                                                                        ;                  ;                       ;
; jtag_system:u0|jtag_system_master_0:master_0|altera_avalon_st_jtag_interface:jtag_phy_embedded_in_jtag_master|altera_jtag_dc_streaming:normal.jtag_dc_streaming|altera_jtag_streaming:jtag_streaming|scan_length_byte_counter[17]                                                                                                                        ; Duplicated      ; Router Logic Cell Insertion and Logic Duplication ; Routability optimization   ;           ;                ; jtag_system:u0|jtag_system_master_0:master_0|altera_avalon_st_jtag_interface:jtag_phy_embedded_in_jtag_master|altera_jtag_dc_streaming:normal.jtag_dc_streaming|altera_jtag_streaming:jtag_streaming|scan_length_byte_counter[17]~DUPLICATE                                                                                                                        ;                  ;                       ;
; jtag_system:u0|jtag_system_master_0:master_0|altera_avalon_st_jtag_interface:jtag_phy_embedded_in_jtag_master|altera_jtag_dc_streaming:normal.jtag_dc_streaming|altera_jtag_streaming:jtag_streaming|valid_write_data_length_byte_counter[0]                                                                                                             ; Duplicated      ; Router Logic Cell Insertion and Logic Duplication ; Routability optimization   ;           ;                ; jtag_system:u0|jtag_system_master_0:master_0|altera_avalon_st_jtag_interface:jtag_phy_embedded_in_jtag_master|altera_jtag_dc_streaming:normal.jtag_dc_streaming|altera_jtag_streaming:jtag_streaming|valid_write_data_length_byte_counter[0]~DUPLICATE                                                                                                             ;                  ;                       ;
; jtag_system:u0|jtag_system_master_0:master_0|altera_avalon_st_jtag_interface:jtag_phy_embedded_in_jtag_master|altera_jtag_dc_streaming:normal.jtag_dc_streaming|altera_jtag_streaming:jtag_streaming|valid_write_data_length_byte_counter[1]                                                                                                             ; Duplicated      ; Router Logic Cell Insertion and Logic Duplication ; Routability optimization   ;           ;                ; jtag_system:u0|jtag_system_master_0:master_0|altera_avalon_st_jtag_interface:jtag_phy_embedded_in_jtag_master|altera_jtag_dc_streaming:normal.jtag_dc_streaming|altera_jtag_streaming:jtag_streaming|valid_write_data_length_byte_counter[1]~DUPLICATE                                                                                                             ;                  ;                       ;
; jtag_system:u0|jtag_system_master_0:master_0|altera_avalon_st_jtag_interface:jtag_phy_embedded_in_jtag_master|altera_jtag_dc_streaming:normal.jtag_dc_streaming|altera_jtag_streaming:jtag_streaming|valid_write_data_length_byte_counter[3]                                                                                                             ; Duplicated      ; Router Logic Cell Insertion and Logic Duplication ; Routability optimization   ;           ;                ; jtag_system:u0|jtag_system_master_0:master_0|altera_avalon_st_jtag_interface:jtag_phy_embedded_in_jtag_master|altera_jtag_dc_streaming:normal.jtag_dc_streaming|altera_jtag_streaming:jtag_streaming|valid_write_data_length_byte_counter[3]~DUPLICATE                                                                                                             ;                  ;                       ;
; jtag_system:u0|jtag_system_master_0:master_0|altera_avalon_st_jtag_interface:jtag_phy_embedded_in_jtag_master|altera_jtag_dc_streaming:normal.jtag_dc_streaming|altera_jtag_streaming:jtag_streaming|valid_write_data_length_byte_counter[7]                                                                                                             ; Duplicated      ; Router Logic Cell Insertion and Logic Duplication ; Routability optimization   ;           ;                ; jtag_system:u0|jtag_system_master_0:master_0|altera_avalon_st_jtag_interface:jtag_phy_embedded_in_jtag_master|altera_jtag_dc_streaming:normal.jtag_dc_streaming|altera_jtag_streaming:jtag_streaming|valid_write_data_length_byte_counter[7]~DUPLICATE                                                                                                             ;                  ;                       ;
; jtag_system:u0|jtag_system_master_0:master_0|altera_avalon_st_jtag_interface:jtag_phy_embedded_in_jtag_master|altera_jtag_dc_streaming:normal.jtag_dc_streaming|altera_jtag_streaming:jtag_streaming|valid_write_data_length_byte_counter[13]                                                                                                            ; Duplicated      ; Router Logic Cell Insertion and Logic Duplication ; Routability optimization   ;           ;                ; jtag_system:u0|jtag_system_master_0:master_0|altera_avalon_st_jtag_interface:jtag_phy_embedded_in_jtag_master|altera_jtag_dc_streaming:normal.jtag_dc_streaming|altera_jtag_streaming:jtag_streaming|valid_write_data_length_byte_counter[13]~DUPLICATE                                                                                                            ;                  ;                       ;
; jtag_system:u0|jtag_system_master_0:master_0|altera_avalon_st_jtag_interface:jtag_phy_embedded_in_jtag_master|altera_jtag_dc_streaming:normal.jtag_dc_streaming|altera_jtag_streaming:jtag_streaming|valid_write_data_length_byte_counter[18]                                                                                                            ; Duplicated      ; Router Logic Cell Insertion and Logic Duplication ; Routability optimization   ;           ;                ; jtag_system:u0|jtag_system_master_0:master_0|altera_avalon_st_jtag_interface:jtag_phy_embedded_in_jtag_master|altera_jtag_dc_streaming:normal.jtag_dc_streaming|altera_jtag_streaming:jtag_streaming|valid_write_data_length_byte_counter[18]~DUPLICATE                                                                                                            ;                  ;                       ;
; jtag_system:u0|jtag_system_master_0:master_0|altera_avalon_st_jtag_interface:jtag_phy_embedded_in_jtag_master|altera_jtag_dc_streaming:normal.jtag_dc_streaming|altera_jtag_streaming:jtag_streaming|write_data_bit_counter[0]                                                                                                                           ; Duplicated      ; Router Logic Cell Insertion and Logic Duplication ; Routability optimization   ;           ;                ; jtag_system:u0|jtag_system_master_0:master_0|altera_avalon_st_jtag_interface:jtag_phy_embedded_in_jtag_master|altera_jtag_dc_streaming:normal.jtag_dc_streaming|altera_jtag_streaming:jtag_streaming|write_data_bit_counter[0]~DUPLICATE                                                                                                                           ;                  ;                       ;
; jtag_system:u0|jtag_system_master_0:master_0|altera_avalon_st_jtag_interface:jtag_phy_embedded_in_jtag_master|altera_jtag_dc_streaming:normal.jtag_dc_streaming|altera_jtag_streaming:jtag_streaming|write_data_bit_counter[1]                                                                                                                           ; Duplicated      ; Router Logic Cell Insertion and Logic Duplication ; Routability optimization   ;           ;                ; jtag_system:u0|jtag_system_master_0:master_0|altera_avalon_st_jtag_interface:jtag_phy_embedded_in_jtag_master|altera_jtag_dc_streaming:normal.jtag_dc_streaming|altera_jtag_streaming:jtag_streaming|write_data_bit_counter[1]~DUPLICATE                                                                                                                           ;                  ;                       ;
; jtag_system:u0|jtag_system_master_0:master_0|altera_avalon_st_jtag_interface:jtag_phy_embedded_in_jtag_master|altera_jtag_dc_streaming:normal.jtag_dc_streaming|altera_jtag_streaming:jtag_streaming|write_data_bit_counter[2]                                                                                                                           ; Duplicated      ; Router Logic Cell Insertion and Logic Duplication ; Routability optimization   ;           ;                ; jtag_system:u0|jtag_system_master_0:master_0|altera_avalon_st_jtag_interface:jtag_phy_embedded_in_jtag_master|altera_jtag_dc_streaming:normal.jtag_dc_streaming|altera_jtag_streaming:jtag_streaming|write_data_bit_counter[2]~DUPLICATE                                                                                                                           ;                  ;                       ;
; jtag_system:u0|jtag_system_master_0:master_0|altera_avalon_st_packets_to_bytes:p2b|sent_sop                                                                                                                                                                                                                                                              ; Duplicated      ; Router Logic Cell Insertion and Logic Duplication ; Routability optimization   ;           ;                ; jtag_system:u0|jtag_system_master_0:master_0|altera_avalon_st_packets_to_bytes:p2b|sent_sop~DUPLICATE                                                                                                                                                                                                                                                              ;                  ;                       ;
; jtag_system:u0|jtag_system_mm_interconnect_0:mm_interconnect_0|altera_merlin_slave_translator:pio_injection_s1_translator|wait_latency_counter[1]                                                                                                                                                                                                        ; Duplicated      ; Router Logic Cell Insertion and Logic Duplication ; Routability optimization   ;           ;                ; jtag_system:u0|jtag_system_mm_interconnect_0:mm_interconnect_0|altera_merlin_slave_translator:pio_injection_s1_translator|wait_latency_counter[1]~DUPLICATE                                                                                                                                                                                                        ;                  ;                       ;
; jtag_system:u0|jtag_system_mm_interconnect_0:mm_interconnect_0|altera_merlin_slave_translator:pio_injection_s1_translator|waitrequest_reset_override                                                                                                                                                                                                     ; Duplicated      ; Router Logic Cell Insertion and Logic Duplication ; Routability optimization   ;           ;                ; jtag_system:u0|jtag_system_mm_interconnect_0:mm_interconnect_0|altera_merlin_slave_translator:pio_injection_s1_translator|waitrequest_reset_override~DUPLICATE                                                                                                                                                                                                     ;                  ;                       ;
; jtag_system:u0|jtag_system_pio_injection:pio_injection|data_out[1]                                                                                                                                                                                                                                                                                       ; Duplicated      ; Router Logic Cell Insertion and Logic Duplication ; Routability optimization   ;           ;                ; jtag_system:u0|jtag_system_pio_injection:pio_injection|data_out[1]~DUPLICATE                                                                                                                                                                                                                                                                                       ;                  ;                       ;
; jtag_system:u0|jtag_system_pio_injection:pio_injection|data_out[3]                                                                                                                                                                                                                                                                                       ; Duplicated      ; Router Logic Cell Insertion and Logic Duplication ; Routability optimization   ;           ;                ; jtag_system:u0|jtag_system_pio_injection:pio_injection|data_out[3]~DUPLICATE                                                                                                                                                                                                                                                                                       ;                  ;                       ;
; jtag_system:u0|jtag_system_pio_injection:pio_injection|data_out[6]                                                                                                                                                                                                                                                                                       ; Duplicated      ; Router Logic Cell Insertion and Logic Duplication ; Routability optimization   ;           ;                ; jtag_system:u0|jtag_system_pio_injection:pio_injection|data_out[6]~DUPLICATE                                                                                                                                                                                                                                                                                       ;                  ;                       ;
; jtag_system:u0|jtag_system_pio_injection:pio_injection|data_out[10]                                                                                                                                                                                                                                                                                      ; Duplicated      ; Router Logic Cell Insertion and Logic Duplication ; Routability optimization   ;           ;                ; jtag_system:u0|jtag_system_pio_injection:pio_injection|data_out[10]~DUPLICATE                                                                                                                                                                                                                                                                                      ;                  ;                       ;
; jtag_system:u0|jtag_system_pio_injection:pio_injection|data_out[15]                                                                                                                                                                                                                                                                                      ; Duplicated      ; Router Logic Cell Insertion and Logic Duplication ; Routability optimization   ;           ;                ; jtag_system:u0|jtag_system_pio_injection:pio_injection|data_out[15]~DUPLICATE                                                                                                                                                                                                                                                                                      ;                  ;                       ;
; jtag_system:u0|jtag_system_pio_injection:pio_injection|data_out[26]                                                                                                                                                                                                                                                                                      ; Duplicated      ; Router Logic Cell Insertion and Logic Duplication ; Routability optimization   ;           ;                ; jtag_system:u0|jtag_system_pio_injection:pio_injection|data_out[26]~DUPLICATE                                                                                                                                                                                                                                                                                      ;                  ;                       ;
; nrm_resonance:u1|auto_corr[8]                                                                                                                                                                                                                                                                                                                            ; Duplicated      ; Router Logic Cell Insertion and Logic Duplication ; Routability optimization   ;           ;                ; nrm_resonance:u1|auto_corr[8]~DUPLICATE                                                                                                                                                                                                                                                                                                                            ;                  ;                       ;
; nrm_resonance:u1|auto_corr[9]                                                                                                                                                                                                                                                                                                                            ; Duplicated      ; Router Logic Cell Insertion and Logic Duplication ; Routability optimization   ;           ;                ; nrm_resonance:u1|auto_corr[9]~DUPLICATE                                                                                                                                                                                                                                                                                                                            ;                  ;                       ;
; nrm_resonance:u1|auto_corr[10]                                                                                                                                                                                                                                                                                                                           ; Duplicated      ; Router Logic Cell Insertion and Logic Duplication ; Routability optimization   ;           ;                ; nrm_resonance:u1|auto_corr[10]~DUPLICATE                                                                                                                                                                                                                                                                                                                           ;                  ;                       ;
; nrm_resonance:u1|auto_corr[11]                                                                                                                                                                                                                                                                                                                           ; Duplicated      ; Router Logic Cell Insertion and Logic Duplication ; Routability optimization   ;           ;                ; nrm_resonance:u1|auto_corr[11]~DUPLICATE                                                                                                                                                                                                                                                                                                                           ;                  ;                       ;
; nrm_resonance:u1|auto_corr[14]                                                                                                                                                                                                                                                                                                                           ; Duplicated      ; Router Logic Cell Insertion and Logic Duplication ; Routability optimization   ;           ;                ; nrm_resonance:u1|auto_corr[14]~DUPLICATE                                                                                                                                                                                                                                                                                                                           ;                  ;                       ;
; nrm_resonance:u1|auto_corr[16]                                                                                                                                                                                                                                                                                                                           ; Duplicated      ; Router Logic Cell Insertion and Logic Duplication ; Routability optimization   ;           ;                ; nrm_resonance:u1|auto_corr[16]~DUPLICATE                                                                                                                                                                                                                                                                                                                           ;                  ;                       ;
; nrm_resonance:u1|auto_corr[19]                                                                                                                                                                                                                                                                                                                           ; Duplicated      ; Router Logic Cell Insertion and Logic Duplication ; Routability optimization   ;           ;                ; nrm_resonance:u1|auto_corr[19]~DUPLICATE                                                                                                                                                                                                                                                                                                                           ;                  ;                       ;
; nrm_resonance:u1|auto_corr[21]                                                                                                                                                                                                                                                                                                                           ; Duplicated      ; Router Logic Cell Insertion and Logic Duplication ; Routability optimization   ;           ;                ; nrm_resonance:u1|auto_corr[21]~DUPLICATE                                                                                                                                                                                                                                                                                                                           ;                  ;                       ;
; nrm_resonance:u1|clk_divider[13]                                                                                                                                                                                                                                                                                                                         ; Duplicated      ; Router Logic Cell Insertion and Logic Duplication ; Routability optimization   ;           ;                ; nrm_resonance:u1|clk_divider[13]~DUPLICATE                                                                                                                                                                                                                                                                                                                         ;                  ;                       ;
; nrm_resonance:u1|corr_idx[1]                                                                                                                                                                                                                                                                                                                             ; Duplicated      ; Router Logic Cell Insertion and Logic Duplication ; Routability optimization   ;           ;                ; nrm_resonance:u1|corr_idx[1]~DUPLICATE                                                                                                                                                                                                                                                                                                                             ;                  ;                       ;
; nrm_resonance:u1|corr_idx[3]                                                                                                                                                                                                                                                                                                                             ; Duplicated      ; Router Logic Cell Insertion and Logic Duplication ; Routability optimization   ;           ;                ; nrm_resonance:u1|corr_idx[3]~DUPLICATE                                                                                                                                                                                                                                                                                                                             ;                  ;                       ;
; nrm_resonance:u1|lfsr[1]                                                                                                                                                                                                                                                                                                                                 ; Duplicated      ; Router Logic Cell Insertion and Logic Duplication ; Routability optimization   ;           ;                ; nrm_resonance:u1|lfsr[1]~DUPLICATE                                                                                                                                                                                                                                                                                                                                 ;                  ;                       ;
; nrm_resonance:u1|resonance_strength[7]                                                                                                                                                                                                                                                                                                                   ; Duplicated      ; Router Logic Cell Insertion and Logic Duplication ; Routability optimization   ;           ;                ; nrm_resonance:u1|resonance_strength[7]~DUPLICATE                                                                                                                                                                                                                                                                                                                   ;                  ;                       ;
; nrm_resonance:u1|resonance_strength[12]                                                                                                                                                                                                                                                                                                                  ; Duplicated      ; Router Logic Cell Insertion and Logic Duplication ; Routability optimization   ;           ;                ; nrm_resonance:u1|resonance_strength[12]~DUPLICATE                                                                                                                                                                                                                                                                                                                  ;                  ;                       ;
; nrm_resonance:u1|resonance_strength[15]                                                                                                                                                                                                                                                                                                                  ; Duplicated      ; Router Logic Cell Insertion and Logic Duplication ; Routability optimization   ;           ;                ; nrm_resonance:u1|resonance_strength[15]~DUPLICATE                                                                                                                                                                                                                                                                                                                  ;                  ;                       ;
; nrm_resonance:u1|window_ptr[2]                                                                                                                                                                                                                                                                                                                           ; Duplicated      ; Router Logic Cell Insertion and Logic Duplication ; Routability optimization   ;           ;                ; nrm_resonance:u1|window_ptr[2]~DUPLICATE                                                                                                                                                                                                                                                                                                                           ;                  ;                       ;
; sld_hub:auto_hub|alt_sld_fab_with_jtag_input:\instrumentation_fabric_with_node_gen:fabric_gen_new_way:with_jtag_input_gen:instrumentation_fabric|alt_sld_fab:instrumentation_fabric|alt_sld_fab_alt_sld_fab:alt_sld_fab|alt_sld_fab_alt_sld_fab_sldfabric:sldfabric|sld_jtag_hub:\jtag_hub_gen:real_sld_jtag_hub|jtag_ir_reg[6]                          ; Duplicated      ; Router Logic Cell Insertion and Logic Duplication ; Routability optimization   ;           ;                ; sld_hub:auto_hub|alt_sld_fab_with_jtag_input:\instrumentation_fabric_with_node_gen:fabric_gen_new_way:with_jtag_input_gen:instrumentation_fabric|alt_sld_fab:instrumentation_fabric|alt_sld_fab_alt_sld_fab:alt_sld_fab|alt_sld_fab_alt_sld_fab_sldfabric:sldfabric|sld_jtag_hub:\jtag_hub_gen:real_sld_jtag_hub|jtag_ir_reg[6]~DUPLICATE                          ;                  ;                       ;
; sld_hub:auto_hub|alt_sld_fab_with_jtag_input:\instrumentation_fabric_with_node_gen:fabric_gen_new_way:with_jtag_input_gen:instrumentation_fabric|alt_sld_fab:instrumentation_fabric|alt_sld_fab_alt_sld_fab:alt_sld_fab|alt_sld_fab_alt_sld_fab_sldfabric:sldfabric|sld_jtag_hub:\jtag_hub_gen:real_sld_jtag_hub|mixer_addr_reg_internal[2]              ; Duplicated      ; Router Logic Cell Insertion and Logic Duplication ; Routability optimization   ;           ;                ; sld_hub:auto_hub|alt_sld_fab_with_jtag_input:\instrumentation_fabric_with_node_gen:fabric_gen_new_way:with_jtag_input_gen:instrumentation_fabric|alt_sld_fab:instrumentation_fabric|alt_sld_fab_alt_sld_fab:alt_sld_fab|alt_sld_fab_alt_sld_fab_sldfabric:sldfabric|sld_jtag_hub:\jtag_hub_gen:real_sld_jtag_hub|mixer_addr_reg_internal[2]~DUPLICATE              ;                  ;                       ;
; sld_hub:auto_hub|alt_sld_fab_with_jtag_input:\instrumentation_fabric_with_node_gen:fabric_gen_new_way:with_jtag_input_gen:instrumentation_fabric|alt_sld_fab:instrumentation_fabric|alt_sld_fab_alt_sld_fab:alt_sld_fab|alt_sld_fab_alt_sld_fab_sldfabric:sldfabric|sld_jtag_hub:\jtag_hub_gen:real_sld_jtag_hub|sld_rom_sr:hub_info_reg|word_counter[1] ; Duplicated      ; Router Logic Cell Insertion and Logic Duplication ; Routability optimization   ;           ;                ; sld_hub:auto_hub|alt_sld_fab_with_jtag_input:\instrumentation_fabric_with_node_gen:fabric_gen_new_way:with_jtag_input_gen:instrumentation_fabric|alt_sld_fab:instrumentation_fabric|alt_sld_fab_alt_sld_fab:alt_sld_fab|alt_sld_fab_alt_sld_fab_sldfabric:sldfabric|sld_jtag_hub:\jtag_hub_gen:real_sld_jtag_hub|sld_rom_sr:hub_info_reg|word_counter[1]~DUPLICATE ;                  ;                       ;
; sld_hub:auto_hub|alt_sld_fab_with_jtag_input:\instrumentation_fabric_with_node_gen:fabric_gen_new_way:with_jtag_input_gen:instrumentation_fabric|alt_sld_fab:instrumentation_fabric|alt_sld_fab_alt_sld_fab:alt_sld_fab|alt_sld_fab_alt_sld_fab_sldfabric:sldfabric|sld_jtag_hub:\jtag_hub_gen:real_sld_jtag_hub|sld_rom_sr:hub_info_reg|word_counter[3] ; Duplicated      ; Router Logic Cell Insertion and Logic Duplication ; Routability optimization   ;           ;                ; sld_hub:auto_hub|alt_sld_fab_with_jtag_input:\instrumentation_fabric_with_node_gen:fabric_gen_new_way:with_jtag_input_gen:instrumentation_fabric|alt_sld_fab:instrumentation_fabric|alt_sld_fab_alt_sld_fab:alt_sld_fab|alt_sld_fab_alt_sld_fab_sldfabric:sldfabric|sld_jtag_hub:\jtag_hub_gen:real_sld_jtag_hub|sld_rom_sr:hub_info_reg|word_counter[3]~DUPLICATE ;                  ;                       ;
+----------------------------------------------------------------------------------------------------------------------------------------------------------------------------------------------------------------------------------------------------------------------------------------------------------------------------------------------------------+-----------------+---------------------------------------------------+----------------------------+-----------+----------------+--------------------------------------------------------------------------------------------------------------------------------------------------------------------------------------------------------------------------------------------------------------------------------------------------------------------------------------------------------------------+------------------+-----------------------+


+---------------------------------------------------------------------------------------------------+
; Incremental Compilation Preservation Summary                                                      ;
+---------------------+---------------------+----------------------------+--------------------------+
; Type                ; Total [A + B]       ; From Design Partitions [A] ; From Rapid Recompile [B] ;
+---------------------+---------------------+----------------------------+--------------------------+
; Placement (by node) ;                     ;                            ;                          ;
;     -- Requested    ; 0.00 % ( 0 / 2391 ) ; 0.00 % ( 0 / 2391 )        ; 0.00 % ( 0 / 2391 )      ;
;     -- Achieved     ; 0.00 % ( 0 / 2391 ) ; 0.00 % ( 0 / 2391 )        ; 0.00 % ( 0 / 2391 )      ;
;                     ;                     ;                            ;                          ;
; Routing (by net)    ;                     ;                            ;                          ;
;     -- Requested    ; 0.00 % ( 0 / 0 )    ; 0.00 % ( 0 / 0 )           ; 0.00 % ( 0 / 0 )         ;
;     -- Achieved     ; 0.00 % ( 0 / 0 )    ; 0.00 % ( 0 / 0 )           ; 0.00 % ( 0 / 0 )         ;
+---------------------+---------------------+----------------------------+--------------------------+


+----------------------------------------------------------------------------------------------------------------------------------------------------------------------------------------+
; Incremental Compilation Partition Settings                                                                                                                                             ;
+--------------------------------+----------------+-------------------+-------------------------+------------------------+------------------------------+--------------------------------+
; Partition Name                 ; Partition Type ; Netlist Type Used ; Preservation Level Used ; Netlist Type Requested ; Preservation Level Requested ; Contents                       ;
+--------------------------------+----------------+-------------------+-------------------------+------------------------+------------------------------+--------------------------------+
; Top                            ; User-created   ; Source File       ; N/A                     ; Source File            ; N/A                          ;                                ;
; sld_hub:auto_hub               ; Auto-generated ; Post-Synthesis    ; N/A                     ; Post-Synthesis         ; N/A                          ; sld_hub:auto_hub               ;
; hard_block:auto_generated_inst ; Auto-generated ; Source File       ; N/A                     ; Source File            ; N/A                          ; hard_block:auto_generated_inst ;
+--------------------------------+----------------+-------------------+-------------------------+------------------------+------------------------------+--------------------------------+


+------------------------------------------------------------------------------------------------------------------------------------+
; Incremental Compilation Placement Preservation                                                                                     ;
+--------------------------------+-----------------------+-------------------------+-------------------+---------------------+-------+
; Partition Name                 ; Preservation Achieved ; Preservation Level Used ; Netlist Type Used ; Preservation Method ; Notes ;
+--------------------------------+-----------------------+-------------------------+-------------------+---------------------+-------+
; Top                            ; 0.00 % ( 0 / 2212 )   ; N/A                     ; Source File       ; N/A                 ;       ;
; sld_hub:auto_hub               ; 0.00 % ( 0 / 170 )    ; N/A                     ; Post-Synthesis    ; N/A                 ;       ;
; hard_block:auto_generated_inst ; 0.00 % ( 0 / 9 )      ; N/A                     ; Source File       ; N/A                 ;       ;
+--------------------------------+-----------------------+-------------------------+-------------------+---------------------+-------+


+--------------+
; Pin-Out File ;
+--------------+
The pin-out file can be found in /media/helios/DUALITY-GUARDIAN/DUALITY-ZERO-V2/fpga/de10-nano/projects/nrm_resonance/output_files/nrm_resonance.pin.


+---------------------------------------------------------------------------------------------+
; Fitter Resource Usage Summary                                                               ;
+-------------------------------------------------------------+-----------------------+-------+
; Resource                                                    ; Usage                 ; %     ;
+-------------------------------------------------------------+-----------------------+-------+
; Logic utilization (ALMs needed / total ALMs on device)      ; 751 / 41,910          ; 2 %   ;
; ALMs needed [=A-B+C]                                        ; 751                   ;       ;
;     [A] ALMs used in final placement [=a+b+c+d]             ; 954 / 41,910          ; 2 %   ;
;         [a] ALMs used for LUT logic and registers           ; 280                   ;       ;
;         [b] ALMs used for LUT logic                         ; 367                   ;       ;
;         [c] ALMs used for registers                         ; 307                   ;       ;
;         [d] ALMs used for memory (up to half of total ALMs) ; 0                     ;       ;
;     [B] Estimate of ALMs recoverable by dense packing       ; 203 / 41,910          ; < 1 % ;
;     [C] Estimate of ALMs unavailable [=a+b+c+d]             ; 0 / 41,910            ; 0 %   ;
;         [a] Due to location constrained logic               ; 0                     ;       ;
;         [b] Due to LAB-wide signal conflicts                ; 0                     ;       ;
;         [c] Due to LAB input limits                         ; 0                     ;       ;
;         [d] Due to virtual I/Os                             ; 0                     ;       ;
;                                                             ;                       ;       ;
; Difficulty packing design                                   ; Low                   ;       ;
;                                                             ;                       ;       ;
; Total LABs:  partially or completely used                   ; 122 / 4,191           ; 3 %   ;
;     -- Logic LABs                                           ; 122                   ;       ;
;     -- Memory LABs (up to half of total LABs)               ; 0                     ;       ;
;                                                             ;                       ;       ;
; Combinational ALUT usage for logic                          ; 1,058                 ;       ;
;     -- 7 input functions                                    ; 8                     ;       ;
;     -- 6 input functions                                    ; 362                   ;       ;
;     -- 5 input functions                                    ; 137                   ;       ;
;     -- 4 input functions                                    ; 123                   ;       ;
;     -- <=3 input functions                                  ; 428                   ;       ;
; Combinational ALUT usage for route-throughs                 ; 261                   ;       ;
;                                                             ;                       ;       ;
; Dedicated logic registers                                   ; 1,319                 ;       ;
;     -- By type:                                             ;                       ;       ;
;         -- Primary logic registers                          ; 1,173 / 83,820        ; 1 %   ;
;         -- Secondary logic registers                        ; 146 / 83,820          ; < 1 % ;
;     -- By function:                                         ;                       ;       ;
;         -- Design implementation registers                  ; 1,246                 ;       ;
;         -- Routing optimization registers                   ; 73                    ;       ;
;                                                             ;                       ;       ;
; Virtual pins                                                ; 0                     ;       ;
; I/O pins                                                    ; 44 / 314              ; 14 %  ;
;     -- Clock pins                                           ; 1 / 8                 ; 13 %  ;
;     -- Dedicated input pins                                 ; 3 / 21                ; 14 %  ;
;                                                             ;                       ;       ;
; Hard processor system peripheral utilization                ;                       ;       ;
;     -- Boot from FPGA                                       ; 0 / 1 ( 0 % )         ;       ;
;     -- Clock resets                                         ; 0 / 1 ( 0 % )         ;       ;
;     -- Cross trigger                                        ; 0 / 1 ( 0 % )         ;       ;
;     -- S2F AXI                                              ; 0 / 1 ( 0 % )         ;       ;
;     -- F2S AXI                                              ; 0 / 1 ( 0 % )         ;       ;
;     -- AXI Lightweight                                      ; 0 / 1 ( 0 % )         ;       ;
;     -- SDRAM                                                ; 0 / 1 ( 0 % )         ;       ;
;     -- Interrupts                                           ; 0 / 1 ( 0 % )         ;       ;
;     -- JTAG                                                 ; 0 / 1 ( 0 % )         ;       ;
;     -- Loan I/O                                             ; 0 / 1 ( 0 % )         ;       ;
;     -- MPU event standby                                    ; 0 / 1 ( 0 % )         ;       ;
;     -- MPU general purpose                                  ; 0 / 1 ( 0 % )         ;       ;
;     -- STM event                                            ; 0 / 1 ( 0 % )         ;       ;
;     -- TPIU trace                                           ; 0 / 1 ( 0 % )         ;       ;
;     -- DMA                                                  ; 0 / 1 ( 0 % )         ;       ;
;     -- CAN                                                  ; 0 / 2 ( 0 % )         ;       ;
;     -- EMAC                                                 ; 0 / 2 ( 0 % )         ;       ;
;     -- I2C                                                  ; 0 / 4 ( 0 % )         ;       ;
;     -- NAND Flash                                           ; 0 / 1 ( 0 % )         ;       ;
;     -- QSPI                                                 ; 0 / 1 ( 0 % )         ;       ;
;     -- SDMMC                                                ; 0 / 1 ( 0 % )         ;       ;
;     -- SPI Master                                           ; 0 / 2 ( 0 % )         ;       ;
;     -- SPI Slave                                            ; 0 / 2 ( 0 % )         ;       ;
;     -- UART                                                 ; 0 / 2 ( 0 % )         ;       ;
;     -- USB                                                  ; 0 / 2 ( 0 % )         ;       ;
;                                                             ;                       ;       ;
; M10K blocks                                                 ; 1 / 553               ; < 1 % ;
; Total MLAB memory bits                                      ; 0                     ;       ;
; Total block memory bits                                     ; 512 / 5,662,720       ; < 1 % ;
; Total block memory implementation bits                      ; 10,240 / 5,662,720    ; < 1 % ;
;                                                             ;                       ;       ;
; Total DSP Blocks                                            ; 1 / 112               ; < 1 % ;
;                                                             ;                       ;       ;
; Fractional PLLs                                             ; 0 / 6                 ; 0 %   ;
; Global signals                                              ; 2                     ;       ;
;     -- Global clocks                                        ; 2 / 16                ; 13 %  ;
;     -- Quadrant clocks                                      ; 0 / 66                ; 0 %   ;
;     -- Horizontal periphery clocks                          ; 0 / 18                ; 0 %   ;
; SERDES Transmitters                                         ; 0 / 100               ; 0 %   ;
; SERDES Receivers                                            ; 0 / 100               ; 0 %   ;
; JTAGs                                                       ; 1 / 1                 ; 100 % ;
; ASMI blocks                                                 ; 0 / 1                 ; 0 %   ;
; CRC blocks                                                  ; 0 / 1                 ; 0 %   ;
; Remote update blocks                                        ; 0 / 1                 ; 0 %   ;
; Oscillator blocks                                           ; 0 / 1                 ; 0 %   ;
; Impedance control blocks                                    ; 0 / 4                 ; 0 %   ;
; Hard Memory Controllers                                     ; 0 / 1                 ; 0 %   ;
; Average interconnect usage (total/H/V)                      ; 0.6% / 0.6% / 0.5%    ;       ;
; Peak interconnect usage (total/H/V)                         ; 12.8% / 13.1% / 12.1% ;       ;
; Maximum fan-out                                             ; 996                   ;       ;
; Highest non-global fan-out                                  ; 325                   ;       ;
; Total fan-out                                               ; 9720                  ;       ;
; Average fan-out                                             ; 3.55                  ;       ;
+-------------------------------------------------------------+-----------------------+-------+


+---------------------------------------------------------------------------------------------------------------------------------------------+
; Fitter Partition Statistics                                                                                                                 ;
+-------------------------------------------------------------+-----------------------+----------------------+--------------------------------+
; Statistic                                                   ; Top                   ; sld_hub:auto_hub     ; hard_block:auto_generated_inst ;
+-------------------------------------------------------------+-----------------------+----------------------+--------------------------------+
; Logic utilization (ALMs needed / total ALMs on device)      ; 697 / 41910 ( 2 % )   ; 54 / 41910 ( < 1 % ) ; 0 / 41910 ( 0 % )              ;
; ALMs needed [=A-B+C]                                        ; 697                   ; 54                   ; 0                              ;
;     [A] ALMs used in final placement [=a+b+c+d]             ; 890 / 41910 ( 2 % )   ; 65 / 41910 ( < 1 % ) ; 0 / 41910 ( 0 % )              ;
;         [a] ALMs used for LUT logic and registers           ; 256                   ; 24                   ; 0                              ;
;         [b] ALMs used for LUT logic                         ; 342                   ; 26                   ; 0                              ;
;         [c] ALMs used for registers                         ; 292                   ; 15                   ; 0                              ;
;         [d] ALMs used for memory (up to half of total ALMs) ; 0                     ; 0                    ; 0                              ;
;     [B] Estimate of ALMs recoverable by dense packing       ; 193 / 41910 ( < 1 % ) ; 11 / 41910 ( < 1 % ) ; 0 / 41910 ( 0 % )              ;
;     [C] Estimate of ALMs unavailable [=a+b+c+d]             ; 0 / 41910 ( 0 % )     ; 0 / 41910 ( 0 % )    ; 0 / 41910 ( 0 % )              ;
;         [a] Due to location constrained logic               ; 0                     ; 0                    ; 0                              ;
;         [b] Due to LAB-wide signal conflicts                ; 0                     ; 0                    ; 0                              ;
;         [c] Due to LAB input limits                         ; 0                     ; 0                    ; 0                              ;
;         [d] Due to virtual I/Os                             ; 0                     ; 0                    ; 0                              ;
;                                                             ;                       ;                      ;                                ;
; Difficulty packing design                                   ; Low                   ; Low                  ; Low                            ;
;                                                             ;                       ;                      ;                                ;
; Total LABs:  partially or completely used                   ; 116 / 4191 ( 3 % )    ; 9 / 4191 ( < 1 % )   ; 0 / 4191 ( 0 % )               ;
;     -- Logic LABs                                           ; 116                   ; 9                    ; 0                              ;
;     -- Memory LABs (up to half of total LABs)               ; 0                     ; 0                    ; 0                              ;
;                                                             ;                       ;                      ;                                ;
; Combinational ALUT usage for logic                          ; 965                   ; 93                   ; 0                              ;
;     -- 7 input functions                                    ; 8                     ; 0                    ; 0                              ;
;     -- 6 input functions                                    ; 348                   ; 14                   ; 0                              ;
;     -- 5 input functions                                    ; 114                   ; 23                   ; 0                              ;
;     -- 4 input functions                                    ; 110                   ; 13                   ; 0                              ;
;     -- <=3 input functions                                  ; 385                   ; 43                   ; 0                              ;
; Combinational ALUT usage for route-throughs                 ; 253                   ; 8                    ; 0                              ;
; Memory ALUT usage                                           ; 0                     ; 0                    ; 0                              ;
;     -- 64-address deep                                      ; 0                     ; 0                    ; 0                              ;
;     -- 32-address deep                                      ; 0                     ; 0                    ; 0                              ;
;                                                             ;                       ;                      ;                                ;
; Dedicated logic registers                                   ; 0                     ; 0                    ; 0                              ;
;     -- By type:                                             ;                       ;                      ;                                ;
;         -- Primary logic registers                          ; 1096 / 83820 ( 1 % )  ; 77 / 83820 ( < 1 % ) ; 0 / 83820 ( 0 % )              ;
;         -- Secondary logic registers                        ; 142 / 83820 ( < 1 % ) ; 4 / 83820 ( < 1 % )  ; 0 / 83820 ( 0 % )              ;
;     -- By function:                                         ;                       ;                      ;                                ;
;         -- Design implementation registers                  ; 1169                  ; 77                   ; 0                              ;
;         -- Routing optimization registers                   ; 69                    ; 4                    ; 0                              ;
;                                                             ;                       ;                      ;                                ;
;                                                             ;                       ;                      ;                                ;
; Virtual pins                                                ; 0                     ; 0                    ; 0                              ;
; I/O pins                                                    ; 44                    ; 0                    ; 0                              ;
; I/O registers                                               ; 0                     ; 0                    ; 0                              ;
; Total block memory bits                                     ; 512                   ; 0                    ; 0                              ;
; Total block memory implementation bits                      ; 10240                 ; 0                    ; 0                              ;
; JTAG                                                        ; 0 / 1 ( 0 % )         ; 0 / 1 ( 0 % )        ; 1 / 1 ( 100 % )                ;
; M10K block                                                  ; 1 / 553 ( < 1 % )     ; 0 / 553 ( 0 % )      ; 0 / 553 ( 0 % )                ;
; DSP block                                                   ; 1 / 112 ( < 1 % )     ; 0 / 112 ( 0 % )      ; 0 / 112 ( 0 % )                ;
; Clock enable block                                          ; 2 / 116 ( 1 % )       ; 0 / 116 ( 0 % )      ; 0 / 116 ( 0 % )                ;
;                                                             ;                       ;                      ;                                ;
; Connections                                                 ;                       ;                      ;                                ;
;     -- Input Connections                                    ; 468                   ; 118                  ; 1                              ;
;     -- Registered Input Connections                         ; 248                   ; 90                   ; 0                              ;
;     -- Output Connections                                   ; 5                     ; 219                  ; 363                            ;
;     -- Registered Output Connections                        ; 0                     ; 219                  ; 0                              ;
;                                                             ;                       ;                      ;                                ;
; Internal Connections                                        ;                       ;                      ;                                ;
;     -- Total Connections                                    ; 9166                  ; 823                  ; 372                            ;
;     -- Registered Connections                               ; 4093                  ; 638                  ; 0                              ;
;                                                             ;                       ;                      ;                                ;
; External Connections                                        ;                       ;                      ;                                ;
;     -- Top                                                  ; 0                     ; 223                  ; 250                            ;
;     -- sld_hub:auto_hub                                     ; 223                   ; 0                    ; 114                            ;
;     -- hard_block:auto_generated_inst                       ; 250                   ; 114                  ; 0                              ;
;                                                             ;                       ;                      ;                                ;
; Partition Interface                                         ;                       ;                      ;                                ;
;     -- Input Ports                                          ; 30                    ; 38                   ; 4                              ;
;     -- Output Ports                                         ; 47                    ; 55                   ; 9                              ;
;     -- Bidir Ports                                          ; 0                     ; 0                    ; 0                              ;
;                                                             ;                       ;                      ;                                ;
; Registered Ports                                            ;                       ;                      ;                                ;
;     -- Registered Input Ports                               ; 0                     ; 3                    ; 0                              ;
;     -- Registered Output Ports                              ; 0                     ; 22                   ; 0                              ;
;                                                             ;                       ;                      ;                                ;
; Port Connectivity                                           ;                       ;                      ;                                ;
;     -- Input Ports driven by GND                            ; 0                     ; 4                    ; 0                              ;
;     -- Output Ports driven by GND                           ; 0                     ; 28                   ; 0                              ;
;     -- Input Ports driven by VCC                            ; 0                     ; 0                    ; 0                              ;
;     -- Output Ports driven by VCC                           ; 0                     ; 0                    ; 0                              ;
;     -- Input Ports with no Source                           ; 0                     ; 25                   ; 0                              ;
;     -- Output Ports with no Source                          ; 0                     ; 0                    ; 0                              ;
;     -- Input Ports with no Fanout                           ; 0                     ; 30                   ; 0                              ;
;     -- Output Ports with no Fanout                          ; 0                     ; 44                   ; 0                              ;
+-------------------------------------------------------------+-----------------------+----------------------+--------------------------------+


+--------------------------------------------------------------------------------------------------------------------------------------------------------------------------------------------------------------------------------------------------------------------------------------+
; Input Pins                                                                                                                                                                                                                                                                           ;
+-------+-------+----------+--------------+--------------+--------------+-----------------------+--------------------+--------+----------------+-----------------+----------+--------------+--------------+-------------+---------------------------+----------------------+-----------+
; Name  ; Pin # ; I/O Bank ; X coordinate ; Y coordinate ; Z coordinate ; Combinational Fan-Out ; Registered Fan-Out ; Global ; Input Register ; PCI I/O Enabled ; Bus Hold ; Weak Pull Up ; I/O Standard ; Termination ; Termination Control Block ; Location assigned by ; Slew Rate ;
+-------+-------+----------+--------------+--------------+--------------+-----------------------+--------------------+--------+----------------+-----------------+----------+--------------+--------------+-------------+---------------------------+----------------------+-----------+
; clk   ; V11   ; 3B       ; 32           ; 0            ; 0            ; 996                   ; 0                  ; yes    ; no             ; no              ; no       ; Off          ; 3.3-V LVTTL  ; Off         ; --                        ; User                 ; no        ;
; rst_n ; AH17  ; 4A       ; 64           ; 0            ; 34           ; 772                   ; 0                  ; yes    ; no             ; no              ; no       ; Off          ; 3.3-V LVTTL  ; Off         ; --                        ; User                 ; no        ;
+-------+-------+----------+--------------+--------------+--------------+-----------------------+--------------------+--------+----------------+-----------------+----------+--------------+--------------+-------------+---------------------------+----------------------+-----------+


+-----------------------------------------------------------------------------------------------------------------------------------------------------------------------------------------------------------------------------------------------------------------------------------------------------------------------------------------------------------------------------------------------------------------------------------------------------------------------------------+
; Output Pins                                                                                                                                                                                                                                                                                                                                                                                                                                                                       ;
+--------------------+-------+----------+--------------+--------------+--------------+-----------------+------------------------+-----------+-----------------+------------+---------------+----------+--------------+--------------+------------------+-------------+---------------------------+----------------------------+-----------------------------+---------------------+-----------------------------+----------------------+----------------------+---------------------+
; Name               ; Pin # ; I/O Bank ; X coordinate ; Y coordinate ; Z coordinate ; Output Register ; Output Enable Register ; Slew Rate ; PCI I/O Enabled ; Open Drain ; TRI Primitive ; Bus Hold ; Weak Pull Up ; I/O Standard ; Current Strength ; Termination ; Termination Control Block ; Output Buffer Pre-emphasis ; Voltage Output Differential ; Output Buffer Delay ; Output Buffer Delay Control ; Location assigned by ; Output Enable Source ; Output Enable Group ;
+--------------------+-------+----------+--------------+--------------+--------------+-----------------+------------------------+-----------+-----------------+------------+---------------+----------+--------------+--------------+------------------+-------------+---------------------------+----------------------------+-----------------------------+---------------------+-----------------------------+----------------------+----------------------+---------------------+
; fuzz_out[0]        ; AG13  ; 4A       ; 50           ; 0            ; 40           ; no              ; no                     ; 1         ; no              ; no         ; no            ; no       ; Off          ; 3.3-V LVTTL  ; 16mA             ; Off         ; --                        ; no                         ; no                          ; 0                   ; Off                         ; User                 ; -                    ; -                   ;
; fuzz_out[10]       ; AF9   ; 3B       ; 30           ; 0            ; 51           ; no              ; no                     ; 1         ; no              ; no         ; no            ; no       ; Off          ; 3.3-V LVTTL  ; 16mA             ; Off         ; --                        ; no                         ; no                          ; 0                   ; Off                         ; Fitter               ; -                    ; -                   ;
; fuzz_out[11]       ; AD10  ; 3B       ; 26           ; 0            ; 40           ; no              ; no                     ; 1         ; no              ; no         ; no            ; no       ; Off          ; 3.3-V LVTTL  ; 16mA             ; Off         ; --                        ; no                         ; no                          ; 0                   ; Off                         ; Fitter               ; -                    ; -                   ;
; fuzz_out[12]       ; T12   ; 3B       ; 36           ; 0            ; 17           ; no              ; no                     ; 1         ; no              ; no         ; no            ; no       ; Off          ; 3.3-V LVTTL  ; 16mA             ; Off         ; --                        ; no                         ; no                          ; 0                   ; Off                         ; Fitter               ; -                    ; -                   ;
; fuzz_out[13]       ; U11   ; 3B       ; 28           ; 0            ; 17           ; no              ; no                     ; 1         ; no              ; no         ; no            ; no       ; Off          ; 3.3-V LVTTL  ; 16mA             ; Off         ; --                        ; no                         ; no                          ; 0                   ; Off                         ; Fitter               ; -                    ; -                   ;
; fuzz_out[14]       ; AD4   ; 3A       ; 6            ; 0            ; 51           ; no              ; no                     ; 1         ; no              ; no         ; no            ; no       ; Off          ; 3.3-V LVTTL  ; 16mA             ; Off         ; --                        ; no                         ; no                          ; 0                   ; Off                         ; Fitter               ; -                    ; -                   ;
; fuzz_out[15]       ; AE11  ; 3B       ; 30           ; 0            ; 17           ; no              ; no                     ; 1         ; no              ; no         ; no            ; no       ; Off          ; 3.3-V LVTTL  ; 16mA             ; Off         ; --                        ; no                         ; no                          ; 0                   ; Off                         ; Fitter               ; -                    ; -                   ;
; fuzz_out[16]       ; U10   ; 3A       ; 6            ; 0            ; 0            ; no              ; no                     ; 1         ; no              ; no         ; no            ; no       ; Off          ; 3.3-V LVTTL  ; 16mA             ; Off         ; --                        ; no                         ; no                          ; 0                   ; Off                         ; Fitter               ; -                    ; -                   ;
; fuzz_out[17]       ; AD11  ; 3B       ; 30           ; 0            ; 0            ; no              ; no                     ; 1         ; no              ; no         ; no            ; no       ; Off          ; 3.3-V LVTTL  ; 16mA             ; Off         ; --                        ; no                         ; no                          ; 0                   ; Off                         ; Fitter               ; -                    ; -                   ;
; fuzz_out[18]       ; V10   ; 3A       ; 6            ; 0            ; 17           ; no              ; no                     ; 1         ; no              ; no         ; no            ; no       ; Off          ; 3.3-V LVTTL  ; 16mA             ; Off         ; --                        ; no                         ; no                          ; 0                   ; Off                         ; Fitter               ; -                    ; -                   ;
; fuzz_out[19]       ; AF11  ; 3B       ; 34           ; 0            ; 40           ; no              ; no                     ; 1         ; no              ; no         ; no            ; no       ; Off          ; 3.3-V LVTTL  ; 16mA             ; Off         ; --                        ; no                         ; no                          ; 0                   ; Off                         ; Fitter               ; -                    ; -                   ;
; fuzz_out[1]        ; AF13  ; 4A       ; 50           ; 0            ; 57           ; no              ; no                     ; 1         ; no              ; no         ; no            ; no       ; Off          ; 3.3-V LVTTL  ; 16mA             ; Off         ; --                        ; no                         ; no                          ; 0                   ; Off                         ; User                 ; -                    ; -                   ;
; fuzz_out[20]       ; T11   ; 3B       ; 28           ; 0            ; 0            ; no              ; no                     ; 1         ; no              ; no         ; no            ; no       ; Off          ; 3.3-V LVTTL  ; 16mA             ; Off         ; --                        ; no                         ; no                          ; 0                   ; Off                         ; Fitter               ; -                    ; -                   ;
; fuzz_out[21]       ; AE7   ; 3B       ; 28           ; 0            ; 34           ; no              ; no                     ; 1         ; no              ; no         ; no            ; no       ; Off          ; 3.3-V LVTTL  ; 16mA             ; Off         ; --                        ; no                         ; no                          ; 0                   ; Off                         ; Fitter               ; -                    ; -                   ;
; fuzz_out[22]       ; AF4   ; 3B       ; 26           ; 0            ; 91           ; no              ; no                     ; 1         ; no              ; no         ; no            ; no       ; Off          ; 3.3-V LVTTL  ; 16mA             ; Off         ; --                        ; no                         ; no                          ; 0                   ; Off                         ; Fitter               ; -                    ; -                   ;
; fuzz_out[23]       ; AE6   ; 3A       ; 8            ; 0            ; 51           ; no              ; no                     ; 1         ; no              ; no         ; no            ; no       ; Off          ; 3.3-V LVTTL  ; 16mA             ; Off         ; --                        ; no                         ; no                          ; 0                   ; Off                         ; Fitter               ; -                    ; -                   ;
; fuzz_out[24]       ; AE4   ; 3B       ; 26           ; 0            ; 74           ; no              ; no                     ; 1         ; no              ; no         ; no            ; no       ; Off          ; 3.3-V LVTTL  ; 16mA             ; Off         ; --                        ; no                         ; no                          ; 0                   ; Off                         ; Fitter               ; -                    ; -                   ;
; fuzz_out[25]       ; AD5   ; 3A       ; 8            ; 0            ; 34           ; no              ; no                     ; 1         ; no              ; no         ; no            ; no       ; Off          ; 3.3-V LVTTL  ; 16mA             ; Off         ; --                        ; no                         ; no                          ; 0                   ; Off                         ; Fitter               ; -                    ; -                   ;
; fuzz_out[26]       ; Y11   ; 3A       ; 8            ; 0            ; 0            ; no              ; no                     ; 1         ; no              ; no         ; no            ; no       ; Off          ; 3.3-V LVTTL  ; 16mA             ; Off         ; --                        ; no                         ; no                          ; 0                   ; Off                         ; Fitter               ; -                    ; -                   ;
; fuzz_out[27]       ; AF8   ; 3B       ; 28           ; 0            ; 51           ; no              ; no                     ; 1         ; no              ; no         ; no            ; no       ; Off          ; 3.3-V LVTTL  ; 16mA             ; Off         ; --                        ; no                         ; no                          ; 0                   ; Off                         ; Fitter               ; -                    ; -                   ;
; fuzz_out[28]       ; AF5   ; 3B       ; 32           ; 0            ; 34           ; no              ; no                     ; 1         ; no              ; no         ; no            ; no       ; Off          ; 3.3-V LVTTL  ; 16mA             ; Off         ; --                        ; no                         ; no                          ; 0                   ; Off                         ; Fitter               ; -                    ; -                   ;
; fuzz_out[29]       ; AE9   ; 3B       ; 26           ; 0            ; 57           ; no              ; no                     ; 1         ; no              ; no         ; no            ; no       ; Off          ; 3.3-V LVTTL  ; 16mA             ; Off         ; --                        ; no                         ; no                          ; 0                   ; Off                         ; Fitter               ; -                    ; -                   ;
; fuzz_out[2]        ; AG10  ; 4A       ; 54           ; 0            ; 34           ; no              ; no                     ; 1         ; no              ; no         ; no            ; no       ; Off          ; 3.3-V LVTTL  ; 16mA             ; Off         ; --                        ; no                         ; no                          ; 0                   ; Off                         ; User                 ; -                    ; -                   ;
; fuzz_out[30]       ; AA11  ; 3A       ; 8            ; 0            ; 17           ; no              ; no                     ; 1         ; no              ; no         ; no            ; no       ; Off          ; 3.3-V LVTTL  ; 16mA             ; Off         ; --                        ; no                         ; no                          ; 0                   ; Off                         ; Fitter               ; -                    ; -                   ;
; fuzz_out[31]       ; AE8   ; 3B       ; 30           ; 0            ; 34           ; no              ; no                     ; 1         ; no              ; no         ; no            ; no       ; Off          ; 3.3-V LVTTL  ; 16mA             ; Off         ; --                        ; no                         ; no                          ; 0                   ; Off                         ; Fitter               ; -                    ; -                   ;
; fuzz_out[3]        ; AG9   ; 4A       ; 52           ; 0            ; 34           ; no              ; no                     ; 1         ; no              ; no         ; no            ; no       ; Off          ; 3.3-V LVTTL  ; 16mA             ; Off         ; --                        ; no                         ; no                          ; 0                   ; Off                         ; User                 ; -                    ; -                   ;
; fuzz_out[4]        ; U14   ; 4A       ; 52           ; 0            ; 0            ; no              ; no                     ; 1         ; no              ; no         ; no            ; no       ; Off          ; 3.3-V LVTTL  ; 16mA             ; Off         ; --                        ; no                         ; no                          ; 0                   ; Off                         ; User                 ; -                    ; -                   ;
; fuzz_out[5]        ; U13   ; 4A       ; 52           ; 0            ; 17           ; no              ; no                     ; 1         ; no              ; no         ; no            ; no       ; Off          ; 3.3-V LVTTL  ; 16mA             ; Off         ; --                        ; no                         ; no                          ; 0                   ; Off                         ; User                 ; -                    ; -                   ;
; fuzz_out[6]        ; AG8   ; 4A       ; 50           ; 0            ; 74           ; no              ; no                     ; 1         ; no              ; no         ; no            ; no       ; Off          ; 3.3-V LVTTL  ; 16mA             ; Off         ; --                        ; no                         ; no                          ; 0                   ; Off                         ; User                 ; -                    ; -                   ;
; fuzz_out[7]        ; AH8   ; 4A       ; 52           ; 0            ; 51           ; no              ; no                     ; 1         ; no              ; no         ; no            ; no       ; Off          ; 3.3-V LVTTL  ; 16mA             ; Off         ; --                        ; no                         ; no                          ; 0                   ; Off                         ; User                 ; -                    ; -                   ;
; fuzz_out[8]        ; AH3   ; 3B       ; 36           ; 0            ; 34           ; no              ; no                     ; 1         ; no              ; no         ; no            ; no       ; Off          ; 3.3-V LVTTL  ; 16mA             ; Off         ; --                        ; no                         ; no                          ; 0                   ; Off                         ; Fitter               ; -                    ; -                   ;
; fuzz_out[9]        ; AC4   ; 3A       ; 6            ; 0            ; 34           ; no              ; no                     ; 1         ; no              ; no         ; no            ; no       ; Off          ; 3.3-V LVTTL  ; 16mA             ; Off         ; --                        ; no                         ; no                          ; 0                   ; Off                         ; Fitter               ; -                    ; -                   ;
; heartbeat          ; AF15  ; 4A       ; 54           ; 0            ; 0            ; no              ; no                     ; 1         ; no              ; no         ; no            ; no       ; Off          ; 3.3-V LVTTL  ; 16mA             ; Off         ; --                        ; no                         ; no                          ; 0                   ; Off                         ; Fitter               ; -                    ; -                   ;
; led[0]             ; W15   ; 5A       ; 89           ; 8            ; 20           ; no              ; no                     ; 1         ; no              ; no         ; no            ; no       ; Off          ; 3.3-V LVTTL  ; 16mA             ; Off         ; --                        ; no                         ; no                          ; 0                   ; Off                         ; User                 ; -                    ; -                   ;
; led[1]             ; AA24  ; 5A       ; 89           ; 9            ; 37           ; no              ; no                     ; 1         ; no              ; no         ; no            ; no       ; Off          ; 3.3-V LVTTL  ; 16mA             ; Off         ; --                        ; no                         ; no                          ; 0                   ; Off                         ; User                 ; -                    ; -                   ;
; led[2]             ; V16   ; 5A       ; 89           ; 9            ; 3            ; no              ; no                     ; 1         ; no              ; no         ; no            ; no       ; Off          ; 3.3-V LVTTL  ; 16mA             ; Off         ; --                        ; no                         ; no                          ; 0                   ; Off                         ; User                 ; -                    ; -                   ;
; led[3]             ; V15   ; 5A       ; 89           ; 9            ; 20           ; no              ; no                     ; 1         ; no              ; no         ; no            ; no       ; Off          ; 3.3-V LVTTL  ; 16mA             ; Off         ; --                        ; no                         ; no                          ; 0                   ; Off                         ; User                 ; -                    ; -                   ;
; led[4]             ; AF26  ; 5A       ; 89           ; 4            ; 77           ; no              ; no                     ; 1         ; no              ; no         ; no            ; no       ; Off          ; 3.3-V LVTTL  ; 16mA             ; Off         ; --                        ; no                         ; no                          ; 0                   ; Off                         ; User                 ; -                    ; -                   ;
; led[5]             ; AE26  ; 5A       ; 89           ; 4            ; 94           ; no              ; no                     ; 1         ; no              ; no         ; no            ; no       ; Off          ; 3.3-V LVTTL  ; 16mA             ; Off         ; --                        ; no                         ; no                          ; 0                   ; Off                         ; User                 ; -                    ; -                   ;
; led[6]             ; Y16   ; 5A       ; 89           ; 8            ; 3            ; no              ; no                     ; 1         ; no              ; no         ; no            ; no       ; Off          ; 3.3-V LVTTL  ; 16mA             ; Off         ; --                        ; no                         ; no                          ; 0                   ; Off                         ; User                 ; -                    ; -                   ;
; led[7]             ; AA23  ; 5A       ; 89           ; 9            ; 54           ; no              ; no                     ; 1         ; no              ; no         ; no            ; no       ; Off          ; 3.3-V LVTTL  ; 16mA             ; Off         ; --                        ; no                         ; no                          ; 0                   ; Off                         ; User                 ; -                    ; -                   ;
; resonance_detected ; AH7   ; 4A       ; 50           ; 0            ; 91           ; no              ; no                     ; 1         ; no              ; no         ; no            ; no       ; Off          ; 3.3-V LVTTL  ; 16mA             ; Off         ; --                        ; no                         ; no                          ; 0                   ; Off                         ; Fitter               ; -                    ; -                   ;
+--------------------+-------+----------+--------------+--------------+--------------+-----------------+------------------------+-----------+-----------------+------------+---------------+----------+--------------+--------------+------------------+-------------+---------------------------+----------------------------+-----------------------------+---------------------+-----------------------------+----------------------+----------------------+---------------------+


+----------------------------------------------------------------------------+
; I/O Bank Usage                                                             ;
+----------+------------------+---------------+--------------+---------------+
; I/O Bank ; Usage            ; VCCIO Voltage ; VREF Voltage ; VCCPD Voltage ;
+----------+------------------+---------------+--------------+---------------+
; B2L      ; 0 / 0 ( -- )     ; --            ; --           ; --            ;
; B1L      ; 0 / 0 ( -- )     ; --            ; --           ; --            ;
; 3A       ; 8 / 16 ( 50 % )  ; 3.3V          ; --           ; 3.3V          ;
; 3B       ; 17 / 32 ( 53 % ) ; 3.3V          ; --           ; 3.3V          ;
; 4A       ; 11 / 68 ( 16 % ) ; 3.3V          ; --           ; 3.3V          ;
; 5A       ; 8 / 16 ( 50 % )  ; 3.3V          ; --           ; 3.3V          ;
; 5B       ; 0 / 7 ( 0 % )    ; 2.5V          ; --           ; 2.5V          ;
; 6B       ; 0 / 44 ( 0 % )   ; 2.5V          ; --           ; 2.5V          ;
; 6A       ; 0 / 56 ( 0 % )   ; 2.5V          ; --           ; 2.5V          ;
; 7A       ; 0 / 19 ( 0 % )   ; 2.5V          ; --           ; 2.5V          ;
; 7B       ; 0 / 22 ( 0 % )   ; 2.5V          ; --           ; 2.5V          ;
; 7C       ; 0 / 12 ( 0 % )   ; 2.5V          ; --           ; 2.5V          ;
; 7D       ; 0 / 14 ( 0 % )   ; 2.5V          ; --           ; 2.5V          ;
; 8A       ; 0 / 6 ( 0 % )    ; 2.5V          ; --           ; 2.5V          ;
+----------+------------------+---------------+--------------+---------------+


+-----------------------------------------------------------------------------------------------------------------------------------------------------------------------------------+
; All Package Pins                                                                                                                                                                  ;
+----------+------------+----------------+---------------------------------+--------+--------------+---------------------+--------------+-----------------+----------+--------------+
; Location ; Pad Number ; I/O Bank       ; Pin Name/Usage                  ; Dir.   ; I/O Standard ; Voltage             ; I/O Type     ; User Assignment ; Bus Hold ; Weak Pull Up ;
+----------+------------+----------------+---------------------------------+--------+--------------+---------------------+--------------+-----------------+----------+--------------+
; A2       ;            ;                ; DNU                             ;        ;              ;                     ; --           ;                 ; --       ; --           ;
; A3       ;            ;                ; GND                             ; gnd    ;              ;                     ; --           ;                 ; --       ; --           ;
; A4       ; 435        ; 7C             ; RESERVED_INPUT_WITH_WEAK_PULLUP ;        ;              ;                     ; Column I/O   ;                 ; no       ; On           ;
; A5       ; 431        ; 7C             ; RESERVED_INPUT_WITH_WEAK_PULLUP ;        ;              ;                     ; Column I/O   ;                 ; no       ; On           ;
; A6       ; 425        ; 7B             ; RESERVED_INPUT_WITH_WEAK_PULLUP ;        ;              ;                     ; Column I/O   ;                 ; no       ; On           ;
; A7       ; 423        ; 7B             ; RESERVED_INPUT_WITH_WEAK_PULLUP ;        ;              ;                     ; Column I/O   ;                 ; no       ; On           ;
; A8       ; 421        ; 7B             ; RESERVED_INPUT_WITH_WEAK_PULLUP ;        ;              ;                     ; Column I/O   ;                 ; no       ; On           ;
; A9       ; 419        ; 7B             ; RESERVED_INPUT_WITH_WEAK_PULLUP ;        ;              ;                     ; Column I/O   ;                 ; no       ; On           ;
; A10      ;            ;                ; GND                             ; gnd    ;              ;                     ; --           ;                 ; --       ; --           ;
; A11      ; 417        ; 7B             ; RESERVED_INPUT_WITH_WEAK_PULLUP ;        ;              ;                     ; Column I/O   ;                 ; no       ; On           ;
; A12      ; 415        ; 7B             ; RESERVED_INPUT_WITH_WEAK_PULLUP ;        ;              ;                     ; Column I/O   ;                 ; no       ; On           ;
; A13      ; 413        ; 7B             ; RESERVED_INPUT_WITH_WEAK_PULLUP ;        ;              ;                     ; Column I/O   ;                 ; no       ; On           ;
; A14      ; 411        ; 7B             ; RESERVED_INPUT_WITH_WEAK_PULLUP ;        ;              ;                     ; Column I/O   ;                 ; no       ; On           ;
; A15      ; 409        ; 7B             ; RESERVED_INPUT_WITH_WEAK_PULLUP ;        ;              ;                     ; Column I/O   ;                 ; no       ; On           ;
; A16      ; 407        ; 7B             ; RESERVED_INPUT_WITH_WEAK_PULLUP ;        ;              ;                     ; Column I/O   ;                 ; no       ; On           ;
; A17      ; 399        ; 7A             ; RESERVED_INPUT_WITH_WEAK_PULLUP ;        ;              ;                     ; Column I/O   ;                 ; no       ; On           ;
; A18      ; 395        ; 7A             ; RESERVED_INPUT_WITH_WEAK_PULLUP ;        ;              ;                     ; Column I/O   ;                 ; no       ; On           ;
; A19      ; 393        ; 7A             ; RESERVED_INPUT_WITH_WEAK_PULLUP ;        ;              ;                     ; Column I/O   ;                 ; no       ; On           ;
; A20      ; 391        ; 7A             ; RESERVED_INPUT_WITH_WEAK_PULLUP ;        ;              ;                     ; Column I/O   ;                 ; no       ; On           ;
; A21      ; 389        ; 7A             ; RESERVED_INPUT_WITH_WEAK_PULLUP ;        ;              ;                     ; Column I/O   ;                 ; no       ; On           ;
; A22      ; 387        ; 7A             ; RESERVED_INPUT_WITH_WEAK_PULLUP ;        ;              ;                     ; Column I/O   ;                 ; no       ; On           ;
; A23      ; 374        ; 7A             ; ^HPS_nRST                       ;        ;              ;                     ; --           ;                 ; --       ; --           ;
; A24      ; 361        ; 6A             ; RESERVED_INPUT_WITH_WEAK_PULLUP ;        ;              ;                     ; Row I/O      ;                 ; no       ; On           ;
; A25      ; 359        ; 6A             ; RESERVED_INPUT_WITH_WEAK_PULLUP ;        ;              ;                     ; Row I/O      ;                 ; no       ; On           ;
; A26      ; 357        ; 6A             ; RESERVED_INPUT_WITH_WEAK_PULLUP ;        ;              ;                     ; Row I/O      ;                 ; no       ; On           ;
; A27      ; 353        ; 6A             ; RESERVED_INPUT_WITH_WEAK_PULLUP ;        ;              ;                     ; Row I/O      ;                 ; no       ; On           ;
; AA1      ;            ;                ; GND                             ; gnd    ;              ;                     ; --           ;                 ; --       ; --           ;
; AA2      ;            ;                ; GND                             ; gnd    ;              ;                     ; --           ;                 ; --       ; --           ;
; AA3      ;            ;                ; GND                             ; gnd    ;              ;                     ; --           ;                 ; --       ; --           ;
; AA4      ; 59         ; 3A             ; RESERVED_INPUT_WITH_WEAK_PULLUP ;        ;              ;                     ; Column I/O   ;                 ; no       ; On           ;
; AA5      ;            ; 3A             ; VCCIO3A                         ; power  ;              ; 3.3V                ; --           ;                 ; --       ; --           ;
; AA6      ; 43         ; 3A             ; ^nCSO, DATA4                    ;        ;              ;                     ; Weak Pull Up ;                 ; --       ; On           ;
; AA8      ; 50         ; 3A             ; ^DCLK                           ;        ;              ;                     ; Weak Pull Up ;                 ; --       ; On           ;
; AA9      ;            ;                ; GND                             ; gnd    ;              ;                     ; --           ;                 ; --       ; --           ;
; AA10     ;            ; 3A             ; VCCPD3A                         ; power  ;              ; 3.3V                ; --           ;                 ; --       ; --           ;
; AA11     ; 64         ; 3A             ; fuzz_out[30]                    ; output ; 3.3-V LVTTL  ;                     ; Column I/O   ; N               ; no       ; Off          ;
; AA12     ;            ; 3B             ; VCCIO3B                         ; power  ;              ; 3.3V                ; --           ;                 ; --       ; --           ;
; AA13     ; 144        ; 4A             ; RESERVED_INPUT_WITH_WEAK_PULLUP ;        ;              ;                     ; Column I/O   ;                 ; no       ; On           ;
; AA14     ;            ; 3B, 4A         ; VCCPD3B4A                       ; power  ;              ; 3.3V                ; --           ;                 ; --       ; --           ;
; AA15     ; 160        ; 4A             ; RESERVED_INPUT_WITH_WEAK_PULLUP ;        ;              ;                     ; Column I/O   ;                 ; no       ; On           ;
; AA16     ;            ; 4A             ; VCCIO4A                         ; power  ;              ; 3.3V                ; --           ;                 ; --       ; --           ;
; AA17     ;            ;                ; GND                             ; gnd    ;              ;                     ; --           ;                 ; --       ; --           ;
; AA18     ; 168        ; 4A             ; RESERVED_INPUT_WITH_WEAK_PULLUP ;        ;              ;                     ; Column I/O   ;                 ; no       ; On           ;
; AA19     ; 170        ; 4A             ; RESERVED_INPUT_WITH_WEAK_PULLUP ;        ;              ;                     ; Column I/O   ;                 ; no       ; On           ;
; AA20     ; 213        ; 5A             ; RESERVED_INPUT_WITH_WEAK_PULLUP ;        ;              ;                     ; Row I/O      ;                 ; no       ; On           ;
; AA21     ;            ; --             ; VCCA_FPLL                       ; power  ;              ; 2.5V                ; --           ;                 ; --       ; --           ;
; AA23     ; 226        ; 5A             ; led[7]                          ; output ; 3.3-V LVTTL  ;                     ; Row I/O      ; Y               ; no       ; Off          ;
; AA24     ; 224        ; 5A             ; led[1]                          ; output ; 3.3-V LVTTL  ;                     ; Row I/O      ; Y               ; no       ; Off          ;
; AA25     ;            ; 5B             ; VREFB5BN0                       ; power  ;              ;                     ; --           ;                 ; --       ; --           ;
; AA26     ; 255        ; 5B             ; RESERVED_INPUT_WITH_WEAK_PULLUP ;        ;              ;                     ; Row I/O      ;                 ; no       ; On           ;
; AA27     ; 279        ; 6B             ; RESERVED_INPUT_WITH_WEAK_PULLUP ;        ;              ;                     ; Row I/O      ;                 ; no       ; On           ;
; AA28     ; 289        ; 6B             ; RESERVED_INPUT_WITH_WEAK_PULLUP ;        ;              ;                     ; Row I/O      ;                 ; no       ; On           ;
; AB1      ;            ;                ; GND                             ; gnd    ;              ;                     ; --           ;                 ; --       ; --           ;
; AB2      ;            ;                ; GND                             ; gnd    ;              ;                     ; --           ;                 ; --       ; --           ;
; AB3      ;            ;                ; GND                             ; gnd    ;              ;                     ; --           ;                 ; --       ; --           ;
; AB4      ; 57         ; 3A             ; RESERVED_INPUT_WITH_WEAK_PULLUP ;        ;              ;                     ; Column I/O   ;                 ; no       ; On           ;
; AB5      ; 46         ; 3A             ; altera_reserved_tck             ; input  ; 3.3-V LVTTL  ;                     ; --           ; N               ; no       ; Off          ;
; AB6      ; 45         ; 3A             ; ^AS_DATA3, DATA3                ;        ;              ;                     ; Weak Pull Up ;                 ; --       ; On           ;
; AB23     ; 222        ; 5A             ; RESERVED_INPUT_WITH_WEAK_PULLUP ;        ;              ;                     ; Row I/O      ;                 ; no       ; On           ;
; AB24     ;            ;                ; GND                             ; gnd    ;              ;                     ; --           ;                 ; --       ; --           ;
; AB25     ; 259        ; 5B             ; RESERVED_INPUT_WITH_WEAK_PULLUP ;        ;              ;                     ; Row I/O      ;                 ; no       ; On           ;
; AB26     ; 253        ; 5B             ; RESERVED_INPUT_WITH_WEAK_PULLUP ;        ;              ;                     ; Row I/O      ;                 ; no       ; On           ;
; AB27     ;            ;                ; GND                             ; gnd    ;              ;                     ; --           ;                 ; --       ; --           ;
; AB28     ; 277        ; 6B             ; RESERVED_INPUT_WITH_WEAK_PULLUP ;        ;              ;                     ; Row I/O      ;                 ; no       ; On           ;
; AC1      ;            ;                ; GND                             ; gnd    ;              ;                     ; --           ;                 ; --       ; --           ;
; AC2      ;            ;                ; GND                             ; gnd    ;              ;                     ; --           ;                 ; --       ; --           ;
; AC3      ;            ;                ; GND                             ; gnd    ;              ;                     ; --           ;                 ; --       ; --           ;
; AC4      ; 63         ; 3A             ; fuzz_out[9]                     ; output ; 3.3-V LVTTL  ;                     ; Column I/O   ; N               ; no       ; Off          ;
; AC5      ; 47         ; 3A             ; ^AS_DATA2, DATA2                ;        ;              ;                     ; Weak Pull Up ;                 ; --       ; On           ;
; AC6      ; 49         ; 3A             ; ^AS_DATA1, DATA1                ;        ;              ;                     ; Weak Pull Up ;                 ; --       ; On           ;
; AC7      ; 44         ; 3A             ; altera_reserved_tms             ; input  ; 3.3-V LVTTL  ;                     ; --           ; N               ; no       ; Off          ;
; AC8      ;            ; --             ; VCC_AUX                         ; power  ;              ; 2.5V                ; --           ;                 ; --       ; --           ;
; AC21     ;            ; --             ; VCC_AUX                         ; power  ;              ; 2.5V                ; --           ;                 ; --       ; --           ;
; AC22     ; 202        ; 4A             ; RESERVED_INPUT_WITH_WEAK_PULLUP ;        ;              ;                     ; Column I/O   ;                 ; no       ; On           ;
; AC23     ; 200        ; 4A             ; RESERVED_INPUT_WITH_WEAK_PULLUP ;        ;              ;                     ; Column I/O   ;                 ; no       ; On           ;
; AC24     ; 220        ; 5A             ; RESERVED_INPUT_WITH_WEAK_PULLUP ;        ;              ;                     ; Row I/O      ;                 ; no       ; On           ;
; AC25     ;            ; 5A             ; VCCIO5A                         ; power  ;              ; 3.3V                ; --           ;                 ; --       ; --           ;
; AC26     ;            ; 5A             ; VREFB5AN0                       ; power  ;              ;                     ; --           ;                 ; --       ; --           ;
; AC27     ; 275        ; 6B             ; RESERVED_INPUT_WITH_WEAK_PULLUP ;        ;              ;                     ; Row I/O      ;                 ; no       ; On           ;
; AC28     ; 273        ; 6B             ; RESERVED_INPUT_WITH_WEAK_PULLUP ;        ;              ;                     ; Row I/O      ;                 ; no       ; On           ;
; AD1      ;            ;                ; DNU                             ;        ;              ;                     ; --           ;                 ; --       ; --           ;
; AD2      ;            ;                ; DNU                             ;        ;              ;                     ; --           ;                 ; --       ; --           ;
; AD3      ;            ;                ; GND                             ; gnd    ;              ;                     ; --           ;                 ; --       ; --           ;
; AD4      ; 61         ; 3A             ; fuzz_out[14]                    ; output ; 3.3-V LVTTL  ;                     ; Column I/O   ; N               ; no       ; Off          ;
; AD5      ; 67         ; 3A             ; fuzz_out[25]                    ; output ; 3.3-V LVTTL  ;                     ; Column I/O   ; N               ; no       ; Off          ;
; AD6      ;            ;                ; GND                             ; gnd    ;              ;                     ; --           ;                 ; --       ; --           ;
; AD7      ; 51         ; 3A             ; ^AS_DATA0, ASDO, DATA0          ;        ;              ;                     ; Weak Pull Up ;                 ; --       ; On           ;
; AD8      ;            ;                ; GND                             ; gnd    ;              ;                     ; --           ;                 ; --       ; --           ;
; AD9      ;            ; 3B, 4A         ; VCCPD3B4A                       ; power  ;              ; 3.3V                ; --           ;                 ; --       ; --           ;
; AD10     ; 103        ; 3B             ; fuzz_out[11]                    ; output ; 3.3-V LVTTL  ;                     ; Column I/O   ; N               ; no       ; Off          ;
; AD11     ; 111        ; 3B             ; fuzz_out[17]                    ; output ; 3.3-V LVTTL  ;                     ; Column I/O   ; N               ; no       ; Off          ;
; AD12     ; 125        ; 3B             ; RESERVED_INPUT_WITH_WEAK_PULLUP ;        ;              ;                     ; Column I/O   ;                 ; no       ; On           ;
; AD13     ;            ; 3B, 4A         ; VCCPD3B4A                       ; power  ;              ; 3.3V                ; --           ;                 ; --       ; --           ;
; AD14     ;            ;                ; GND                             ; gnd    ;              ;                     ; --           ;                 ; --       ; --           ;
; AD15     ;            ; --             ; VCC_AUX                         ; power  ;              ; 2.5V                ; --           ;                 ; --       ; --           ;
; AD16     ;            ; 3B, 4A         ; VCCPD3B4A                       ; power  ;              ; 3.3V                ; --           ;                 ; --       ; --           ;
; AD17     ; 159        ; 4A             ; RESERVED_INPUT_WITH_WEAK_PULLUP ;        ;              ;                     ; Column I/O   ;                 ; no       ; On           ;
; AD18     ;            ; 3B, 4A         ; VCCPD3B4A                       ; power  ;              ; 3.3V                ; --           ;                 ; --       ; --           ;
; AD19     ; 165        ; 4A             ; RESERVED_INPUT_WITH_WEAK_PULLUP ;        ;              ;                     ; Column I/O   ;                 ; no       ; On           ;
; AD20     ; 173        ; 4A             ; RESERVED_INPUT_WITH_WEAK_PULLUP ;        ;              ;                     ; Column I/O   ;                 ; no       ; On           ;
; AD21     ;            ; 3B, 4A         ; VCCPD3B4A                       ; power  ;              ; 3.3V                ; --           ;                 ; --       ; --           ;
; AD22     ;            ;                ; GND                             ; gnd    ;              ;                     ; --           ;                 ; --       ; --           ;
; AD23     ; 186        ; 4A             ; RESERVED_INPUT_WITH_WEAK_PULLUP ;        ;              ;                     ; Column I/O   ;                 ; no       ; On           ;
; AD24     ;            ; --             ; VCCPGM                          ; power  ;              ; 1.8V/2.5V/3.0V/3.3V ; --           ;                 ; --       ; --           ;
; AD25     ;            ;                ; GND                             ; gnd    ;              ;                     ; --           ;                 ; --       ; --           ;
; AD26     ; 218        ; 5A             ; RESERVED_INPUT_WITH_WEAK_PULLUP ;        ;              ;                     ; Row I/O      ;                 ; no       ; On           ;
; AD27     ;            ; 6B             ; VCCIO6B_HPS                     ; power  ;              ; 2.5V                ; --           ;                 ; --       ; --           ;
; AD28     ; 263        ; 6B             ; RESERVED_INPUT_WITH_WEAK_PULLUP ;        ;              ;                     ; Row I/O      ;                 ; no       ; On           ;
; AE1      ;            ;                ; GND                             ; gnd    ;              ;                     ; --           ;                 ; --       ; --           ;
; AE2      ;            ;                ; GND                             ; gnd    ;              ;                     ; --           ;                 ; --       ; --           ;
; AE3      ;            ;                ; GND                             ; gnd    ;              ;                     ; --           ;                 ; --       ; --           ;
; AE4      ; 102        ; 3B             ; fuzz_out[24]                    ; output ; 3.3-V LVTTL  ;                     ; Column I/O   ; N               ; no       ; Off          ;
; AE5      ;            ; 3A             ; VREFB3AN0                       ; power  ;              ;                     ; --           ;                 ; --       ; --           ;
; AE6      ; 65         ; 3A             ; fuzz_out[23]                    ; output ; 3.3-V LVTTL  ;                     ; Column I/O   ; N               ; no       ; Off          ;
; AE7      ; 107        ; 3B             ; fuzz_out[21]                    ; output ; 3.3-V LVTTL  ;                     ; Column I/O   ; N               ; no       ; Off          ;
; AE8      ; 110        ; 3B             ; fuzz_out[31]                    ; output ; 3.3-V LVTTL  ;                     ; Column I/O   ; N               ; no       ; Off          ;
; AE9      ; 101        ; 3B             ; fuzz_out[29]                    ; output ; 3.3-V LVTTL  ;                     ; Column I/O   ; N               ; no       ; Off          ;
; AE10     ;            ; 3B             ; VCCIO3B                         ; power  ;              ; 3.3V                ; --           ;                 ; --       ; --           ;
; AE11     ; 109        ; 3B             ; fuzz_out[15]                    ; output ; 3.3-V LVTTL  ;                     ; Column I/O   ; N               ; no       ; Off          ;
; AE12     ; 127        ; 3B             ; RESERVED_INPUT_WITH_WEAK_PULLUP ;        ;              ;                     ; Column I/O   ;                 ; no       ; On           ;
; AE13     ;            ; 3B             ; VCCIO3B                         ; power  ;              ; 3.3V                ; --           ;                 ; --       ; --           ;
; AE14     ;            ;                ; DNU                             ;        ;              ;                     ; --           ;                 ; --       ; --           ;
; AE15     ; 141        ; 4A             ; RESERVED_INPUT_WITH_WEAK_PULLUP ;        ;              ;                     ; Column I/O   ;                 ; no       ; On           ;
; AE16     ;            ;                ; GND                             ; gnd    ;              ;                     ; --           ;                 ; --       ; --           ;
; AE17     ; 157        ; 4A             ; RESERVED_INPUT_WITH_WEAK_PULLUP ;        ;              ;                     ; Column I/O   ;                 ; no       ; On           ;
; AE18     ;            ;                ; GND                             ; gnd    ;              ;                     ; --           ;                 ; --       ; --           ;
; AE19     ; 167        ; 4A             ; RESERVED_INPUT_WITH_WEAK_PULLUP ;        ;              ;                     ; Column I/O   ;                 ; no       ; On           ;
; AE20     ; 175        ; 4A             ; RESERVED_INPUT_WITH_WEAK_PULLUP ;        ;              ;                     ; Column I/O   ;                 ; no       ; On           ;
; AE21     ;            ; 4A             ; VCCIO4A                         ; power  ;              ; 3.3V                ; --           ;                 ; --       ; --           ;
; AE22     ; 184        ; 4A             ; RESERVED_INPUT_WITH_WEAK_PULLUP ;        ;              ;                     ; Column I/O   ;                 ; no       ; On           ;
; AE23     ; 197        ; 4A             ; RESERVED_INPUT_WITH_WEAK_PULLUP ;        ;              ;                     ; Column I/O   ;                 ; no       ; On           ;
; AE24     ; 199        ; 4A             ; RESERVED_INPUT_WITH_WEAK_PULLUP ;        ;              ;                     ; Column I/O   ;                 ; no       ; On           ;
; AE25     ; 216        ; 5A             ; RESERVED_INPUT_WITH_WEAK_PULLUP ;        ;              ;                     ; Row I/O      ;                 ; no       ; On           ;
; AE26     ; 214        ; 5A             ; led[5]                          ; output ; 3.3-V LVTTL  ;                     ; Row I/O      ; Y               ; no       ; Off          ;
; AE27     ; 265        ; 6B             ; RESERVED_INPUT_WITH_WEAK_PULLUP ;        ;              ;                     ; Row I/O      ;                 ; no       ; On           ;
; AE28     ; 261        ; 6B             ; RESERVED_INPUT_WITH_WEAK_PULLUP ;        ;              ;                     ; Row I/O      ;                 ; no       ; On           ;
; AF1      ;            ;                ; GND                             ; gnd    ;              ;                     ; --           ;                 ; --       ; --           ;
; AF2      ;            ;                ; GND                             ; gnd    ;              ;                     ; --           ;                 ; --       ; --           ;
; AF3      ;            ;                ; GND                             ; gnd    ;              ;                     ; --           ;                 ; --       ; --           ;
; AF4      ; 100        ; 3B             ; fuzz_out[22]                    ; output ; 3.3-V LVTTL  ;                     ; Column I/O   ; N               ; no       ; Off          ;
; AF5      ; 115        ; 3B             ; fuzz_out[28]                    ; output ; 3.3-V LVTTL  ;                     ; Column I/O   ; N               ; no       ; Off          ;
; AF6      ; 113        ; 3B             ; RESERVED_INPUT_WITH_WEAK_PULLUP ;        ;              ;                     ; Column I/O   ;                 ; no       ; On           ;
; AF7      ; 118        ; 3B             ; RESERVED_INPUT_WITH_WEAK_PULLUP ;        ;              ;                     ; Column I/O   ;                 ; no       ; On           ;
; AF8      ; 105        ; 3B             ; fuzz_out[27]                    ; output ; 3.3-V LVTTL  ;                     ; Column I/O   ; N               ; no       ; Off          ;
; AF9      ; 108        ; 3B             ; fuzz_out[10]                    ; output ; 3.3-V LVTTL  ;                     ; Column I/O   ; N               ; no       ; Off          ;
; AF10     ; 117        ; 3B             ; RESERVED_INPUT_WITH_WEAK_PULLUP ;        ;              ;                     ; Column I/O   ;                 ; no       ; On           ;
; AF11     ; 119        ; 3B             ; fuzz_out[19]                    ; output ; 3.3-V LVTTL  ;                     ; Column I/O   ; N               ; no       ; Off          ;
; AF12     ;            ; 3B             ; VREFB3BN0                       ; power  ;              ;                     ; --           ;                 ; --       ; --           ;
; AF13     ; 133        ; 4A             ; fuzz_out[1]                     ; output ; 3.3-V LVTTL  ;                     ; Column I/O   ; Y               ; no       ; Off          ;
; AF14     ;            ; 4A             ; VCCIO4A                         ; power  ;              ; 3.3V                ; --           ;                 ; --       ; --           ;
; AF15     ; 143        ; 4A             ; heartbeat                       ; output ; 3.3-V LVTTL  ;                     ; Column I/O   ; N               ; no       ; Off          ;
; AF16     ;            ; 4A             ; VREFB4AN0                       ; power  ;              ;                     ; --           ;                 ; --       ; --           ;
; AF17     ; 151        ; 4A             ; RESERVED_INPUT_WITH_WEAK_PULLUP ;        ;              ;                     ; Column I/O   ;                 ; no       ; On           ;
; AF18     ; 166        ; 4A             ; RESERVED_INPUT_WITH_WEAK_PULLUP ;        ;              ;                     ; Column I/O   ;                 ; no       ; On           ;
; AF19     ;            ; 4A             ; VCCIO4A                         ; power  ;              ; 3.3V                ; --           ;                 ; --       ; --           ;
; AF20     ; 179        ; 4A             ; RESERVED_INPUT_WITH_WEAK_PULLUP ;        ;              ;                     ; Column I/O   ;                 ; no       ; On           ;
; AF21     ; 181        ; 4A             ; RESERVED_INPUT_WITH_WEAK_PULLUP ;        ;              ;                     ; Column I/O   ;                 ; no       ; On           ;
; AF22     ; 183        ; 4A             ; RESERVED_INPUT_WITH_WEAK_PULLUP ;        ;              ;                     ; Column I/O   ;                 ; no       ; On           ;
; AF23     ; 189        ; 4A             ; RESERVED_INPUT_WITH_WEAK_PULLUP ;        ;              ;                     ; Column I/O   ;                 ; no       ; On           ;
; AF24     ;            ;                ; GND                             ; gnd    ;              ;                     ; --           ;                 ; --       ; --           ;
; AF25     ; 207        ; 4A             ; RESERVED_INPUT_WITH_WEAK_PULLUP ;        ;              ;                     ; Column I/O   ;                 ; no       ; On           ;
; AF26     ; 212        ; 5A             ; led[4]                          ; output ; 3.3-V LVTTL  ;                     ; Row I/O      ; Y               ; no       ; Off          ;
; AF27     ; 211        ; 4A             ; RESERVED_INPUT_WITH_WEAK_PULLUP ;        ;              ;                     ; Column I/O   ;                 ; no       ; On           ;
; AF28     ; 209        ; 4A             ; RESERVED_INPUT_WITH_WEAK_PULLUP ;        ;              ;                     ; Column I/O   ;                 ; no       ; On           ;
; AG1      ;            ;                ; GND                             ; gnd    ;              ;                     ; --           ;                 ; --       ; --           ;
; AG2      ;            ;                ; GND                             ; gnd    ;              ;                     ; --           ;                 ; --       ; --           ;
; AG3      ;            ;                ; GND                             ; gnd    ;              ;                     ; --           ;                 ; --       ; --           ;
; AG4      ;            ; 3B             ; VCCIO3B                         ; power  ;              ; 3.3V                ; --           ;                 ; --       ; --           ;
; AG5      ; 126        ; 3B             ; RESERVED_INPUT_WITH_WEAK_PULLUP ;        ;              ;                     ; Column I/O   ;                 ; no       ; On           ;
; AG6      ; 116        ; 3B             ; RESERVED_INPUT_WITH_WEAK_PULLUP ;        ;              ;                     ; Column I/O   ;                 ; no       ; On           ;
; AG7      ;            ;                ; GND                             ; gnd    ;              ;                     ; --           ;                 ; --       ; --           ;
; AG8      ; 134        ; 4A             ; fuzz_out[6]                     ; output ; 3.3-V LVTTL  ;                     ; Column I/O   ; Y               ; no       ; Off          ;
; AG9      ; 139        ; 4A             ; fuzz_out[3]                     ; output ; 3.3-V LVTTL  ;                     ; Column I/O   ; Y               ; no       ; Off          ;
; AG10     ; 142        ; 4A             ; fuzz_out[2]                     ; output ; 3.3-V LVTTL  ;                     ; Column I/O   ; Y               ; no       ; Off          ;
; AG11     ; 147        ; 4A             ; RESERVED_INPUT_WITH_WEAK_PULLUP ;        ;              ;                     ; Column I/O   ;                 ; no       ; On           ;
; AG12     ;            ; 4A             ; VCCIO4A                         ; power  ;              ; 3.3V                ; --           ;                 ; --       ; --           ;
; AG13     ; 135        ; 4A             ; fuzz_out[0]                     ; output ; 3.3-V LVTTL  ;                     ; Column I/O   ; Y               ; no       ; Off          ;
; AG14     ; 155        ; 4A             ; RESERVED_INPUT_WITH_WEAK_PULLUP ;        ;              ;                     ; Column I/O   ;                 ; no       ; On           ;
; AG15     ; 158        ; 4A             ; RESERVED_INPUT_WITH_WEAK_PULLUP ;        ;              ;                     ; Column I/O   ;                 ; no       ; On           ;
; AG16     ; 149        ; 4A             ; RESERVED_INPUT_WITH_WEAK_PULLUP ;        ;              ;                     ; Column I/O   ;                 ; no       ; On           ;
; AG17     ;            ;                ; GND                             ; gnd    ;              ;                     ; --           ;                 ; --       ; --           ;
; AG18     ; 171        ; 4A             ; RESERVED_INPUT_WITH_WEAK_PULLUP ;        ;              ;                     ; Column I/O   ;                 ; no       ; On           ;
; AG19     ; 174        ; 4A             ; RESERVED_INPUT_WITH_WEAK_PULLUP ;        ;              ;                     ; Column I/O   ;                 ; no       ; On           ;
; AG20     ; 177        ; 4A             ; RESERVED_INPUT_WITH_WEAK_PULLUP ;        ;              ;                     ; Column I/O   ;                 ; no       ; On           ;
; AG21     ; 182        ; 4A             ; RESERVED_INPUT_WITH_WEAK_PULLUP ;        ;              ;                     ; Column I/O   ;                 ; no       ; On           ;
; AG22     ;            ; 4A             ; VCCIO4A                         ; power  ;              ; 3.3V                ; --           ;                 ; --       ; --           ;
; AG23     ; 191        ; 4A             ; RESERVED_INPUT_WITH_WEAK_PULLUP ;        ;              ;                     ; Column I/O   ;                 ; no       ; On           ;
; AG24     ; 195        ; 4A             ; RESERVED_INPUT_WITH_WEAK_PULLUP ;        ;              ;                     ; Column I/O   ;                 ; no       ; On           ;
; AG25     ; 205        ; 4A             ; RESERVED_INPUT_WITH_WEAK_PULLUP ;        ;              ;                     ; Column I/O   ;                 ; no       ; On           ;
; AG26     ; 198        ; 4A             ; RESERVED_INPUT_WITH_WEAK_PULLUP ;        ;              ;                     ; Column I/O   ;                 ; no       ; On           ;
; AG27     ;            ;                ; GND                             ; gnd    ;              ;                     ; --           ;                 ; --       ; --           ;
; AG28     ; 206        ; 4A             ; RESERVED_INPUT_WITH_WEAK_PULLUP ;        ;              ;                     ; Column I/O   ;                 ; no       ; On           ;
; AH2      ; 121        ; 3B             ; RESERVED_INPUT_WITH_WEAK_PULLUP ;        ;              ;                     ; Column I/O   ;                 ; no       ; On           ;
; AH3      ; 123        ; 3B             ; fuzz_out[8]                     ; output ; 3.3-V LVTTL  ;                     ; Column I/O   ; N               ; no       ; Off          ;
; AH4      ; 124        ; 3B             ; RESERVED_INPUT_WITH_WEAK_PULLUP ;        ;              ;                     ; Column I/O   ;                 ; no       ; On           ;
; AH5      ; 129        ; 3B             ; RESERVED_INPUT_WITH_WEAK_PULLUP ;        ;              ;                     ; Column I/O   ;                 ; no       ; On           ;
; AH6      ; 131        ; 3B             ; RESERVED_INPUT_WITH_WEAK_PULLUP ;        ;              ;                     ; Column I/O   ;                 ; no       ; On           ;
; AH7      ; 132        ; 4A             ; resonance_detected              ; output ; 3.3-V LVTTL  ;                     ; Column I/O   ; N               ; no       ; Off          ;
; AH8      ; 137        ; 4A             ; fuzz_out[7]                     ; output ; 3.3-V LVTTL  ;                     ; Column I/O   ; Y               ; no       ; Off          ;
; AH9      ; 140        ; 4A             ; RESERVED_INPUT_WITH_WEAK_PULLUP ;        ;              ;                     ; Column I/O   ;                 ; no       ; On           ;
; AH10     ;            ;                ; GND                             ; gnd    ;              ;                     ; --           ;                 ; --       ; --           ;
; AH11     ; 145        ; 4A             ; RESERVED_INPUT_WITH_WEAK_PULLUP ;        ;              ;                     ; Column I/O   ;                 ; no       ; On           ;
; AH12     ; 150        ; 4A             ; RESERVED_INPUT_WITH_WEAK_PULLUP ;        ;              ;                     ; Column I/O   ;                 ; no       ; On           ;
; AH13     ; 153        ; 4A             ; RESERVED_INPUT_WITH_WEAK_PULLUP ;        ;              ;                     ; Column I/O   ;                 ; no       ; On           ;
; AH14     ; 156        ; 4A             ; RESERVED_INPUT_WITH_WEAK_PULLUP ;        ;              ;                     ; Column I/O   ;                 ; no       ; On           ;
; AH15     ;            ; 4A             ; VCCIO4A                         ; power  ;              ; 3.3V                ; --           ;                 ; --       ; --           ;
; AH16     ; 161        ; 4A             ; RESERVED_INPUT_WITH_WEAK_PULLUP ;        ;              ;                     ; Column I/O   ;                 ; no       ; On           ;
; AH17     ; 163        ; 4A             ; rst_n                           ; input  ; 3.3-V LVTTL  ;                     ; Column I/O   ; Y               ; no       ; Off          ;
; AH18     ; 169        ; 4A             ; RESERVED_INPUT_WITH_WEAK_PULLUP ;        ;              ;                     ; Column I/O   ;                 ; no       ; On           ;
; AH19     ; 172        ; 4A             ; RESERVED_INPUT_WITH_WEAK_PULLUP ;        ;              ;                     ; Column I/O   ;                 ; no       ; On           ;
; AH20     ;            ;                ; GND                             ; gnd    ;              ;                     ; --           ;                 ; --       ; --           ;
; AH21     ; 185        ; 4A             ; RESERVED_INPUT_WITH_WEAK_PULLUP ;        ;              ;                     ; Column I/O   ;                 ; no       ; On           ;
; AH22     ; 188        ; 4A             ; RESERVED_INPUT_WITH_WEAK_PULLUP ;        ;              ;                     ; Column I/O   ;                 ; no       ; On           ;
; AH23     ; 190        ; 4A             ; RESERVED_INPUT_WITH_WEAK_PULLUP ;        ;              ;                     ; Column I/O   ;                 ; no       ; On           ;
; AH24     ; 193        ; 4A             ; RESERVED_INPUT_WITH_WEAK_PULLUP ;        ;              ;                     ; Column I/O   ;                 ; no       ; On           ;
; AH25     ;            ; 4A             ; VCCIO4A                         ; power  ;              ; 3.3V                ; --           ;                 ; --       ; --           ;
; AH26     ; 201        ; 4A             ; RESERVED_INPUT_WITH_WEAK_PULLUP ;        ;              ;                     ; Column I/O   ;                 ; no       ; On           ;
; AH27     ; 204        ; 4A             ; RESERVED_INPUT_WITH_WEAK_PULLUP ;        ;              ;                     ; Column I/O   ;                 ; no       ; On           ;
; B1       ;            ;                ; GND                             ;        ;              ;                     ; --           ;                 ; --       ; --           ;
; B2       ;            ;                ; DNU                             ;        ;              ;                     ; --           ;                 ; --       ; --           ;
; B3       ;            ;                ; GND                             ; gnd    ;              ;                     ; --           ;                 ; --       ; --           ;
; B4       ; 437        ; 7C             ; RESERVED_INPUT_WITH_WEAK_PULLUP ;        ;              ;                     ; Column I/O   ;                 ; no       ; On           ;
; B5       ;            ;                ; GND                             ; gnd    ;              ;                     ; --           ;                 ; --       ; --           ;
; B6       ; 433        ; 7C             ; RESERVED_INPUT_WITH_WEAK_PULLUP ;        ;              ;                     ; Column I/O   ;                 ; no       ; On           ;
; B7       ;            ;                ; GND                             ; gnd    ;              ;                     ; --           ;                 ; --       ; --           ;
; B8       ; 439        ; 7C             ; RESERVED_INPUT_WITH_WEAK_PULLUP ;        ;              ;                     ; Column I/O   ;                 ; no       ; On           ;
; B9       ; 441        ; 7C             ; RESERVED_INPUT_WITH_WEAK_PULLUP ;        ;              ;                     ; Column I/O   ;                 ; no       ; On           ;
; B10      ;            ; 7C             ; VCCIO7C_HPS                     ; power  ;              ; 2.5V                ; --           ;                 ; --       ; --           ;
; B11      ; 440        ; 7C             ; RESERVED_INPUT_WITH_WEAK_PULLUP ;        ;              ;                     ; Column I/O   ;                 ; no       ; On           ;
; B12      ; 438        ; 7C             ; RESERVED_INPUT_WITH_WEAK_PULLUP ;        ;              ;                     ; Column I/O   ;                 ; no       ; On           ;
; B13      ;            ; 7B             ; VCCIO7B_HPS                     ; power  ;              ; 2.5V                ; --           ;                 ; --       ; --           ;
; B14      ; 427        ; 7B             ; RESERVED_INPUT_WITH_WEAK_PULLUP ;        ;              ;                     ; Column I/O   ;                 ; no       ; On           ;
; B15      ;            ;                ; GND                             ; gnd    ;              ;                     ; --           ;                 ; --       ; --           ;
; B16      ; 402        ; 7A             ; RESERVED_INPUT_WITH_WEAK_PULLUP ;        ;              ;                     ; Column I/O   ;                 ; no       ; On           ;
; B17      ;            ;                ; GND                             ; gnd    ;              ;                     ; --           ;                 ; --       ; --           ;
; B18      ; 397        ; 7A             ; RESERVED_INPUT_WITH_WEAK_PULLUP ;        ;              ;                     ; Column I/O   ;                 ; no       ; On           ;
; B19      ; 403        ; 7A             ; RESERVED_INPUT_WITH_WEAK_PULLUP ;        ;              ;                     ; Column I/O   ;                 ; no       ; On           ;
; B20      ;            ;                ; GND                             ; gnd    ;              ;                     ; --           ;                 ; --       ; --           ;
; B21      ; 388        ; 7A             ; RESERVED_INPUT_WITH_WEAK_PULLUP ;        ;              ;                     ; Column I/O   ;                 ; no       ; On           ;
; B22      ;            ;                ; GND                             ; gnd    ;              ;                     ; --           ;                 ; --       ; --           ;
; B23      ; 376        ; 7A             ; ^HPS_TDO                        ;        ;              ;                     ; --           ;                 ; --       ; --           ;
; B24      ; 363        ; 6A             ; RESERVED_INPUT_WITH_WEAK_PULLUP ;        ;              ;                     ; Row I/O      ;                 ; no       ; On           ;
; B25      ;            ;                ; GND                             ; gnd    ;              ;                     ; --           ;                 ; --       ; --           ;
; B26      ; 351        ; 6A             ; RESERVED_INPUT_WITH_WEAK_PULLUP ;        ;              ;                     ; Row I/O      ;                 ; no       ; On           ;
; B27      ;            ;                ; GND                             ; gnd    ;              ;                     ; --           ;                 ; --       ; --           ;
; B28      ; 343        ; 6A             ; RESERVED_INPUT_WITH_WEAK_PULLUP ;        ;              ;                     ; Row I/O      ;                 ; no       ; On           ;
; C1       ;            ;                ; GND                             ; gnd    ;              ;                     ; --           ;                 ; --       ; --           ;
; C2       ;            ;                ; GND                             ; gnd    ;              ;                     ; --           ;                 ; --       ; --           ;
; C3       ;            ;                ; GND                             ; gnd    ;              ;                     ; --           ;                 ; --       ; --           ;
; C4       ; 446        ; 7D             ; RESERVED_INPUT_WITH_WEAK_PULLUP ;        ;              ;                     ; Column I/O   ;                 ; no       ; On           ;
; C5       ; 453        ; 7D             ; RESERVED_INPUT_WITH_WEAK_PULLUP ;        ;              ;                     ; Column I/O   ;                 ; no       ; On           ;
; C6       ; 451        ; 7D             ; RESERVED_INPUT_WITH_WEAK_PULLUP ;        ;              ;                     ; Column I/O   ;                 ; no       ; On           ;
; C7       ; 449        ; 7D             ; RESERVED_INPUT_WITH_WEAK_PULLUP ;        ;              ;                     ; Column I/O   ;                 ; no       ; On           ;
; C8       ; 447        ; 7D             ; RESERVED_INPUT_WITH_WEAK_PULLUP ;        ;              ;                     ; Column I/O   ;                 ; no       ; On           ;
; C9       ; 445        ; 7D             ; RESERVED_INPUT_WITH_WEAK_PULLUP ;        ;              ;                     ; Column I/O   ;                 ; no       ; On           ;
; C10      ; 443        ; 7D             ; RESERVED_INPUT_WITH_WEAK_PULLUP ;        ;              ;                     ; Column I/O   ;                 ; no       ; On           ;
; C11      ;            ;                ; GND                             ; gnd    ;              ;                     ; --           ;                 ; --       ; --           ;
; C12      ; 460        ; 8A             ; RESERVED_INPUT_WITH_WEAK_PULLUP ;        ;              ;                     ; Column I/O   ;                 ; no       ; On           ;
; C13      ; 432        ; 7C             ; RESERVED_INPUT_WITH_WEAK_PULLUP ;        ;              ;                     ; Column I/O   ;                 ; no       ; On           ;
; C14      ; 426        ; 7B             ; RESERVED_INPUT_WITH_WEAK_PULLUP ;        ;              ;                     ; Column I/O   ;                 ; no       ; On           ;
; C15      ; 418        ; 7B             ; RESERVED_INPUT_WITH_WEAK_PULLUP ;        ;              ;                     ; Column I/O   ;                 ; no       ; On           ;
; C16      ; 404        ; 7A             ; RESERVED_INPUT_WITH_WEAK_PULLUP ;        ;              ;                     ; Column I/O   ;                 ; no       ; On           ;
; C17      ; 396        ; 7A             ; RESERVED_INPUT_WITH_WEAK_PULLUP ;        ;              ;                     ; Column I/O   ;                 ; no       ; On           ;
; C18      ; 394        ; 7A             ; RESERVED_INPUT_WITH_WEAK_PULLUP ;        ;              ;                     ; Column I/O   ;                 ; no       ; On           ;
; C19      ; 401        ; 7A             ; RESERVED_INPUT_WITH_WEAK_PULLUP ;        ;              ;                     ; Column I/O   ;                 ; no       ; On           ;
; C20      ;            ; 7A             ; VCCIO7A_HPS                     ; power  ;              ; 2.5V                ; --           ;                 ; --       ; --           ;
; C21      ; 386        ; 7A             ; RESERVED_INPUT_WITH_WEAK_PULLUP ;        ;              ;                     ; Column I/O   ;                 ; no       ; On           ;
; C22      ; 380        ; 7A             ; ^HPS_TRST                       ;        ;              ;                     ; --           ;                 ; --       ; --           ;
; C23      ; 378        ; 7A             ; ^HPS_TMS                        ;        ;              ;                     ; --           ;                 ; --       ; --           ;
; C24      ; 367        ; 6A             ; RESERVED_INPUT_WITH_WEAK_PULLUP ;        ;              ;                     ; Row I/O      ;                 ; no       ; On           ;
; C25      ;            ; 6A             ; VCCIO6A_HPS                     ; power  ;              ; 2.5V                ; --           ;                 ; --       ; --           ;
; C26      ; 349        ; 6A             ; RESERVED_INPUT_WITH_WEAK_PULLUP ;        ;              ;                     ; Row I/O      ;                 ; no       ; On           ;
; C27      ;            ; 6A             ; VCCIO6A_HPS                     ; power  ;              ; 2.5V                ; --           ;                 ; --       ; --           ;
; C28      ; 341        ; 6A             ; RESERVED_INPUT_WITH_WEAK_PULLUP ;        ;              ;                     ; Row I/O      ;                 ; no       ; On           ;
; D1       ;            ;                ; DNU                             ;        ;              ;                     ; --           ;                 ; --       ; --           ;
; D2       ;            ;                ; DNU                             ;        ;              ;                     ; --           ;                 ; --       ; --           ;
; D3       ;            ;                ; GND                             ; gnd    ;              ;                     ; --           ;                 ; --       ; --           ;
; D4       ; 448        ; 7D             ; RESERVED_INPUT_WITH_WEAK_PULLUP ;        ;              ;                     ; Column I/O   ;                 ; no       ; On           ;
; D5       ; 455        ; 7D             ; RESERVED_INPUT_WITH_WEAK_PULLUP ;        ;              ;                     ; Column I/O   ;                 ; no       ; On           ;
; D6       ;            ; 7D             ; VCCIO7D_HPS                     ; power  ;              ; 2.5V                ; --           ;                 ; --       ; --           ;
; D7       ;            ; --             ; VCCBAT                          ; power  ;              ; 1.2V                ; --           ;                 ; --       ; --           ;
; D8       ; 465        ; 8A             ; RESERVED_INPUT_WITH_WEAK_PULLUP ;        ;              ;                     ; Column I/O   ;                 ; no       ; On           ;
; D9       ;            ; 8A             ; VREFB8AN0                       ; power  ;              ;                     ; --           ;                 ; --       ; --           ;
; D10      ;            ;                ; GND                             ; gnd    ;              ;                     ; --           ;                 ; --       ; --           ;
; D11      ; 476        ; 8A             ; RESERVED_INPUT_WITH_WEAK_PULLUP ;        ;              ;                     ; Column I/O   ;                 ; no       ; On           ;
; D12      ; 458        ; 8A             ; RESERVED_INPUT_WITH_WEAK_PULLUP ;        ;              ;                     ; Column I/O   ;                 ; no       ; On           ;
; D13      ;            ;                ; GND                             ; gnd    ;              ;                     ; --           ;                 ; --       ; --           ;
; D14      ; 430        ; 7C             ; RESERVED_INPUT_WITH_WEAK_PULLUP ;        ;              ;                     ; Column I/O   ;                 ; no       ; On           ;
; D15      ; 420        ; 7B             ; RESERVED_INPUT_WITH_WEAK_PULLUP ;        ;              ;                     ; Column I/O   ;                 ; no       ; On           ;
; D16      ;            ;                ; GND                             ; gnd    ;              ;                     ; --           ;                 ; --       ; --           ;
; D17      ; 410        ; 7B             ; RESERVED_INPUT_WITH_WEAK_PULLUP ;        ;              ;                     ; Column I/O   ;                 ; no       ; On           ;
; D18      ;            ; 7A             ; VCCIO7A_HPS                     ; power  ;              ; 2.5V                ; --           ;                 ; --       ; --           ;
; D19      ;            ; 7A, 7B, 7C, 7D ; VREFB7A7B7C7DN0_HPS             ; power  ;              ;                     ; --           ;                 ; --       ; --           ;
; D20      ; 385        ; 7A             ; ^HPS_CLK2                       ;        ;              ;                     ; --           ;                 ; --       ; --           ;
; D21      ; 382        ; 7A             ; ^GND                            ;        ;              ;                     ; --           ;                 ; --       ; --           ;
; D22      ; 381        ; 7A             ; ^HPS_TDI                        ;        ;              ;                     ; --           ;                 ; --       ; --           ;
; D23      ;            ;                ; DNU                             ;        ;              ;                     ; --           ;                 ; --       ; --           ;
; D24      ; 365        ; 6A             ; RESERVED_INPUT_WITH_WEAK_PULLUP ;        ;              ;                     ; Row I/O      ;                 ; no       ; On           ;
; D25      ; 371        ; 6A             ; HPS_RZQ_0                       ;        ;              ;                     ; --           ;                 ; no       ; On           ;
; D26      ; 347        ; 6A             ; RESERVED_INPUT_WITH_WEAK_PULLUP ;        ;              ;                     ; Row I/O      ;                 ; no       ; On           ;
; D27      ; 335        ; 6A             ; RESERVED_INPUT_WITH_WEAK_PULLUP ;        ;              ;                     ; Row I/O      ;                 ; no       ; On           ;
; D28      ; 333        ; 6A             ; RESERVED_INPUT_WITH_WEAK_PULLUP ;        ;              ;                     ; Row I/O      ;                 ; no       ; On           ;
; E1       ;            ;                ; GND                             ; gnd    ;              ;                     ; --           ;                 ; --       ; --           ;
; E2       ;            ;                ; GND                             ; gnd    ;              ;                     ; --           ;                 ; --       ; --           ;
; E3       ;            ;                ; GND                             ; gnd    ;              ;                     ; --           ;                 ; --       ; --           ;
; E4       ; 442        ; 7D             ; RESERVED_INPUT_WITH_WEAK_PULLUP ;        ;              ;                     ; Column I/O   ;                 ; no       ; On           ;
; E5       ; 454        ; 7D             ; RESERVED_INPUT_WITH_WEAK_PULLUP ;        ;              ;                     ; Column I/O   ;                 ; no       ; On           ;
; E6       ; 542        ; 9A             ; ^nCE                            ;        ;              ;                     ; --           ;                 ; --       ; --           ;
; E7       ;            ; 8A             ; VCCIO8A                         ; power  ;              ; 2.5V                ; --           ;                 ; --       ; --           ;
; E8       ; 463        ; 8A             ; RESERVED_INPUT_WITH_WEAK_PULLUP ;        ;              ;                     ; Column I/O   ;                 ; no       ; On           ;
; E9       ;            ;                ; GND                             ; gnd    ;              ;                     ; --           ;                 ; --       ; --           ;
; E10      ;            ; 8A             ; VCCPD8A                         ; power  ;              ; 2.5V                ; --           ;                 ; --       ; --           ;
; E11      ; 474        ; 8A             ; RESERVED_INPUT_WITH_WEAK_PULLUP ;        ;              ;                     ; Column I/O   ;                 ; no       ; On           ;
; E12      ;            ;                ; DNU                             ;        ;              ;                     ; --           ;                 ; --       ; --           ;
; E13      ;            ; 7D             ; VCCPD7D_HPS                     ; power  ;              ; 2.5V                ; --           ;                 ; --       ; --           ;
; E14      ;            ; 7C             ; VCCPD7C_HPS                     ; power  ;              ; 2.5V                ; --           ;                 ; --       ; --           ;
; E15      ;            ; --             ; VCC_AUX                         ; power  ;              ; 2.5V                ; --           ;                 ; --       ; --           ;
; E16      ; 412        ; 7B             ; RESERVED_INPUT_WITH_WEAK_PULLUP ;        ;              ;                     ; Column I/O   ;                 ; no       ; On           ;
; E17      ;            ; 7B             ; VCCPD7B_HPS                     ; power  ;              ; 2.5V                ; --           ;                 ; --       ; --           ;
; E18      ; 383        ; 7A             ; ^HPS_PORSEL                     ;        ;              ;                     ; --           ;                 ; --       ; --           ;
; E19      ;            ;                ; GND                             ; gnd    ;              ;                     ; --           ;                 ; --       ; --           ;
; E20      ; 384        ; 7A             ; ^HPS_CLK1                       ;        ;              ;                     ; --           ;                 ; --       ; --           ;
; E21      ;            ; 7A             ; VCCPD7A_HPS                     ; power  ;              ; 2.5V                ; --           ;                 ; --       ; --           ;
; E22      ;            ;                ; GND                             ; gnd    ;              ;                     ; --           ;                 ; --       ; --           ;
; E23      ; 373        ; 7A             ; ^GND                            ;        ;              ;                     ; --           ;                 ; --       ; --           ;
; E24      ;            ;                ; GND                             ; gnd    ;              ;                     ; --           ;                 ; --       ; --           ;
; E25      ; 369        ; 6A             ; RESERVED_INPUT_WITH_WEAK_PULLUP ;        ;              ;                     ; Row I/O      ;                 ; no       ; On           ;
; E26      ; 345        ; 6A             ; RESERVED_INPUT_WITH_WEAK_PULLUP ;        ;              ;                     ; Row I/O      ;                 ; no       ; On           ;
; E27      ;            ;                ; GND                             ; gnd    ;              ;                     ; --           ;                 ; --       ; --           ;
; E28      ; 337        ; 6A             ; RESERVED_INPUT_WITH_WEAK_PULLUP ;        ;              ;                     ; Row I/O      ;                 ; no       ; On           ;
; F1       ;            ;                ; GND                             ; gnd    ;              ;                     ; --           ;                 ; --       ; --           ;
; F2       ;            ;                ; GND                             ; gnd    ;              ;                     ; --           ;                 ; --       ; --           ;
; F3       ;            ;                ; GND                             ; gnd    ;              ;                     ; --           ;                 ; --       ; --           ;
; F4       ; 450        ; 7D             ; RESERVED_INPUT_WITH_WEAK_PULLUP ;        ;              ;                     ; Column I/O   ;                 ; no       ; On           ;
; F5       ; 444        ; 7D             ; RESERVED_INPUT_WITH_WEAK_PULLUP ;        ;              ;                     ; Column I/O   ;                 ; no       ; On           ;
; F6       ; 547        ; 9A             ; ^GND                            ;        ;              ;                     ; --           ;                 ; --       ; --           ;
; F7       ; 545        ; 9A             ; ^nCONFIG                        ;        ;              ;                     ; --           ;                 ; --       ; --           ;
; F8       ;            ; --             ; VCC_AUX                         ; power  ;              ; 2.5V                ; --           ;                 ; --       ; --           ;
; F21      ;            ; --             ; VCC_AUX_SHARED                  ; power  ;              ; 2.5V                ; --           ;                 ; --       ; --           ;
; F22      ;            ; --             ; VCCRSTCLK_HPS                   ; power  ;              ; 1.8V/2.5V/3.0V/3.3V ; --           ;                 ; --       ; --           ;
; F23      ; 372        ; 7A             ; ^GND                            ;        ;              ;                     ; --           ;                 ; --       ; --           ;
; F24      ; 370        ; 6A             ; RESERVED_INPUT_WITH_WEAK_PULLUP ;        ;              ;                     ; Row I/O      ;                 ; no       ; On           ;
; F25      ; 362        ; 6A             ; RESERVED_INPUT_WITH_WEAK_PULLUP ;        ;              ;                     ; Row I/O      ;                 ; no       ; On           ;
; F26      ; 360        ; 6A             ; RESERVED_INPUT_WITH_WEAK_PULLUP ;        ;              ;                     ; Row I/O      ;                 ; no       ; On           ;
; F27      ;            ; 6A             ; VCCIO6A_HPS                     ; power  ;              ; 2.5V                ; --           ;                 ; --       ; --           ;
; F28      ; 327        ; 6A             ; RESERVED_INPUT_WITH_WEAK_PULLUP ;        ;              ;                     ; Row I/O      ;                 ; no       ; On           ;
; G1       ;            ;                ; GND                             ; gnd    ;              ;                     ; --           ;                 ; --       ; --           ;
; G2       ;            ;                ; GND                             ; gnd    ;              ;                     ; --           ;                 ; --       ; --           ;
; G3       ;            ;                ; GND                             ; gnd    ;              ;                     ; --           ;                 ; --       ; --           ;
; G4       ; 452        ; 7D             ; RESERVED_INPUT_WITH_WEAK_PULLUP ;        ;              ;                     ; Column I/O   ;                 ; no       ; On           ;
; G5       ;            ; 7D             ; VCCIO7D_HPS                     ; power  ;              ; 2.5V                ; --           ;                 ; --       ; --           ;
; G6       ; 543        ; 9A             ; ^MSEL2                          ;        ;              ;                     ; --           ;                 ; --       ; --           ;
; G23      ; 368        ; 6A             ; RESERVED_INPUT_WITH_WEAK_PULLUP ;        ;              ;                     ; Row I/O      ;                 ; no       ; On           ;
; G24      ;            ; 6A             ; VCCIO6A_HPS                     ; power  ;              ; 2.5V                ; --           ;                 ; --       ; --           ;
; G25      ; 354        ; 6A             ; RESERVED_INPUT_WITH_WEAK_PULLUP ;        ;              ;                     ; Row I/O      ;                 ; no       ; On           ;
; G26      ; 331        ; 6A             ; RESERVED_INPUT_WITH_WEAK_PULLUP ;        ;              ;                     ; Row I/O      ;                 ; no       ; On           ;
; G27      ; 329        ; 6A             ; RESERVED_INPUT_WITH_WEAK_PULLUP ;        ;              ;                     ; Row I/O      ;                 ; no       ; On           ;
; G28      ; 325        ; 6A             ; RESERVED_INPUT_WITH_WEAK_PULLUP ;        ;              ;                     ; Row I/O      ;                 ; no       ; On           ;
; H1       ;            ;                ; DNU                             ;        ;              ;                     ; --           ;                 ; --       ; --           ;
; H2       ;            ;                ; DNU                             ;        ;              ;                     ; --           ;                 ; --       ; --           ;
; H3       ;            ;                ; GND                             ; gnd    ;              ;                     ; --           ;                 ; --       ; --           ;
; H4       ;            ;                ; GND                             ; gnd    ;              ;                     ; --           ;                 ; --       ; --           ;
; H5       ;            ;                ; GND                             ; gnd    ;              ;                     ; --           ;                 ; --       ; --           ;
; H6       ;            ;                ; GND                             ; gnd    ;              ;                     ; --           ;                 ; --       ; --           ;
; H8       ; 541        ; 9A             ; ^nSTATUS                        ;        ;              ;                     ; --           ;                 ; --       ; --           ;
; H9       ; 540        ; 9A             ; ^MSEL1                          ;        ;              ;                     ; --           ;                 ; --       ; --           ;
; H10      ;            ; --             ; VCCPGM                          ; power  ;              ; 1.8V/2.5V/3.0V/3.3V ; --           ;                 ; --       ; --           ;
; H11      ;            ;                ; GND                             ; gnd    ;              ;                     ; --           ;                 ; --       ; --           ;
; H12      ; 436        ; 7C             ; RESERVED_INPUT_WITH_WEAK_PULLUP ;        ;              ;                     ; Column I/O   ;                 ; no       ; On           ;
; H13      ; 434        ; 7C             ; RESERVED_INPUT_WITH_WEAK_PULLUP ;        ;              ;                     ; Column I/O   ;                 ; no       ; On           ;
; H14      ;            ; 7B             ; VCCIO7B_HPS                     ; power  ;              ; 2.5V                ; --           ;                 ; --       ; --           ;
; H15      ;            ;                ; GND                             ; gnd    ;              ;                     ; --           ;                 ; --       ; --           ;
; H16      ; 422        ; 7B             ; RESERVED_INPUT_WITH_WEAK_PULLUP ;        ;              ;                     ; Column I/O   ;                 ; no       ; On           ;
; H17      ; 400        ; 7A             ; RESERVED_INPUT_WITH_WEAK_PULLUP ;        ;              ;                     ; Column I/O   ;                 ; no       ; On           ;
; H18      ;            ;                ; GND                             ; gnd    ;              ;                     ; --           ;                 ; --       ; --           ;
; H19      ; 375        ; 7A             ; ^HPS_nPOR                       ;        ;              ;                     ; --           ;                 ; --       ; --           ;
; H20      ;            ;                ; GND                             ; gnd    ;              ;                     ; --           ;                 ; --       ; --           ;
; H21      ;            ; 6A             ; VCCIO6A_HPS                     ; power  ;              ; 2.5V                ; --           ;                 ; --       ; --           ;
; H23      ;            ; --             ; VCCPLL_HPS                      ; power  ;              ; 2.5V                ; --           ;                 ; --       ; --           ;
; H24      ;            ;                ; GND                             ; gnd    ;              ;                     ; --           ;                 ; --       ; --           ;
; H25      ; 352        ; 6A             ; RESERVED_INPUT_WITH_WEAK_PULLUP ;        ;              ;                     ; Row I/O      ;                 ; no       ; On           ;
; H26      ;            ; 6A             ; VCCIO6A_HPS                     ; power  ;              ; 2.5V                ; --           ;                 ; --       ; --           ;
; H27      ;            ;                ; GND                             ; gnd    ;              ;                     ; --           ;                 ; --       ; --           ;
; H28      ; 339        ; 6A             ; RESERVED_INPUT_WITH_WEAK_PULLUP ;        ;              ;                     ; Row I/O      ;                 ; --       ; --           ;
; J1       ;            ;                ; GND                             ; gnd    ;              ;                     ; --           ;                 ; --       ; --           ;
; J2       ;            ;                ; GND                             ; gnd    ;              ;                     ; --           ;                 ; --       ; --           ;
; J3       ;            ;                ; GND                             ; gnd    ;              ;                     ; --           ;                 ; --       ; --           ;
; J4       ;            ; --             ; VCCA_FPLL                       ; power  ;              ; 2.5V                ; --           ;                 ; --       ; --           ;
; J5       ;            ;                ; GND                             ; gnd    ;              ;                     ; --           ;                 ; --       ; --           ;
; J8       ; 539        ; 9A             ; ^CONF_DONE                      ;        ;              ;                     ; --           ;                 ; --       ; --           ;
; J9       ;            ;                ; GND                             ; gnd    ;              ;                     ; --           ;                 ; --       ; --           ;
; J10      ; 538        ; 9A             ; ^MSEL0                          ;        ;              ;                     ; --           ;                 ; --       ; --           ;
; J11      ;            ; --             ; VCC                             ; power  ;              ; 1.1V                ; --           ;                 ; --       ; --           ;
; J12      ; 416        ; 7B             ; RESERVED_INPUT_WITH_WEAK_PULLUP ;        ;              ;                     ; Column I/O   ;                 ; no       ; On           ;
; J13      ; 414        ; 7B             ; RESERVED_INPUT_WITH_WEAK_PULLUP ;        ;              ;                     ; Column I/O   ;                 ; no       ; On           ;
; J14      ; 408        ; 7B             ; RESERVED_INPUT_WITH_WEAK_PULLUP ;        ;              ;                     ; Column I/O   ;                 ; no       ; On           ;
; J15      ; 406        ; 7B             ; RESERVED_INPUT_WITH_WEAK_PULLUP ;        ;              ;                     ; Column I/O   ;                 ; no       ; On           ;
; J16      ; 424        ; 7B             ; RESERVED_INPUT_WITH_WEAK_PULLUP ;        ;              ;                     ; Column I/O   ;                 ; no       ; On           ;
; J17      ; 398        ; 7A             ; RESERVED_INPUT_WITH_WEAK_PULLUP ;        ;              ;                     ; Column I/O   ;                 ; no       ; On           ;
; J18      ; 392        ; 7A             ; RESERVED_INPUT_WITH_WEAK_PULLUP ;        ;              ;                     ; Column I/O   ;                 ; no       ; On           ;
; J19      ; 377        ; 7A             ; ^VCCRSTCLK_HPS                  ;        ;              ;                     ; --           ;                 ; --       ; --           ;
; J20      ; 346        ; 6A             ; RESERVED_INPUT_WITH_WEAK_PULLUP ;        ;              ;                     ; Row I/O      ;                 ; no       ; On           ;
; J21      ; 344        ; 6A             ; RESERVED_INPUT_WITH_WEAK_PULLUP ;        ;              ;                     ; Row I/O      ;                 ; no       ; On           ;
; J24      ; 336        ; 6A             ; RESERVED_INPUT_WITH_WEAK_PULLUP ;        ;              ;                     ; Row I/O      ;                 ; no       ; On           ;
; J25      ; 338        ; 6A             ; RESERVED_INPUT_WITH_WEAK_PULLUP ;        ;              ;                     ; Row I/O      ;                 ; no       ; On           ;
; J26      ; 330        ; 6A             ; RESERVED_INPUT_WITH_WEAK_PULLUP ;        ;              ;                     ; Row I/O      ;                 ; no       ; On           ;
; J27      ; 321        ; 6A             ; RESERVED_INPUT_WITH_WEAK_PULLUP ;        ;              ;                     ; Row I/O      ;                 ; no       ; On           ;
; J28      ; 319        ; 6A             ; RESERVED_INPUT_WITH_WEAK_PULLUP ;        ;              ;                     ; Row I/O      ;                 ; no       ; On           ;
; K1       ;            ;                ; GND                             ; gnd    ;              ;                     ; --           ;                 ; --       ; --           ;
; K2       ;            ;                ; GND                             ; gnd    ;              ;                     ; --           ;                 ; --       ; --           ;
; K3       ;            ;                ; GND                             ; gnd    ;              ;                     ; --           ;                 ; --       ; --           ;
; K4       ;            ;                ; GND                             ; gnd    ;              ;                     ; --           ;                 ; --       ; --           ;
; K5       ;            ; --             ; VCCA_FPLL                       ; power  ;              ; 2.5V                ; --           ;                 ; --       ; --           ;
; K8       ;            ;                ; GND                             ; gnd    ;              ;                     ; --           ;                 ; --       ; --           ;
; K9       ; 546        ; 9A             ; ^MSEL4                          ;        ;              ;                     ; --           ;                 ; --       ; --           ;
; K10      ; 544        ; 9A             ; ^MSEL3                          ;        ;              ;                     ; --           ;                 ; --       ; --           ;
; K11      ;            ;                ; GND                             ; gnd    ;              ;                     ; --           ;                 ; --       ; --           ;
; K12      ;            ;                ; GND                             ; gnd    ;              ;                     ; --           ;                 ; --       ; --           ;
; K13      ;            ; --             ; VCC                             ; power  ;              ; 1.1V                ; --           ;                 ; --       ; --           ;
; K14      ;            ;                ; GND                             ; gnd    ;              ;                     ; --           ;                 ; --       ; --           ;
; K15      ;            ; --             ; VCC                             ; power  ;              ; 1.1V                ; --           ;                 ; --       ; --           ;
; K16      ;            ;                ; GND                             ; gnd    ;              ;                     ; --           ;                 ; --       ; --           ;
; K17      ;            ; --             ; VCC_HPS                         ; power  ;              ; 1.1V                ; --           ;                 ; --       ; --           ;
; K18      ; 390        ; 7A             ; RESERVED_INPUT_WITH_WEAK_PULLUP ;        ;              ;                     ; Column I/O   ;                 ; no       ; On           ;
; K19      ; 379        ; 7A             ; ^HPS_TCK                        ;        ;              ;                     ; --           ;                 ; --       ; --           ;
; K20      ;            ;                ; GND                             ; gnd    ;              ;                     ; --           ;                 ; --       ; --           ;
; K21      ;            ; 6A, 6B         ; VCCPD6A6B_HPS                   ; power  ;              ; 2.5V                ; --           ;                 ; --       ; --           ;
; K24      ;            ; 6A, 6B         ; VCCPD6A6B_HPS                   ; power  ;              ; 2.5V                ; --           ;                 ; --       ; --           ;
; K25      ; 322        ; 6A             ; RESERVED_INPUT_WITH_WEAK_PULLUP ;        ;              ;                     ; Row I/O      ;                 ; no       ; On           ;
; K26      ; 328        ; 6A             ; RESERVED_INPUT_WITH_WEAK_PULLUP ;        ;              ;                     ; Row I/O      ;                 ; no       ; On           ;
; K27      ; 323        ; 6A             ; RESERVED_INPUT_WITH_WEAK_PULLUP ;        ;              ;                     ; Row I/O      ;                 ; no       ; On           ;
; K28      ; 317        ; 6A             ; RESERVED_INPUT_WITH_WEAK_PULLUP ;        ;              ;                     ; Row I/O      ;                 ; no       ; On           ;
; L1       ;            ;                ; GND                             ; gnd    ;              ;                     ; --           ;                 ; --       ; --           ;
; L2       ;            ;                ; GND                             ; gnd    ;              ;                     ; --           ;                 ; --       ; --           ;
; L3       ;            ;                ; GND                             ; gnd    ;              ;                     ; --           ;                 ; --       ; --           ;
; L4       ;            ; --             ; VCC                             ; power  ;              ; 1.1V                ; --           ;                 ; --       ; --           ;
; L5       ;            ;                ; GND                             ; gnd    ;              ;                     ; --           ;                 ; --       ; --           ;
; L8       ;            ;                ; GND                             ; gnd    ;              ;                     ; --           ;                 ; --       ; --           ;
; L9       ;            ;                ; GND                             ; gnd    ;              ;                     ; --           ;                 ; --       ; --           ;
; L10      ;            ;                ; GND                             ; gnd    ;              ;                     ; --           ;                 ; --       ; --           ;
; L11      ;            ; --             ; VCC                             ; power  ;              ; 1.1V                ; --           ;                 ; --       ; --           ;
; L12      ;            ; --             ; VCC                             ; power  ;              ; 1.1V                ; --           ;                 ; --       ; --           ;
; L13      ;            ;                ; GND                             ; gnd    ;              ;                     ; --           ;                 ; --       ; --           ;
; L14      ;            ; --             ; VCC                             ; power  ;              ; 1.1V                ; --           ;                 ; --       ; --           ;
; L15      ;            ;                ; GND                             ; gnd    ;              ;                     ; --           ;                 ; --       ; --           ;
; L16      ;            ; --             ; VCC_HPS                         ; power  ;              ; 1.1V                ; --           ;                 ; --       ; --           ;
; L17      ;            ;                ; GND                             ; gnd    ;              ;                     ; --           ;                 ; --       ; --           ;
; L18      ;            ; --             ; VCC_HPS                         ; power  ;              ; 1.1V                ; --           ;                 ; --       ; --           ;
; L19      ;            ;                ; GND                             ; gnd    ;              ;                     ; --           ;                 ; --       ; --           ;
; L20      ; 366        ; 6A             ; RESERVED_INPUT_WITH_WEAK_PULLUP ;        ;              ;                     ; Row I/O      ;                 ; no       ; On           ;
; L21      ; 364        ; 6A             ; RESERVED_INPUT_WITH_WEAK_PULLUP ;        ;              ;                     ; Row I/O      ;                 ; no       ; On           ;
; L24      ;            ;                ; GND                             ; gnd    ;              ;                     ; --           ;                 ; --       ; --           ;
; L25      ; 320        ; 6A             ; RESERVED_INPUT_WITH_WEAK_PULLUP ;        ;              ;                     ; Row I/O      ;                 ; no       ; On           ;
; L26      ;            ; 6A             ; VCCIO6A_HPS                     ; power  ;              ; 2.5V                ; --           ;                 ; --       ; --           ;
; L27      ;            ;                ; GND                             ; gnd    ;              ;                     ; --           ;                 ; --       ; --           ;
; L28      ; 315        ; 6A             ; RESERVED_INPUT_WITH_WEAK_PULLUP ;        ;              ;                     ; Row I/O      ;                 ; no       ; On           ;
; M1       ;            ;                ; DNU                             ;        ;              ;                     ; --           ;                 ; --       ; --           ;
; M2       ;            ;                ; DNU                             ;        ;              ;                     ; --           ;                 ; --       ; --           ;
; M3       ;            ;                ; GND                             ; gnd    ;              ;                     ; --           ;                 ; --       ; --           ;
; M4       ;            ; --             ; VCCA_FPLL                       ; power  ;              ; 2.5V                ; --           ;                 ; --       ; --           ;
; M5       ;            ; --             ; VCC                             ; power  ;              ; 1.1V                ; --           ;                 ; --       ; --           ;
; M8       ;            ;                ; GND                             ; gnd    ;              ;                     ; --           ;                 ; --       ; --           ;
; M9       ;            ; --             ; VCC                             ; power  ;              ; 1.1V                ; --           ;                 ; --       ; --           ;
; M10      ;            ;                ; GND                             ; gnd    ;              ;                     ; --           ;                 ; --       ; --           ;
; M11      ;            ;                ; GND                             ; gnd    ;              ;                     ; --           ;                 ; --       ; --           ;
; M12      ;            ; --             ; VCC                             ; power  ;              ; 1.1V                ; --           ;                 ; --       ; --           ;
; M13      ;            ; --             ; VCC                             ; power  ;              ; 1.1V                ; --           ;                 ; --       ; --           ;
; M14      ;            ;                ; GND                             ; gnd    ;              ;                     ; --           ;                 ; --       ; --           ;
; M15      ;            ; --             ; VCC                             ; power  ;              ; 1.1V                ; --           ;                 ; --       ; --           ;
; M16      ;            ;                ; GND                             ; gnd    ;              ;                     ; --           ;                 ; --       ; --           ;
; M17      ;            ; --             ; VCC_HPS                         ; power  ;              ; 1.1V                ; --           ;                 ; --       ; --           ;
; M18      ;            ; --             ; VCC_HPS                         ; power  ;              ; 1.1V                ; --           ;                 ; --       ; --           ;
; M19      ;            ; --             ; VCC_HPS                         ; power  ;              ; 1.1V                ; --           ;                 ; --       ; --           ;
; M20      ;            ;                ; GND                             ; gnd    ;              ;                     ; --           ;                 ; --       ; --           ;
; M21      ;            ; 6A             ; VCCIO6A_HPS                     ; power  ;              ; 2.5V                ; --           ;                 ; --       ; --           ;
; M24      ;            ; 6A, 6B         ; VCCPD6A6B_HPS                   ; power  ;              ; 2.5V                ; --           ;                 ; --       ; --           ;
; M25      ; 324        ; 6A             ; RESERVED_INPUT_WITH_WEAK_PULLUP ;        ;              ;                     ; Row I/O      ;                 ; no       ; On           ;
; M26      ; 312        ; 6A             ; RESERVED_INPUT_WITH_WEAK_PULLUP ;        ;              ;                     ; Row I/O      ;                 ; no       ; On           ;
; M27      ; 314        ; 6A             ; RESERVED_INPUT_WITH_WEAK_PULLUP ;        ;              ;                     ; Row I/O      ;                 ; no       ; On           ;
; M28      ; 313        ; 6A             ; RESERVED_INPUT_WITH_WEAK_PULLUP ;        ;              ;                     ; Row I/O      ;                 ; no       ; On           ;
; N1       ;            ;                ; GND                             ; gnd    ;              ;                     ; --           ;                 ; --       ; --           ;
; N2       ;            ;                ; GND                             ; gnd    ;              ;                     ; --           ;                 ; --       ; --           ;
; N3       ;            ;                ; GND                             ; gnd    ;              ;                     ; --           ;                 ; --       ; --           ;
; N4       ;            ;                ; GND                             ; gnd    ;              ;                     ; --           ;                 ; --       ; --           ;
; N5       ;            ; --             ; VCC                             ; power  ;              ; 1.1V                ; --           ;                 ; --       ; --           ;
; N8       ;            ;                ; GND                             ; gnd    ;              ;                     ; --           ;                 ; --       ; --           ;
; N9       ;            ; --             ; VCC                             ; power  ;              ; 1.1V                ; --           ;                 ; --       ; --           ;
; N10      ;            ; --             ; VCC                             ; power  ;              ; 1.1V                ; --           ;                 ; --       ; --           ;
; N11      ;            ; --             ; VCC                             ; power  ;              ; 1.1V                ; --           ;                 ; --       ; --           ;
; N12      ;            ; --             ; VCC                             ; power  ;              ; 1.1V                ; --           ;                 ; --       ; --           ;
; N13      ;            ;                ; GND                             ; gnd    ;              ;                     ; --           ;                 ; --       ; --           ;
; N14      ;            ; --             ; VCC                             ; power  ;              ; 1.1V                ; --           ;                 ; --       ; --           ;
; N15      ;            ;                ; GND                             ; gnd    ;              ;                     ; --           ;                 ; --       ; --           ;
; N16      ;            ; --             ; VCC_HPS                         ; power  ;              ; 1.1V                ; --           ;                 ; --       ; --           ;
; N17      ;            ;                ; GND                             ; gnd    ;              ;                     ; --           ;                 ; --       ; --           ;
; N18      ;            ; --             ; VCC_HPS                         ; power  ;              ; 1.1V                ; --           ;                 ; --       ; --           ;
; N19      ;            ;                ; GND                             ; gnd    ;              ;                     ; --           ;                 ; --       ; --           ;
; N20      ; 350        ; 6A             ; RESERVED_INPUT_WITH_WEAK_PULLUP ;        ;              ;                     ; Row I/O      ;                 ; no       ; On           ;
; N21      ; 348        ; 6A             ; RESERVED_INPUT_WITH_WEAK_PULLUP ;        ;              ;                     ; Row I/O      ;                 ; no       ; On           ;
; N24      ; 306        ; 6B             ; RESERVED_INPUT_WITH_WEAK_PULLUP ;        ;              ;                     ; Row I/O      ;                 ; no       ; On           ;
; N25      ; 304        ; 6B             ; RESERVED_INPUT_WITH_WEAK_PULLUP ;        ;              ;                     ; Row I/O      ;                 ; no       ; On           ;
; N26      ; 298        ; 6B             ; RESERVED_INPUT_WITH_WEAK_PULLUP ;        ;              ;                     ; Row I/O      ;                 ; no       ; On           ;
; N27      ; 296        ; 6B             ; RESERVED_INPUT_WITH_WEAK_PULLUP ;        ;              ;                     ; Row I/O      ;                 ; no       ; On           ;
; N28      ; 311        ; 6A             ; RESERVED_INPUT_WITH_WEAK_PULLUP ;        ;              ;                     ; Row I/O      ;                 ; no       ; On           ;
; P1       ;            ;                ; GND                             ; gnd    ;              ;                     ; --           ;                 ; --       ; --           ;
; P2       ;            ;                ; GND                             ; gnd    ;              ;                     ; --           ;                 ; --       ; --           ;
; P3       ;            ;                ; GND                             ; gnd    ;              ;                     ; --           ;                 ; --       ; --           ;
; P4       ;            ; --             ; VCCA_FPLL                       ; power  ;              ; 2.5V                ; --           ;                 ; --       ; --           ;
; P5       ;            ;                ; GND                             ; gnd    ;              ;                     ; --           ;                 ; --       ; --           ;
; P8       ;            ;                ; GND                             ; gnd    ;              ;                     ; --           ;                 ; --       ; --           ;
; P9       ;            ;                ; GND                             ; gnd    ;              ;                     ; --           ;                 ; --       ; --           ;
; P10      ;            ;                ; GND                             ; gnd    ;              ;                     ; --           ;                 ; --       ; --           ;
; P11      ;            ; --             ; VCC                             ; power  ;              ; 1.1V                ; --           ;                 ; --       ; --           ;
; P12      ;            ;                ; GND                             ; gnd    ;              ;                     ; --           ;                 ; --       ; --           ;
; P13      ;            ; --             ; VCC                             ; power  ;              ; 1.1V                ; --           ;                 ; --       ; --           ;
; P14      ;            ; --             ; VCC                             ; power  ;              ; 1.1V                ; --           ;                 ; --       ; --           ;
; P15      ;            ; --             ; VCC                             ; power  ;              ; 1.1V                ; --           ;                 ; --       ; --           ;
; P16      ;            ;                ; GND                             ; gnd    ;              ;                     ; --           ;                 ; --       ; --           ;
; P17      ;            ; --             ; VCC_HPS                         ; power  ;              ; 1.1V                ; --           ;                 ; --       ; --           ;
; P18      ;            ;                ; GND                             ; gnd    ;              ;                     ; --           ;                 ; --       ; --           ;
; P19      ;            ; --             ; VCC_HPS                         ; power  ;              ; 1.1V                ; --           ;                 ; --       ; --           ;
; P20      ;            ;                ; GND                             ; gnd    ;              ;                     ; --           ;                 ; --       ; --           ;
; P21      ;            ; 6A, 6B         ; VCCPD6A6B_HPS                   ; power  ;              ; 2.5V                ; --           ;                 ; --       ; --           ;
; P24      ;            ; 6A, 6B         ; VCCPD6A6B_HPS                   ; power  ;              ; 2.5V                ; --           ;                 ; --       ; --           ;
; P25      ;            ;                ; GND                             ; gnd    ;              ;                     ; --           ;                 ; --       ; --           ;
; P26      ; 299        ; 6B             ; RESERVED_INPUT_WITH_WEAK_PULLUP ;        ;              ;                     ; Row I/O      ;                 ; no       ; On           ;
; P27      ;            ; 6B             ; VCCIO6B_HPS                     ; power  ;              ; 2.5V                ; --           ;                 ; --       ; --           ;
; P28      ; 309        ; 6A             ; RESERVED_INPUT_WITH_WEAK_PULLUP ;        ;              ;                     ; Row I/O      ;                 ; no       ; On           ;
; R1       ;            ;                ; GND                             ; gnd    ;              ;                     ; --           ;                 ; --       ; --           ;
; R2       ;            ;                ; GND                             ; gnd    ;              ;                     ; --           ;                 ; --       ; --           ;
; R3       ;            ;                ; GND                             ; gnd    ;              ;                     ; --           ;                 ; --       ; --           ;
; R4       ;            ; --             ; VCCA_FPLL                       ; power  ;              ; 2.5V                ; --           ;                 ; --       ; --           ;
; R5       ;            ; --             ; VCC                             ; power  ;              ; 1.1V                ; --           ;                 ; --       ; --           ;
; R8       ;            ;                ; GND                             ; gnd    ;              ;                     ; --           ;                 ; --       ; --           ;
; R9       ;            ; --             ; VCC                             ; power  ;              ; 1.1V                ; --           ;                 ; --       ; --           ;
; R10      ;            ; --             ; VCC                             ; power  ;              ; 1.1V                ; --           ;                 ; --       ; --           ;
; R11      ;            ;                ; GND                             ; gnd    ;              ;                     ; --           ;                 ; --       ; --           ;
; R12      ;            ; --             ; VCC                             ; power  ;              ; 1.1V                ; --           ;                 ; --       ; --           ;
; R13      ;            ;                ; GND                             ; gnd    ;              ;                     ; --           ;                 ; --       ; --           ;
; R14      ;            ; --             ; VCC                             ; power  ;              ; 1.1V                ; --           ;                 ; --       ; --           ;
; R15      ;            ;                ; GND                             ; gnd    ;              ;                     ; --           ;                 ; --       ; --           ;
; R16      ; 334        ; 6A             ; RESERVED_INPUT_WITH_WEAK_PULLUP ;        ;              ;                     ; Row I/O      ;                 ; no       ; On           ;
; R17      ; 332        ; 6A             ; RESERVED_INPUT_WITH_WEAK_PULLUP ;        ;              ;                     ; Row I/O      ;                 ; no       ; On           ;
; R18      ; 318        ; 6A             ; RESERVED_INPUT_WITH_WEAK_PULLUP ;        ;              ;                     ; Row I/O      ;                 ; no       ; On           ;
; R19      ; 316        ; 6A             ; RESERVED_INPUT_WITH_WEAK_PULLUP ;        ;              ;                     ; Row I/O      ;                 ; no       ; On           ;
; R20      ; 310        ; 6A             ; RESERVED_INPUT_WITH_WEAK_PULLUP ;        ;              ;                     ; Row I/O      ;                 ; no       ; On           ;
; R21      ; 308        ; 6A             ; RESERVED_INPUT_WITH_WEAK_PULLUP ;        ;              ;                     ; Row I/O      ;                 ; no       ; On           ;
; R24      ; 282        ; 6B             ; RESERVED_INPUT_WITH_WEAK_PULLUP ;        ;              ;                     ; Row I/O      ;                 ; no       ; On           ;
; R25      ; 288        ; 6B             ; RESERVED_INPUT_WITH_WEAK_PULLUP ;        ;              ;                     ; Row I/O      ;                 ; no       ; On           ;
; R26      ; 290        ; 6B             ; RESERVED_INPUT_WITH_WEAK_PULLUP ;        ;              ;                     ; Row I/O      ;                 ; no       ; On           ;
; R27      ; 297        ; 6B             ; RESERVED_INPUT_WITH_WEAK_PULLUP ;        ;              ;                     ; Row I/O      ;                 ; no       ; On           ;
; R28      ; 307        ; 6B             ; RESERVED_INPUT_WITH_WEAK_PULLUP ;        ;              ;                     ; Row I/O      ;                 ; no       ; On           ;
; T1       ;            ;                ; DNU                             ;        ;              ;                     ; --           ;                 ; --       ; --           ;
; T2       ;            ;                ; DNU                             ;        ;              ;                     ; --           ;                 ; --       ; --           ;
; T3       ;            ;                ; GND                             ; gnd    ;              ;                     ; --           ;                 ; --       ; --           ;
; T4       ;            ; --             ; VCC                             ; power  ;              ; 1.1V                ; --           ;                 ; --       ; --           ;
; T5       ;            ; --             ; VCC                             ; power  ;              ; 1.1V                ; --           ;                 ; --       ; --           ;
; T8       ; 56         ; 3A             ; RESERVED_INPUT_WITH_WEAK_PULLUP ;        ;              ;                     ; Column I/O   ;                 ; no       ; On           ;
; T9       ;            ; --             ; VCC                             ; power  ;              ; 1.1V                ; --           ;                 ; --       ; --           ;
; T10      ;            ;                ; GND                             ; gnd    ;              ;                     ; --           ;                 ; --       ; --           ;
; T11      ; 106        ; 3B             ; fuzz_out[20]                    ; output ; 3.3-V LVTTL  ;                     ; Column I/O   ; N               ; no       ; Off          ;
; T12      ; 120        ; 3B             ; fuzz_out[12]                    ; output ; 3.3-V LVTTL  ;                     ; Column I/O   ; N               ; no       ; Off          ;
; T13      ; 122        ; 3B             ; RESERVED_INPUT_WITH_WEAK_PULLUP ;        ;              ;                     ; Column I/O   ;                 ; no       ; On           ;
; T14      ;            ;                ; GND                             ; gnd    ;              ;                     ; --           ;                 ; --       ; --           ;
; T15      ;            ; --             ; VCC                             ; power  ;              ; 1.1V                ; --           ;                 ; --       ; --           ;
; T16      ; 292        ; 6B             ; RESERVED_INPUT_WITH_WEAK_PULLUP ;        ;              ;                     ; Row I/O      ;                 ; no       ; On           ;
; T17      ; 294        ; 6B             ; RESERVED_INPUT_WITH_WEAK_PULLUP ;        ;              ;                     ; Row I/O      ;                 ; no       ; On           ;
; T18      ; 302        ; 6B             ; RESERVED_INPUT_WITH_WEAK_PULLUP ;        ;              ;                     ; Row I/O      ;                 ; no       ; On           ;
; T19      ; 300        ; 6B             ; RESERVED_INPUT_WITH_WEAK_PULLUP ;        ;              ;                     ; Row I/O      ;                 ; no       ; On           ;
; T20      ; 286        ; 6B             ; RESERVED_INPUT_WITH_WEAK_PULLUP ;        ;              ;                     ; Row I/O      ;                 ; no       ; On           ;
; T21      ;            ; 6B             ; VCCIO6B_HPS                     ; power  ;              ; 2.5V                ; --           ;                 ; --       ; --           ;
; T24      ; 280        ; 6B             ; RESERVED_INPUT_WITH_WEAK_PULLUP ;        ;              ;                     ; Row I/O      ;                 ; no       ; On           ;
; T25      ;            ; 6B             ; VCCIO6B_HPS                     ; power  ;              ; 2.5V                ; --           ;                 ; --       ; --           ;
; T26      ; 274        ; 6B             ; RESERVED_INPUT_WITH_WEAK_PULLUP ;        ;              ;                     ; Row I/O      ;                 ; no       ; On           ;
; T27      ; 283        ; 6B             ; RESERVED_INPUT_WITH_WEAK_PULLUP ;        ;              ;                     ; Row I/O      ;                 ; --       ; --           ;
; T28      ; 305        ; 6B             ; RESERVED_INPUT_WITH_WEAK_PULLUP ;        ;              ;                     ; Row I/O      ;                 ; no       ; On           ;
; U1       ;            ;                ; GND                             ; gnd    ;              ;                     ; --           ;                 ; --       ; --           ;
; U2       ;            ;                ; GND                             ; gnd    ;              ;                     ; --           ;                 ; --       ; --           ;
; U3       ;            ;                ; GND                             ; gnd    ;              ;                     ; --           ;                 ; --       ; --           ;
; U4       ;            ; --             ; VCCA_FPLL                       ; power  ;              ; 2.5V                ; --           ;                 ; --       ; --           ;
; U5       ;            ;                ; GND                             ; gnd    ;              ;                     ; --           ;                 ; --       ; --           ;
; U8       ;            ;                ; DNU                             ;        ;              ;                     ; --           ;                 ; --       ; --           ;
; U9       ; 58         ; 3A             ; RESERVED_INPUT_WITH_WEAK_PULLUP ;        ;              ;                     ; Column I/O   ;                 ; no       ; On           ;
; U10      ; 62         ; 3A             ; fuzz_out[16]                    ; output ; 3.3-V LVTTL  ;                     ; Column I/O   ; N               ; no       ; Off          ;
; U11      ; 104        ; 3B             ; fuzz_out[13]                    ; output ; 3.3-V LVTTL  ;                     ; Column I/O   ; N               ; no       ; Off          ;
; U12      ;            ;                ; GND                             ; gnd    ;              ;                     ; --           ;                 ; --       ; --           ;
; U13      ; 136        ; 4A             ; fuzz_out[5]                     ; output ; 3.3-V LVTTL  ;                     ; Column I/O   ; Y               ; no       ; Off          ;
; U14      ; 138        ; 4A             ; fuzz_out[4]                     ; output ; 3.3-V LVTTL  ;                     ; Column I/O   ; Y               ; no       ; Off          ;
; U15      ; 278        ; 6B             ; RESERVED_INPUT_WITH_WEAK_PULLUP ;        ;              ;                     ; Row I/O      ;                 ; no       ; On           ;
; U16      ; 276        ; 6B             ; RESERVED_INPUT_WITH_WEAK_PULLUP ;        ;              ;                     ; Row I/O      ;                 ; no       ; On           ;
; U17      ;            ;                ; GND                             ; gnd    ;              ;                     ; --           ;                 ; --       ; --           ;
; U18      ;            ; 6B             ; VCCIO6B_HPS                     ; power  ;              ; 2.5V                ; --           ;                 ; --       ; --           ;
; U19      ; 284        ; 6B             ; RESERVED_INPUT_WITH_WEAK_PULLUP ;        ;              ;                     ; Row I/O      ;                 ; no       ; On           ;
; U20      ;            ;                ; GND                             ; gnd    ;              ;                     ; --           ;                 ; --       ; --           ;
; U21      ;            ; --             ; VCC_HPS                         ; power  ;              ; 1.1V                ; --           ;                 ; --       ; --           ;
; U24      ;            ;                ; GND                             ; gnd    ;              ;                     ; --           ;                 ; --       ; --           ;
; U25      ; 272        ; 6B             ; RESERVED_INPUT_WITH_WEAK_PULLUP ;        ;              ;                     ; Row I/O      ;                 ; no       ; On           ;
; U26      ;            ; --             ; VCC                             ; power  ;              ; 1.1V                ; --           ;                 ; --       ; --           ;
; U27      ;            ;                ; GND                             ; gnd    ;              ;                     ; --           ;                 ; --       ; --           ;
; U28      ; 303        ; 6B             ; RESERVED_INPUT_WITH_WEAK_PULLUP ;        ;              ;                     ; Row I/O      ;                 ; no       ; On           ;
; V1       ;            ;                ; GND                             ; gnd    ;              ;                     ; --           ;                 ; --       ; --           ;
; V2       ;            ;                ; GND                             ; gnd    ;              ;                     ; --           ;                 ; --       ; --           ;
; V3       ;            ;                ; GND                             ; gnd    ;              ;                     ; --           ;                 ; --       ; --           ;
; V4       ;            ;                ; GND                             ; gnd    ;              ;                     ; --           ;                 ; --       ; --           ;
; V5       ;            ;                ; GND                             ; gnd    ;              ;                     ; --           ;                 ; --       ; --           ;
; V8       ;            ;                ; GND                             ; gnd    ;              ;                     ; --           ;                 ; --       ; --           ;
; V9       ;            ;                ; GND                             ; gnd    ;              ;                     ; --           ;                 ; --       ; --           ;
; V10      ; 60         ; 3A             ; fuzz_out[18]                    ; output ; 3.3-V LVTTL  ;                     ; Column I/O   ; N               ; no       ; Off          ;
; V11      ; 114        ; 3B             ; clk                             ; input  ; 3.3-V LVTTL  ;                     ; Column I/O   ; Y               ; no       ; Off          ;
; V12      ; 130        ; 3B             ; RESERVED_INPUT_WITH_WEAK_PULLUP ;        ;              ;                     ; Column I/O   ;                 ; no       ; On           ;
; V13      ; 152        ; 4A             ; RESERVED_INPUT_WITH_WEAK_PULLUP ;        ;              ;                     ; Column I/O   ;                 ; no       ; On           ;
; V14      ;            ;                ; GND                             ; gnd    ;              ;                     ; --           ;                 ; --       ; --           ;
; V15      ; 227        ; 5A             ; led[3]                          ; output ; 3.3-V LVTTL  ;                     ; Row I/O      ; Y               ; no       ; Off          ;
; V16      ; 225        ; 5A             ; led[2]                          ; output ; 3.3-V LVTTL  ;                     ; Row I/O      ; Y               ; no       ; Off          ;
; V17      ; 270        ; 6B             ; RESERVED_INPUT_WITH_WEAK_PULLUP ;        ;              ;                     ; Row I/O      ;                 ; no       ; On           ;
; V18      ; 268        ; 6B             ; RESERVED_INPUT_WITH_WEAK_PULLUP ;        ;              ;                     ; Row I/O      ;                 ; no       ; On           ;
; V19      ; 266        ; 6B             ; RESERVED_INPUT_WITH_WEAK_PULLUP ;        ;              ;                     ; Row I/O      ;                 ; no       ; On           ;
; V20      ; 264        ; 6B             ; RESERVED_INPUT_WITH_WEAK_PULLUP ;        ;              ;                     ; Row I/O      ;                 ; no       ; On           ;
; V21      ;            ;                ; GND                             ; gnd    ;              ;                     ; --           ;                 ; --       ; --           ;
; V24      ; 269        ; 6B             ; RESERVED_INPUT_WITH_WEAK_PULLUP ;        ;              ;                     ; Row I/O      ;                 ; no       ; On           ;
; V25      ; 271        ; 6B             ; RESERVED_INPUT_WITH_WEAK_PULLUP ;        ;              ;                     ; Row I/O      ;                 ; no       ; On           ;
; V26      ;            ;                ; GND                             ; gnd    ;              ;                     ; --           ;                 ; --       ; --           ;
; V27      ; 295        ; 6B             ; RESERVED_INPUT_WITH_WEAK_PULLUP ;        ;              ;                     ; Row I/O      ;                 ; no       ; On           ;
; V28      ; 301        ; 6B             ; RESERVED_INPUT_WITH_WEAK_PULLUP ;        ;              ;                     ; Row I/O      ;                 ; no       ; On           ;
; W1       ;            ;                ; GND                             ; gnd    ;              ;                     ; --           ;                 ; --       ; --           ;
; W2       ;            ;                ; GND                             ; gnd    ;              ;                     ; --           ;                 ; --       ; --           ;
; W3       ;            ;                ; GND                             ; gnd    ;              ;                     ; --           ;                 ; --       ; --           ;
; W4       ;            ;                ; GND                             ; gnd    ;              ;                     ; --           ;                 ; --       ; --           ;
; W5       ;            ; --             ; VCCA_FPLL                       ; power  ;              ; 2.5V                ; --           ;                 ; --       ; --           ;
; W8       ; 54         ; 3A             ; RESERVED_INPUT_WITH_WEAK_PULLUP ;        ;              ;                     ; Column I/O   ;                 ; no       ; On           ;
; W9       ;            ; 3A             ; VCCIO3A                         ; power  ;              ; 3.3V                ; --           ;                 ; --       ; --           ;
; W10      ; 48         ; 3A             ; altera_reserved_tdi             ; input  ; 3.3-V LVTTL  ;                     ; --           ; N               ; no       ; Off          ;
; W11      ; 112        ; 3B             ; RESERVED_INPUT_WITH_WEAK_PULLUP ;        ;              ;                     ; Column I/O   ;                 ; no       ; On           ;
; W12      ; 128        ; 3B             ; RESERVED_INPUT_WITH_WEAK_PULLUP ;        ;              ;                     ; Column I/O   ;                 ; no       ; On           ;
; W13      ;            ; 4A             ; VCCIO4A                         ; power  ;              ; 3.3V                ; --           ;                 ; --       ; --           ;
; W14      ; 154        ; 4A             ; RESERVED_INPUT_WITH_WEAK_PULLUP ;        ;              ;                     ; Column I/O   ;                 ; no       ; On           ;
; W15      ; 223        ; 5A             ; led[0]                          ; output ; 3.3-V LVTTL  ;                     ; Row I/O      ; Y               ; no       ; Off          ;
; W16      ;            ;                ; GND                             ; gnd    ;              ;                     ; --           ;                 ; --       ; --           ;
; W17      ;            ; 5A             ; VCCIO5A                         ; power  ;              ; 3.3V                ; --           ;                 ; --       ; --           ;
; W18      ;            ;                ; GND                             ; gnd    ;              ;                     ; --           ;                 ; --       ; --           ;
; W19      ;            ; 5B             ; VCCPD5B                         ; power  ;              ; 2.5V                ; --           ;                 ; --       ; --           ;
; W20      ; 254        ; 5B             ; RESERVED_INPUT_WITH_WEAK_PULLUP ;        ;              ;                     ; Row I/O      ;                 ; no       ; On           ;
; W21      ; 252        ; 5B             ; RESERVED_INPUT_WITH_WEAK_PULLUP ;        ;              ;                     ; Row I/O      ;                 ; no       ; On           ;
; W24      ; 258        ; 5B             ; RESERVED_INPUT_WITH_WEAK_PULLUP ;        ;              ;                     ; Row I/O      ;                 ; no       ; On           ;
; W25      ;            ; 5B             ; VCCIO5B                         ; power  ;              ; 2.5V                ; --           ;                 ; --       ; --           ;
; W26      ; 287        ; 6B             ; RESERVED_INPUT_WITH_WEAK_PULLUP ;        ;              ;                     ; Row I/O      ;                 ; no       ; On           ;
; W27      ;            ; 6B             ; VCCIO6B_HPS                     ; power  ;              ; 2.5V                ; --           ;                 ; --       ; --           ;
; W28      ; 293        ; 6B             ; RESERVED_INPUT_WITH_WEAK_PULLUP ;        ;              ;                     ; Row I/O      ;                 ; no       ; On           ;
; Y1       ;            ;                ; DNU                             ;        ;              ;                     ; --           ;                 ; --       ; --           ;
; Y2       ;            ;                ; DNU                             ;        ;              ;                     ; --           ;                 ; --       ; --           ;
; Y3       ;            ;                ; GND                             ; gnd    ;              ;                     ; --           ;                 ; --       ; --           ;
; Y4       ; 53         ; 3A             ; RESERVED_INPUT_WITH_WEAK_PULLUP ;        ;              ;                     ; Column I/O   ;                 ; no       ; On           ;
; Y5       ; 55         ; 3A             ; RESERVED_INPUT_WITH_WEAK_PULLUP ;        ;              ;                     ; Column I/O   ;                 ; no       ; On           ;
; Y8       ; 52         ; 3A             ; RESERVED_INPUT_WITH_WEAK_PULLUP ;        ;              ;                     ; Column I/O   ;                 ; no       ; On           ;
; Y9       ; 42         ; 3A             ; altera_reserved_tdo             ; output ; 3.3-V LVTTL  ;                     ; --           ; N               ; no       ; Off          ;
; Y10      ;            ; --             ; VCCPGM                          ; power  ;              ; 1.8V/2.5V/3.0V/3.3V ; --           ;                 ; --       ; --           ;
; Y11      ; 66         ; 3A             ; fuzz_out[26]                    ; output ; 3.3-V LVTTL  ;                     ; Column I/O   ; N               ; no       ; Off          ;
; Y12      ;            ;                ; GND                             ; gnd    ;              ;                     ; --           ;                 ; --       ; --           ;
; Y13      ; 146        ; 4A             ; RESERVED_INPUT_WITH_WEAK_PULLUP ;        ;              ;                     ; Column I/O   ;                 ; no       ; On           ;
; Y14      ;            ;                ; GND                             ; gnd    ;              ;                     ; --           ;                 ; --       ; --           ;
; Y15      ; 162        ; 4A             ; RESERVED_INPUT_WITH_WEAK_PULLUP ;        ;              ;                     ; Column I/O   ;                 ; no       ; On           ;
; Y16      ; 221        ; 5A             ; led[6]                          ; output ; 3.3-V LVTTL  ;                     ; Row I/O      ; Y               ; no       ; Off          ;
; Y17      ; 217        ; 5A             ; RESERVED_INPUT_WITH_WEAK_PULLUP ;        ;              ;                     ; Row I/O      ;                 ; no       ; On           ;
; Y18      ; 219        ; 5A             ; RESERVED_INPUT_WITH_WEAK_PULLUP ;        ;              ;                     ; Row I/O      ;                 ; no       ; On           ;
; Y19      ; 215        ; 5A             ; RESERVED_INPUT_WITH_WEAK_PULLUP ;        ;              ;                     ; Row I/O      ;                 ; no       ; On           ;
; Y20      ;            ;                ; GND                             ; gnd    ;              ;                     ; --           ;                 ; --       ; --           ;
; Y21      ;            ; 5A             ; VCCPD5A                         ; power  ;              ; 3.3V                ; --           ;                 ; --       ; --           ;
; Y24      ; 256        ; 5B             ; RESERVED_INPUT_WITH_WEAK_PULLUP ;        ;              ;                     ; Row I/O      ;                 ; no       ; On           ;
; Y25      ;            ;                ; GND                             ; gnd    ;              ;                     ; --           ;                 ; --       ; --           ;
; Y26      ; 285        ; 6B             ; RESERVED_INPUT_WITH_WEAK_PULLUP ;        ;              ;                     ; Row I/O      ;                 ; no       ; On           ;
; Y27      ; 281        ; 6B             ; RESERVED_INPUT_WITH_WEAK_PULLUP ;        ;              ;                     ; Row I/O      ;                 ; no       ; On           ;
; Y28      ; 291        ; 6B             ; RESERVED_INPUT_WITH_WEAK_PULLUP ;        ;              ;                     ; Row I/O      ;                 ; no       ; On           ;
+----------+------------+----------------+---------------------------------+--------+--------------+---------------------+--------------+-----------------+----------+--------------+
Note: Pin directions (input, output or bidir) are based on device operating in user mode.


+-----------------------------------------------------------+
; I/O Assignment Warnings                                   ;
+--------------------+--------------------------------------+
; Pin Name           ; Reason                               ;
+--------------------+--------------------------------------+
; led[0]             ; Missing drive strength and slew rate ;
; led[1]             ; Missing drive strength and slew rate ;
; led[2]             ; Missing drive strength and slew rate ;
; led[3]             ; Missing drive strength and slew rate ;
; led[4]             ; Missing drive strength and slew rate ;
; led[5]             ; Missing drive strength and slew rate ;
; led[6]             ; Missing drive strength and slew rate ;
; led[7]             ; Missing drive strength and slew rate ;
; resonance_detected ; Missing drive strength and slew rate ;
; heartbeat          ; Missing drive strength and slew rate ;
; fuzz_out[0]        ; Missing drive strength and slew rate ;
; fuzz_out[1]        ; Missing drive strength and slew rate ;
; fuzz_out[2]        ; Missing drive strength and slew rate ;
; fuzz_out[3]        ; Missing drive strength and slew rate ;
; fuzz_out[4]        ; Missing drive strength and slew rate ;
; fuzz_out[5]        ; Missing drive strength and slew rate ;
; fuzz_out[6]        ; Missing drive strength and slew rate ;
; fuzz_out[7]        ; Missing drive strength and slew rate ;
; fuzz_out[8]        ; Missing drive strength and slew rate ;
; fuzz_out[9]        ; Missing drive strength and slew rate ;
; fuzz_out[10]       ; Missing drive strength and slew rate ;
; fuzz_out[11]       ; Missing drive strength and slew rate ;
; fuzz_out[12]       ; Missing drive strength and slew rate ;
; fuzz_out[13]       ; Missing drive strength and slew rate ;
; fuzz_out[14]       ; Missing drive strength and slew rate ;
; fuzz_out[15]       ; Missing drive strength and slew rate ;
; fuzz_out[16]       ; Missing drive strength and slew rate ;
; fuzz_out[17]       ; Missing drive strength and slew rate ;
; fuzz_out[18]       ; Missing drive strength and slew rate ;
; fuzz_out[19]       ; Missing drive strength and slew rate ;
; fuzz_out[20]       ; Missing drive strength and slew rate ;
; fuzz_out[21]       ; Missing drive strength and slew rate ;
; fuzz_out[22]       ; Missing drive strength and slew rate ;
; fuzz_out[23]       ; Missing drive strength and slew rate ;
; fuzz_out[24]       ; Missing drive strength and slew rate ;
; fuzz_out[25]       ; Missing drive strength and slew rate ;
; fuzz_out[26]       ; Missing drive strength and slew rate ;
; fuzz_out[27]       ; Missing drive strength and slew rate ;
; fuzz_out[28]       ; Missing drive strength and slew rate ;
; fuzz_out[29]       ; Missing drive strength and slew rate ;
; fuzz_out[30]       ; Missing drive strength and slew rate ;
; fuzz_out[31]       ; Missing drive strength and slew rate ;
; resonance_detected ; Missing location assignment          ;
; heartbeat          ; Missing location assignment          ;
; fuzz_out[8]        ; Missing location assignment          ;
; fuzz_out[9]        ; Missing location assignment          ;
; fuzz_out[10]       ; Missing location assignment          ;
; fuzz_out[11]       ; Missing location assignment          ;
; fuzz_out[12]       ; Missing location assignment          ;
; fuzz_out[13]       ; Missing location assignment          ;
; fuzz_out[14]       ; Missing location assignment          ;
; fuzz_out[15]       ; Missing location assignment          ;
; fuzz_out[16]       ; Missing location assignment          ;
; fuzz_out[17]       ; Missing location assignment          ;
; fuzz_out[18]       ; Missing location assignment          ;
; fuzz_out[19]       ; Missing location assignment          ;
; fuzz_out[20]       ; Missing location assignment          ;
; fuzz_out[21]       ; Missing location assignment          ;
; fuzz_out[22]       ; Missing location assignment          ;
; fuzz_out[23]       ; Missing location assignment          ;
; fuzz_out[24]       ; Missing location assignment          ;
; fuzz_out[25]       ; Missing location assignment          ;
; fuzz_out[26]       ; Missing location assignment          ;
; fuzz_out[27]       ; Missing location assignment          ;
; fuzz_out[28]       ; Missing location assignment          ;
; fuzz_out[29]       ; Missing location assignment          ;
; fuzz_out[30]       ; Missing location assignment          ;
; fuzz_out[31]       ; Missing location assignment          ;
+--------------------+--------------------------------------+


+-----------------------------------------------------------------------------------------------------------------------------------------------------------------------------------------------------------------------------------------------------------------------------------------------------------------------------------------------------------------------------------------------------------------------------------------------------------------------------------------------------------------------------------------------------------------------------------------------------------------------------------------------------------------------------------------------------------------------------------------------------------------------------------------------------------------------------------------------------------------------+
; Fitter Resource Utilization by Entity                                                                                                                                                                                                                                                                                                                                                                                                                                                                                                                                                                                                                                                                                                                                                                                                                                 ;
+-----------------------------------------------------------------------------------------------------------------------------------------+----------------------+----------------------------------+---------------------------------------------------+----------------------------------+----------------------+---------------------+---------------------------+---------------+-------------------+-------+------------+------+--------------+----------------------------------------------------------------------------------------------------------------------------------------------------------------------------------------------------------------------------------------------------------------------------------------------------------------------------------------------------------------+------------------------------------+--------------+
; Compilation Hierarchy Node                                                                                                              ; ALMs needed [=A-B+C] ; [A] ALMs used in final placement ; [B] Estimate of ALMs recoverable by dense packing ; [C] Estimate of ALMs unavailable ; ALMs used for memory ; Combinational ALUTs ; Dedicated Logic Registers ; I/O Registers ; Block Memory Bits ; M10Ks ; DSP Blocks ; Pins ; Virtual Pins ; Full Hierarchy Name                                                                                                                                                                                                                                                                                                                                            ; Entity Name                        ; Library Name ;
+-----------------------------------------------------------------------------------------------------------------------------------------+----------------------+----------------------------------+---------------------------------------------------+----------------------------------+----------------------+---------------------+---------------------------+---------------+-------------------+-------+------------+------+--------------+----------------------------------------------------------------------------------------------------------------------------------------------------------------------------------------------------------------------------------------------------------------------------------------------------------------------------------------------------------------+------------------------------------+--------------+
; |nrm_system_wrapper                                                                                                                     ; 750.5 (1.0)          ; 953.5 (1.0)                      ; 203.0 (0.0)                                       ; 0.0 (0.0)                        ; 0.0 (0.0)            ; 1058 (3)            ; 1319 (0)                  ; 0 (0)         ; 512               ; 1     ; 1          ; 44   ; 0            ; |nrm_system_wrapper                                                                                                                                                                                                                                                                                                                                            ; nrm_system_wrapper                 ; work         ;
;    |jtag_system:u0|                                                                                                                     ; 348.3 (0.0)          ; 428.5 (0.0)                      ; 80.2 (0.0)                                        ; 0.0 (0.0)                        ; 0.0 (0.0)            ; 544 (0)             ; 546 (0)                   ; 0 (0)         ; 512               ; 1     ; 0          ; 0    ; 0            ; |nrm_system_wrapper|jtag_system:u0                                                                                                                                                                                                                                                                                                                             ; jtag_system                        ; jtag_system  ;
;       |jtag_system_master_0:master_0|                                                                                                   ; 327.8 (0.0)          ; 392.7 (0.0)                      ; 64.8 (0.0)                                        ; 0.0 (0.0)                        ; 0.0 (0.0)            ; 506 (0)             ; 470 (0)                   ; 0 (0)         ; 512               ; 1     ; 0          ; 0    ; 0            ; |nrm_system_wrapper|jtag_system:u0|jtag_system_master_0:master_0                                                                                                                                                                                                                                                                                               ; jtag_system_master_0               ; jtag_system  ;
;          |altera_avalon_packets_to_master:transacto|                                                                                    ; 93.7 (0.0)           ; 113.0 (0.0)                      ; 19.4 (0.0)                                        ; 0.0 (0.0)                        ; 0.0 (0.0)            ; 157 (0)             ; 129 (0)                   ; 0 (0)         ; 0                 ; 0     ; 0          ; 0    ; 0            ; |nrm_system_wrapper|jtag_system:u0|jtag_system_master_0:master_0|altera_avalon_packets_to_master:transacto                                                                                                                                                                                                                                                     ; altera_avalon_packets_to_master    ; jtag_system  ;
;             |packets_to_master:p2m|                                                                                                     ; 93.7 (93.7)          ; 113.0 (113.0)                    ; 19.4 (19.4)                                       ; 0.0 (0.0)                        ; 0.0 (0.0)            ; 157 (157)           ; 129 (129)                 ; 0 (0)         ; 0                 ; 0     ; 0          ; 0    ; 0            ; |nrm_system_wrapper|jtag_system:u0|jtag_system_master_0:master_0|altera_avalon_packets_to_master:transacto|packets_to_master:p2m                                                                                                                                                                                                                               ; packets_to_master                  ; jtag_system  ;
;          |altera_avalon_sc_fifo:fifo|                                                                                                   ; 15.7 (15.7)          ; 16.0 (16.0)                      ; 0.3 (0.3)                                         ; 0.0 (0.0)                        ; 0.0 (0.0)            ; 27 (27)             ; 19 (19)                   ; 0 (0)         ; 512               ; 1     ; 0          ; 0    ; 0            ; |nrm_system_wrapper|jtag_system:u0|jtag_system_master_0:master_0|altera_avalon_sc_fifo:fifo                                                                                                                                                                                                                                                                    ; altera_avalon_sc_fifo              ; jtag_system  ;
;             |altsyncram:mem_rtl_0|                                                                                                      ; 0.0 (0.0)            ; 0.0 (0.0)                        ; 0.0 (0.0)                                         ; 0.0 (0.0)                        ; 0.0 (0.0)            ; 0 (0)               ; 0 (0)                     ; 0 (0)         ; 512               ; 1     ; 0          ; 0    ; 0            ; |nrm_system_wrapper|jtag_system:u0|jtag_system_master_0:master_0|altera_avalon_sc_fifo:fifo|altsyncram:mem_rtl_0                                                                                                                                                                                                                                               ; altsyncram                         ; work         ;
;                |altsyncram_g0n1:auto_generated|                                                                                         ; 0.0 (0.0)            ; 0.0 (0.0)                        ; 0.0 (0.0)                                         ; 0.0 (0.0)                        ; 0.0 (0.0)            ; 0 (0)               ; 0 (0)                     ; 0 (0)         ; 512               ; 1     ; 0          ; 0    ; 0            ; |nrm_system_wrapper|jtag_system:u0|jtag_system_master_0:master_0|altera_avalon_sc_fifo:fifo|altsyncram:mem_rtl_0|altsyncram_g0n1:auto_generated                                                                                                                                                                                                                ; altsyncram_g0n1                    ; work         ;
;          |altera_avalon_st_bytes_to_packets:b2p|                                                                                        ; 6.7 (6.7)            ; 9.3 (9.3)                        ; 2.7 (2.7)                                         ; 0.0 (0.0)                        ; 0.0 (0.0)            ; 11 (11)             ; 13 (13)                   ; 0 (0)         ; 0                 ; 0     ; 0          ; 0    ; 0            ; |nrm_system_wrapper|jtag_system:u0|jtag_system_master_0:master_0|altera_avalon_st_bytes_to_packets:b2p                                                                                                                                                                                                                                                         ; altera_avalon_st_bytes_to_packets  ; jtag_system  ;
;          |altera_avalon_st_jtag_interface:jtag_phy_embedded_in_jtag_master|                                                             ; 196.2 (0.0)          ; 237.1 (0.0)                      ; 40.9 (0.0)                                        ; 0.0 (0.0)                        ; 0.0 (0.0)            ; 283 (0)             ; 290 (0)                   ; 0 (0)         ; 0                 ; 0     ; 0          ; 0    ; 0            ; |nrm_system_wrapper|jtag_system:u0|jtag_system_master_0:master_0|altera_avalon_st_jtag_interface:jtag_phy_embedded_in_jtag_master                                                                                                                                                                                                                              ; altera_avalon_st_jtag_interface    ; jtag_system  ;
;             |altera_jtag_dc_streaming:normal.jtag_dc_streaming|                                                                         ; 194.8 (0.0)          ; 235.8 (0.0)                      ; 40.9 (0.0)                                        ; 0.0 (0.0)                        ; 0.0 (0.0)            ; 280 (0)             ; 290 (0)                   ; 0 (0)         ; 0                 ; 0     ; 0          ; 0    ; 0            ; |nrm_system_wrapper|jtag_system:u0|jtag_system_master_0:master_0|altera_avalon_st_jtag_interface:jtag_phy_embedded_in_jtag_master|altera_jtag_dc_streaming:normal.jtag_dc_streaming                                                                                                                                                                            ; altera_jtag_dc_streaming           ; jtag_system  ;
;                |altera_avalon_st_clock_crosser:sink_crosser|                                                                            ; 13.1 (3.1)           ; 24.0 (9.1)                       ; 10.9 (6.0)                                        ; 0.0 (0.0)                        ; 0.0 (0.0)            ; 9 (4)               ; 51 (19)                   ; 0 (0)         ; 0                 ; 0     ; 0          ; 0    ; 0            ; |nrm_system_wrapper|jtag_system:u0|jtag_system_master_0:master_0|altera_avalon_st_jtag_interface:jtag_phy_embedded_in_jtag_master|altera_jtag_dc_streaming:normal.jtag_dc_streaming|altera_avalon_st_clock_crosser:sink_crosser                                                                                                                                ; altera_avalon_st_clock_crosser     ; jtag_system  ;
;                   |altera_avalon_st_pipeline_base:output_stage|                                                                         ; 8.2 (8.2)            ; 10.9 (10.9)                      ; 2.8 (2.8)                                         ; 0.0 (0.0)                        ; 0.0 (0.0)            ; 5 (5)               ; 21 (21)                   ; 0 (0)         ; 0                 ; 0     ; 0          ; 0    ; 0            ; |nrm_system_wrapper|jtag_system:u0|jtag_system_master_0:master_0|altera_avalon_st_jtag_interface:jtag_phy_embedded_in_jtag_master|altera_jtag_dc_streaming:normal.jtag_dc_streaming|altera_avalon_st_clock_crosser:sink_crosser|altera_avalon_st_pipeline_base:output_stage                                                                                    ; altera_avalon_st_pipeline_base     ; jtag_system  ;
;                   |altera_std_synchronizer_nocut:in_to_out_synchronizer|                                                                ; 0.0 (0.0)            ; 1.2 (1.2)                        ; 1.2 (1.2)                                         ; 0.0 (0.0)                        ; 0.0 (0.0)            ; 0 (0)               ; 3 (3)                     ; 0 (0)         ; 0                 ; 0     ; 0          ; 0    ; 0            ; |nrm_system_wrapper|jtag_system:u0|jtag_system_master_0:master_0|altera_avalon_st_jtag_interface:jtag_phy_embedded_in_jtag_master|altera_jtag_dc_streaming:normal.jtag_dc_streaming|altera_avalon_st_clock_crosser:sink_crosser|altera_std_synchronizer_nocut:in_to_out_synchronizer                                                                           ; altera_std_synchronizer_nocut      ; jtag_system  ;
;                   |altera_std_synchronizer_nocut:out_to_in_synchronizer|                                                                ; 1.8 (1.8)            ; 2.7 (2.7)                        ; 0.9 (0.9)                                         ; 0.0 (0.0)                        ; 0.0 (0.0)            ; 0 (0)               ; 8 (8)                     ; 0 (0)         ; 0                 ; 0     ; 0          ; 0    ; 0            ; |nrm_system_wrapper|jtag_system:u0|jtag_system_master_0:master_0|altera_avalon_st_jtag_interface:jtag_phy_embedded_in_jtag_master|altera_jtag_dc_streaming:normal.jtag_dc_streaming|altera_avalon_st_clock_crosser:sink_crosser|altera_std_synchronizer_nocut:out_to_in_synchronizer                                                                           ; altera_std_synchronizer_nocut      ; jtag_system  ;
;                |altera_jtag_src_crosser:source_crosser|                                                                                 ; 3.0 (2.8)            ; 12.8 (8.3)                       ; 9.8 (5.5)                                         ; 0.0 (0.0)                        ; 0.0 (0.0)            ; 1 (0)               ; 27 (18)                   ; 0 (0)         ; 0                 ; 0     ; 0          ; 0    ; 0            ; |nrm_system_wrapper|jtag_system:u0|jtag_system_master_0:master_0|altera_avalon_st_jtag_interface:jtag_phy_embedded_in_jtag_master|altera_jtag_dc_streaming:normal.jtag_dc_streaming|altera_jtag_src_crosser:source_crosser                                                                                                                                     ; altera_jtag_src_crosser            ; jtag_system  ;
;                   |altera_jtag_control_signal_crosser:crosser|                                                                          ; 0.2 (0.2)            ; 4.5 (0.7)                        ; 4.3 (0.5)                                         ; 0.0 (0.0)                        ; 0.0 (0.0)            ; 1 (1)               ; 9 (1)                     ; 0 (0)         ; 0                 ; 0     ; 0          ; 0    ; 0            ; |nrm_system_wrapper|jtag_system:u0|jtag_system_master_0:master_0|altera_avalon_st_jtag_interface:jtag_phy_embedded_in_jtag_master|altera_jtag_dc_streaming:normal.jtag_dc_streaming|altera_jtag_src_crosser:source_crosser|altera_jtag_control_signal_crosser:crosser                                                                                          ; altera_jtag_control_signal_crosser ; jtag_system  ;
;                      |altera_std_synchronizer:synchronizer|                                                                             ; 0.0 (0.0)            ; 3.8 (3.8)                        ; 3.8 (3.8)                                         ; 0.0 (0.0)                        ; 0.0 (0.0)            ; 0 (0)               ; 8 (8)                     ; 0 (0)         ; 0                 ; 0     ; 0          ; 0    ; 0            ; |nrm_system_wrapper|jtag_system:u0|jtag_system_master_0:master_0|altera_avalon_st_jtag_interface:jtag_phy_embedded_in_jtag_master|altera_jtag_dc_streaming:normal.jtag_dc_streaming|altera_jtag_src_crosser:source_crosser|altera_jtag_control_signal_crosser:crosser|altera_std_synchronizer:synchronizer                                                     ; altera_std_synchronizer            ; work         ;
;                |altera_jtag_streaming:jtag_streaming|                                                                                   ; 178.7 (172.2)        ; 197.3 (185.2)                    ; 18.6 (12.9)                                       ; 0.0 (0.0)                        ; 0.0 (0.0)            ; 269 (261)           ; 209 (190)                 ; 0 (0)         ; 0                 ; 0     ; 0          ; 0    ; 0            ; |nrm_system_wrapper|jtag_system:u0|jtag_system_master_0:master_0|altera_avalon_st_jtag_interface:jtag_phy_embedded_in_jtag_master|altera_jtag_dc_streaming:normal.jtag_dc_streaming|altera_jtag_streaming:jtag_streaming                                                                                                                                       ; altera_jtag_streaming              ; jtag_system  ;
;                   |altera_avalon_st_idle_inserter:idle_inserter|                                                                        ; 1.8 (1.8)            ; 2.2 (2.2)                        ; 0.4 (0.4)                                         ; 0.0 (0.0)                        ; 0.0 (0.0)            ; 3 (3)               ; 1 (1)                     ; 0 (0)         ; 0                 ; 0     ; 0          ; 0    ; 0            ; |nrm_system_wrapper|jtag_system:u0|jtag_system_master_0:master_0|altera_avalon_st_jtag_interface:jtag_phy_embedded_in_jtag_master|altera_jtag_dc_streaming:normal.jtag_dc_streaming|altera_jtag_streaming:jtag_streaming|altera_avalon_st_idle_inserter:idle_inserter                                                                                          ; altera_avalon_st_idle_inserter     ; jtag_system  ;
;                   |altera_avalon_st_idle_remover:idle_remover|                                                                          ; 2.3 (2.3)            ; 2.9 (2.9)                        ; 0.6 (0.6)                                         ; 0.0 (0.0)                        ; 0.0 (0.0)            ; 4 (4)               ; 1 (1)                     ; 0 (0)         ; 0                 ; 0     ; 0          ; 0    ; 0            ; |nrm_system_wrapper|jtag_system:u0|jtag_system_master_0:master_0|altera_avalon_st_jtag_interface:jtag_phy_embedded_in_jtag_master|altera_jtag_dc_streaming:normal.jtag_dc_streaming|altera_jtag_streaming:jtag_streaming|altera_avalon_st_idle_remover:idle_remover                                                                                            ; altera_avalon_st_idle_remover      ; jtag_system  ;
;                   |altera_std_synchronizer:clock_sense_reset_n_synchronizer|                                                            ; 0.0 (0.0)            ; 4.0 (4.0)                        ; 4.0 (4.0)                                         ; 0.0 (0.0)                        ; 0.0 (0.0)            ; 1 (1)               ; 8 (8)                     ; 0 (0)         ; 0                 ; 0     ; 0          ; 0    ; 0            ; |nrm_system_wrapper|jtag_system:u0|jtag_system_master_0:master_0|altera_avalon_st_jtag_interface:jtag_phy_embedded_in_jtag_master|altera_jtag_dc_streaming:normal.jtag_dc_streaming|altera_jtag_streaming:jtag_streaming|altera_std_synchronizer:clock_sense_reset_n_synchronizer                                                                              ; altera_std_synchronizer            ; work         ;
;                   |altera_std_synchronizer:clock_sensor_synchronizer|                                                                   ; 0.5 (0.5)            ; 0.9 (0.9)                        ; 0.4 (0.4)                                         ; 0.0 (0.0)                        ; 0.0 (0.0)            ; 0 (0)               ; 3 (3)                     ; 0 (0)         ; 0                 ; 0     ; 0          ; 0    ; 0            ; |nrm_system_wrapper|jtag_system:u0|jtag_system_master_0:master_0|altera_avalon_st_jtag_interface:jtag_phy_embedded_in_jtag_master|altera_jtag_dc_streaming:normal.jtag_dc_streaming|altera_jtag_streaming:jtag_streaming|altera_std_synchronizer:clock_sensor_synchronizer                                                                                     ; altera_std_synchronizer            ; work         ;
;                   |altera_std_synchronizer:clock_to_sample_div2_synchronizer|                                                           ; 0.9 (0.9)            ; 0.9 (0.9)                        ; 0.0 (0.0)                                         ; 0.0 (0.0)                        ; 0.0 (0.0)            ; 0 (0)               ; 3 (3)                     ; 0 (0)         ; 0                 ; 0     ; 0          ; 0    ; 0            ; |nrm_system_wrapper|jtag_system:u0|jtag_system_master_0:master_0|altera_avalon_st_jtag_interface:jtag_phy_embedded_in_jtag_master|altera_jtag_dc_streaming:normal.jtag_dc_streaming|altera_jtag_streaming:jtag_streaming|altera_std_synchronizer:clock_to_sample_div2_synchronizer                                                                             ; altera_std_synchronizer            ; work         ;
;                   |altera_std_synchronizer:reset_to_sample_synchronizer|                                                                ; 0.9 (0.9)            ; 1.2 (1.2)                        ; 0.3 (0.3)                                         ; 0.0 (0.0)                        ; 0.0 (0.0)            ; 0 (0)               ; 3 (3)                     ; 0 (0)         ; 0                 ; 0     ; 0          ; 0    ; 0            ; |nrm_system_wrapper|jtag_system:u0|jtag_system_master_0:master_0|altera_avalon_st_jtag_interface:jtag_phy_embedded_in_jtag_master|altera_jtag_dc_streaming:normal.jtag_dc_streaming|altera_jtag_streaming:jtag_streaming|altera_std_synchronizer:reset_to_sample_synchronizer                                                                                  ; altera_std_synchronizer            ; work         ;
;                |altera_std_synchronizer:synchronizer|                                                                                   ; 0.0 (0.0)            ; 1.7 (1.7)                        ; 1.7 (1.7)                                         ; 0.0 (0.0)                        ; 0.0 (0.0)            ; 1 (1)               ; 3 (3)                     ; 0 (0)         ; 0                 ; 0     ; 0          ; 0    ; 0            ; |nrm_system_wrapper|jtag_system:u0|jtag_system_master_0:master_0|altera_avalon_st_jtag_interface:jtag_phy_embedded_in_jtag_master|altera_jtag_dc_streaming:normal.jtag_dc_streaming|altera_std_synchronizer:synchronizer                                                                                                                                       ; altera_std_synchronizer            ; work         ;
;             |altera_jtag_sld_node:node|                                                                                                 ; 1.3 (0.0)            ; 1.3 (0.0)                        ; 0.0 (0.0)                                         ; 0.0 (0.0)                        ; 0.0 (0.0)            ; 3 (0)               ; 0 (0)                     ; 0 (0)         ; 0                 ; 0     ; 0          ; 0    ; 0            ; |nrm_system_wrapper|jtag_system:u0|jtag_system_master_0:master_0|altera_avalon_st_jtag_interface:jtag_phy_embedded_in_jtag_master|altera_jtag_sld_node:node                                                                                                                                                                                                    ; altera_jtag_sld_node               ; jtag_system  ;
;                |sld_virtual_jtag_basic:sld_virtual_jtag_component|                                                                      ; 1.3 (1.3)            ; 1.3 (1.3)                        ; 0.0 (0.0)                                         ; 0.0 (0.0)                        ; 0.0 (0.0)            ; 3 (3)               ; 0 (0)                     ; 0 (0)         ; 0                 ; 0     ; 0          ; 0    ; 0            ; |nrm_system_wrapper|jtag_system:u0|jtag_system_master_0:master_0|altera_avalon_st_jtag_interface:jtag_phy_embedded_in_jtag_master|altera_jtag_sld_node:node|sld_virtual_jtag_basic:sld_virtual_jtag_component                                                                                                                                                  ; sld_virtual_jtag_basic             ; work         ;
;          |altera_avalon_st_packets_to_bytes:p2b|                                                                                        ; 15.7 (15.7)          ; 15.7 (15.7)                      ; 0.0 (0.0)                                         ; 0.0 (0.0)                        ; 0.0 (0.0)            ; 27 (27)             ; 16 (16)                   ; 0 (0)         ; 0                 ; 0     ; 0          ; 0    ; 0            ; |nrm_system_wrapper|jtag_system:u0|jtag_system_master_0:master_0|altera_avalon_st_packets_to_bytes:p2b                                                                                                                                                                                                                                                         ; altera_avalon_st_packets_to_bytes  ; jtag_system  ;
;          |altera_reset_controller:rst_controller|                                                                                       ; 0.0 (0.0)            ; 1.5 (0.0)                        ; 1.5 (0.0)                                         ; 0.0 (0.0)                        ; 0.0 (0.0)            ; 1 (0)               ; 3 (0)                     ; 0 (0)         ; 0                 ; 0     ; 0          ; 0    ; 0            ; |nrm_system_wrapper|jtag_system:u0|jtag_system_master_0:master_0|altera_reset_controller:rst_controller                                                                                                                                                                                                                                                        ; altera_reset_controller            ; jtag_system  ;
;             |altera_reset_synchronizer:alt_rst_sync_uq1|                                                                                ; 0.0 (0.0)            ; 1.5 (1.5)                        ; 1.5 (1.5)                                         ; 0.0 (0.0)                        ; 0.0 (0.0)            ; 1 (1)               ; 3 (3)                     ; 0 (0)         ; 0                 ; 0     ; 0          ; 0    ; 0            ; |nrm_system_wrapper|jtag_system:u0|jtag_system_master_0:master_0|altera_reset_controller:rst_controller|altera_reset_synchronizer:alt_rst_sync_uq1                                                                                                                                                                                                             ; altera_reset_synchronizer          ; jtag_system  ;
;       |jtag_system_mm_interconnect_0:mm_interconnect_0|                                                                                 ; 10.6 (0.0)           ; 11.6 (0.0)                       ; 1.0 (0.0)                                         ; 0.0 (0.0)                        ; 0.0 (0.0)            ; 5 (0)               ; 38 (0)                    ; 0 (0)         ; 0                 ; 0     ; 0          ; 0    ; 0            ; |nrm_system_wrapper|jtag_system:u0|jtag_system_mm_interconnect_0:mm_interconnect_0                                                                                                                                                                                                                                                                             ; jtag_system_mm_interconnect_0      ; jtag_system  ;
;          |altera_merlin_slave_translator:pio_injection_s1_translator|                                                                   ; 10.6 (10.6)          ; 11.6 (11.6)                      ; 1.0 (1.0)                                         ; 0.0 (0.0)                        ; 0.0 (0.0)            ; 5 (5)               ; 38 (38)                   ; 0 (0)         ; 0                 ; 0     ; 0          ; 0    ; 0            ; |nrm_system_wrapper|jtag_system:u0|jtag_system_mm_interconnect_0:mm_interconnect_0|altera_merlin_slave_translator:pio_injection_s1_translator                                                                                                                                                                                                                  ; altera_merlin_slave_translator     ; jtag_system  ;
;       |jtag_system_pio_injection:pio_injection|                                                                                         ; 9.9 (9.9)            ; 24.3 (24.3)                      ; 14.3 (14.3)                                       ; 0.0 (0.0)                        ; 0.0 (0.0)            ; 33 (33)             ; 38 (38)                   ; 0 (0)         ; 0                 ; 0     ; 0          ; 0    ; 0            ; |nrm_system_wrapper|jtag_system:u0|jtag_system_pio_injection:pio_injection                                                                                                                                                                                                                                                                                     ; jtag_system_pio_injection          ; jtag_system  ;
;    |nrm_resonance:u1|                                                                                                                   ; 347.7 (347.7)        ; 460.0 (460.0)                    ; 112.3 (112.3)                                     ; 0.0 (0.0)                        ; 0.0 (0.0)            ; 418 (418)           ; 692 (692)                 ; 0 (0)         ; 0                 ; 0     ; 1          ; 0    ; 0            ; |nrm_system_wrapper|nrm_resonance:u1                                                                                                                                                                                                                                                                                                                           ; nrm_resonance                      ; work         ;
;    |sld_hub:auto_hub|                                                                                                                   ; 53.5 (0.5)           ; 64.0 (0.5)                       ; 10.5 (0.0)                                        ; 0.0 (0.0)                        ; 0.0 (0.0)            ; 93 (1)              ; 81 (0)                    ; 0 (0)         ; 0                 ; 0     ; 0          ; 0    ; 0            ; |nrm_system_wrapper|sld_hub:auto_hub                                                                                                                                                                                                                                                                                                                           ; sld_hub                            ; altera_sld   ;
;       |alt_sld_fab_with_jtag_input:\instrumentation_fabric_with_node_gen:fabric_gen_new_way:with_jtag_input_gen:instrumentation_fabric| ; 53.0 (0.0)           ; 63.5 (0.0)                       ; 10.5 (0.0)                                        ; 0.0 (0.0)                        ; 0.0 (0.0)            ; 92 (0)              ; 81 (0)                    ; 0 (0)         ; 0                 ; 0     ; 0          ; 0    ; 0            ; |nrm_system_wrapper|sld_hub:auto_hub|alt_sld_fab_with_jtag_input:\instrumentation_fabric_with_node_gen:fabric_gen_new_way:with_jtag_input_gen:instrumentation_fabric                                                                                                                                                                                           ; alt_sld_fab_with_jtag_input        ; altera_sld   ;
;          |alt_sld_fab:instrumentation_fabric|                                                                                           ; 53.0 (0.0)           ; 63.5 (0.0)                       ; 10.5 (0.0)                                        ; 0.0 (0.0)                        ; 0.0 (0.0)            ; 92 (0)              ; 81 (0)                    ; 0 (0)         ; 0                 ; 0     ; 0          ; 0    ; 0            ; |nrm_system_wrapper|sld_hub:auto_hub|alt_sld_fab_with_jtag_input:\instrumentation_fabric_with_node_gen:fabric_gen_new_way:with_jtag_input_gen:instrumentation_fabric|alt_sld_fab:instrumentation_fabric                                                                                                                                                        ; alt_sld_fab                        ; alt_sld_fab  ;
;             |alt_sld_fab_alt_sld_fab:alt_sld_fab|                                                                                       ; 53.0 (0.6)           ; 63.5 (2.7)                       ; 10.5 (2.1)                                        ; 0.0 (0.0)                        ; 0.0 (0.0)            ; 92 (1)              ; 81 (5)                    ; 0 (0)         ; 0                 ; 0     ; 0          ; 0    ; 0            ; |nrm_system_wrapper|sld_hub:auto_hub|alt_sld_fab_with_jtag_input:\instrumentation_fabric_with_node_gen:fabric_gen_new_way:with_jtag_input_gen:instrumentation_fabric|alt_sld_fab:instrumentation_fabric|alt_sld_fab_alt_sld_fab:alt_sld_fab                                                                                                                    ; alt_sld_fab_alt_sld_fab            ; alt_sld_fab  ;
;                |alt_sld_fab_alt_sld_fab_sldfabric:sldfabric|                                                                            ; 52.4 (0.0)           ; 60.8 (0.0)                       ; 8.4 (0.0)                                         ; 0.0 (0.0)                        ; 0.0 (0.0)            ; 91 (0)              ; 76 (0)                    ; 0 (0)         ; 0                 ; 0     ; 0          ; 0    ; 0            ; |nrm_system_wrapper|sld_hub:auto_hub|alt_sld_fab_with_jtag_input:\instrumentation_fabric_with_node_gen:fabric_gen_new_way:with_jtag_input_gen:instrumentation_fabric|alt_sld_fab:instrumentation_fabric|alt_sld_fab_alt_sld_fab:alt_sld_fab|alt_sld_fab_alt_sld_fab_sldfabric:sldfabric                                                                        ; alt_sld_fab_alt_sld_fab_sldfabric  ; alt_sld_fab  ;
;                   |sld_jtag_hub:\jtag_hub_gen:real_sld_jtag_hub|                                                                        ; 52.4 (32.6)          ; 60.8 (40.0)                      ; 8.4 (7.4)                                         ; 0.0 (0.0)                        ; 0.0 (0.0)            ; 91 (56)             ; 76 (46)                   ; 0 (0)         ; 0                 ; 0     ; 0          ; 0    ; 0            ; |nrm_system_wrapper|sld_hub:auto_hub|alt_sld_fab_with_jtag_input:\instrumentation_fabric_with_node_gen:fabric_gen_new_way:with_jtag_input_gen:instrumentation_fabric|alt_sld_fab:instrumentation_fabric|alt_sld_fab_alt_sld_fab:alt_sld_fab|alt_sld_fab_alt_sld_fab_sldfabric:sldfabric|sld_jtag_hub:\jtag_hub_gen:real_sld_jtag_hub                           ; sld_jtag_hub                       ; work         ;
;                      |sld_rom_sr:hub_info_reg|                                                                                          ; 9.2 (9.2)            ; 9.5 (9.5)                        ; 0.3 (0.3)                                         ; 0.0 (0.0)                        ; 0.0 (0.0)            ; 16 (16)             ; 11 (11)                   ; 0 (0)         ; 0                 ; 0     ; 0          ; 0    ; 0            ; |nrm_system_wrapper|sld_hub:auto_hub|alt_sld_fab_with_jtag_input:\instrumentation_fabric_with_node_gen:fabric_gen_new_way:with_jtag_input_gen:instrumentation_fabric|alt_sld_fab:instrumentation_fabric|alt_sld_fab_alt_sld_fab:alt_sld_fab|alt_sld_fab_alt_sld_fab_sldfabric:sldfabric|sld_jtag_hub:\jtag_hub_gen:real_sld_jtag_hub|sld_rom_sr:hub_info_reg   ; sld_rom_sr                         ; work         ;
;                      |sld_shadow_jsm:shadow_jsm|                                                                                        ; 10.7 (10.7)          ; 11.3 (11.3)                      ; 0.7 (0.7)                                         ; 0.0 (0.0)                        ; 0.0 (0.0)            ; 19 (19)             ; 19 (19)                   ; 0 (0)         ; 0                 ; 0     ; 0          ; 0    ; 0            ; |nrm_system_wrapper|sld_hub:auto_hub|alt_sld_fab_with_jtag_input:\instrumentation_fabric_with_node_gen:fabric_gen_new_way:with_jtag_input_gen:instrumentation_fabric|alt_sld_fab:instrumentation_fabric|alt_sld_fab_alt_sld_fab:alt_sld_fab|alt_sld_fab_alt_sld_fab_sldfabric:sldfabric|sld_jtag_hub:\jtag_hub_gen:real_sld_jtag_hub|sld_shadow_jsm:shadow_jsm ; sld_shadow_jsm                     ; altera_sld   ;
+-----------------------------------------------------------------------------------------------------------------------------------------+----------------------+----------------------------------+---------------------------------------------------+----------------------------------+----------------------+---------------------+---------------------------+---------------+-------------------+-------+------------+------+--------------+----------------------------------------------------------------------------------------------------------------------------------------------------------------------------------------------------------------------------------------------------------------------------------------------------------------------------------------------------------------+------------------------------------+--------------+
Note: For table entries with two numbers listed, the numbers in parentheses indicate the number of resources of the given type used by the specific entity alone. The numbers listed outside of parentheses indicate the total resources of the given type used by the specific entity and all of its sub-entities in the hierarchy.


+-----------------------------------------------------------------------------------------------------------------------------------+
; Delay Chain Summary                                                                                                               ;
+--------------------+----------+----+------+------+----+------+-------+--------+------------------------+--------------------------+
; Name               ; Pin Type ; D1 ; D3_0 ; D3_1 ; D4 ; D5   ; D5 OE ; D5 OCT ; T11 (Postamble Gating) ; T11 (Postamble Ungating) ;
+--------------------+----------+----+------+------+----+------+-------+--------+------------------------+--------------------------+
; led[0]             ; Output   ; -- ; --   ; --   ; -- ; (0)  ; (31)  ; --     ; --                     ; --                       ;
; led[1]             ; Output   ; -- ; --   ; --   ; -- ; (0)  ; (31)  ; --     ; --                     ; --                       ;
; led[2]             ; Output   ; -- ; --   ; --   ; -- ; (0)  ; (31)  ; --     ; --                     ; --                       ;
; led[3]             ; Output   ; -- ; --   ; --   ; -- ; (0)  ; (31)  ; --     ; --                     ; --                       ;
; led[4]             ; Output   ; -- ; --   ; --   ; -- ; (0)  ; (31)  ; --     ; --                     ; --                       ;
; led[5]             ; Output   ; -- ; --   ; --   ; -- ; (0)  ; (31)  ; --     ; --                     ; --                       ;
; led[6]             ; Output   ; -- ; --   ; --   ; -- ; (0)  ; (31)  ; --     ; --                     ; --                       ;
; led[7]             ; Output   ; -- ; --   ; --   ; -- ; (0)  ; (31)  ; --     ; --                     ; --                       ;
; resonance_detected ; Output   ; -- ; --   ; --   ; -- ; (0)  ; (31)  ; --     ; --                     ; --                       ;
; heartbeat          ; Output   ; -- ; --   ; --   ; -- ; (0)  ; (31)  ; --     ; --                     ; --                       ;
; fuzz_out[0]        ; Output   ; -- ; --   ; --   ; -- ; (0)  ; (31)  ; --     ; --                     ; --                       ;
; fuzz_out[1]        ; Output   ; -- ; --   ; --   ; -- ; (0)  ; (31)  ; --     ; --                     ; --                       ;
; fuzz_out[2]        ; Output   ; -- ; --   ; --   ; -- ; (0)  ; (31)  ; --     ; --                     ; --                       ;
; fuzz_out[3]        ; Output   ; -- ; --   ; --   ; -- ; (0)  ; (31)  ; --     ; --                     ; --                       ;
; fuzz_out[4]        ; Output   ; -- ; --   ; --   ; -- ; (0)  ; (31)  ; --     ; --                     ; --                       ;
; fuzz_out[5]        ; Output   ; -- ; --   ; --   ; -- ; (0)  ; (31)  ; --     ; --                     ; --                       ;
; fuzz_out[6]        ; Output   ; -- ; --   ; --   ; -- ; (0)  ; (31)  ; --     ; --                     ; --                       ;
; fuzz_out[7]        ; Output   ; -- ; --   ; --   ; -- ; (0)  ; (31)  ; --     ; --                     ; --                       ;
; fuzz_out[8]        ; Output   ; -- ; --   ; --   ; -- ; (0)  ; (31)  ; --     ; --                     ; --                       ;
; fuzz_out[9]        ; Output   ; -- ; --   ; --   ; -- ; (0)  ; (31)  ; --     ; --                     ; --                       ;
; fuzz_out[10]       ; Output   ; -- ; --   ; --   ; -- ; (0)  ; (31)  ; --     ; --                     ; --                       ;
; fuzz_out[11]       ; Output   ; -- ; --   ; --   ; -- ; (0)  ; (31)  ; --     ; --                     ; --                       ;
; fuzz_out[12]       ; Output   ; -- ; --   ; --   ; -- ; (0)  ; (31)  ; --     ; --                     ; --                       ;
; fuzz_out[13]       ; Output   ; -- ; --   ; --   ; -- ; (0)  ; (31)  ; --     ; --                     ; --                       ;
; fuzz_out[14]       ; Output   ; -- ; --   ; --   ; -- ; (0)  ; (31)  ; --     ; --                     ; --                       ;
; fuzz_out[15]       ; Output   ; -- ; --   ; --   ; -- ; (0)  ; (31)  ; --     ; --                     ; --                       ;
; fuzz_out[16]       ; Output   ; -- ; --   ; --   ; -- ; (0)  ; (31)  ; --     ; --                     ; --                       ;
; fuzz_out[17]       ; Output   ; -- ; --   ; --   ; -- ; (0)  ; (31)  ; --     ; --                     ; --                       ;
; fuzz_out[18]       ; Output   ; -- ; --   ; --   ; -- ; (0)  ; (31)  ; --     ; --                     ; --                       ;
; fuzz_out[19]       ; Output   ; -- ; --   ; --   ; -- ; (0)  ; (31)  ; --     ; --                     ; --                       ;
; fuzz_out[20]       ; Output   ; -- ; --   ; --   ; -- ; (0)  ; (31)  ; --     ; --                     ; --                       ;
; fuzz_out[21]       ; Output   ; -- ; --   ; --   ; -- ; (0)  ; (31)  ; --     ; --                     ; --                       ;
; fuzz_out[22]       ; Output   ; -- ; --   ; --   ; -- ; (0)  ; (31)  ; --     ; --                     ; --                       ;
; fuzz_out[23]       ; Output   ; -- ; --   ; --   ; -- ; (0)  ; (31)  ; --     ; --                     ; --                       ;
; fuzz_out[24]       ; Output   ; -- ; --   ; --   ; -- ; (0)  ; (31)  ; --     ; --                     ; --                       ;
; fuzz_out[25]       ; Output   ; -- ; --   ; --   ; -- ; (0)  ; (31)  ; --     ; --                     ; --                       ;
; fuzz_out[26]       ; Output   ; -- ; --   ; --   ; -- ; (0)  ; (31)  ; --     ; --                     ; --                       ;
; fuzz_out[27]       ; Output   ; -- ; --   ; --   ; -- ; (0)  ; (31)  ; --     ; --                     ; --                       ;
; fuzz_out[28]       ; Output   ; -- ; --   ; --   ; -- ; (0)  ; (31)  ; --     ; --                     ; --                       ;
; fuzz_out[29]       ; Output   ; -- ; --   ; --   ; -- ; (0)  ; (31)  ; --     ; --                     ; --                       ;
; fuzz_out[30]       ; Output   ; -- ; --   ; --   ; -- ; (0)  ; (31)  ; --     ; --                     ; --                       ;
; fuzz_out[31]       ; Output   ; -- ; --   ; --   ; -- ; (0)  ; (31)  ; --     ; --                     ; --                       ;
; clk                ; Input    ; -- ; (0)  ; --   ; -- ; --   ; --    ; --     ; --                     ; --                       ;
; rst_n              ; Input    ; -- ; --   ; (0)  ; -- ; --   ; --    ; --     ; --                     ; --                       ;
+--------------------+----------+----+------+------+----+------+-------+--------+------------------------+--------------------------+


+---------------------------------------------------------+
; Pad To Core Delay Chain Fanout                          ;
+---------------------------+-------------------+---------+
; Source Pin / Fanout       ; Pad To Core Index ; Setting ;
+---------------------------+-------------------+---------+
; clk                       ;                   ;         ;
; rst_n                     ;                   ;         ;
;      - rst_n~inputCLKENA0 ; 1                 ; 0       ;
+---------------------------+-------------------+---------+


+--------------------------------------------------------------------------------------------------------------------------------------------------------------------------------------------------------------------------------------------------------------------------------------------------------------------------------------------------------------------------------------------------------------------------------------------------------------------------------------------------------+
; Control Signals                                                                                                                                                                                                                                                                                                                                                                                                                                                                                        ;
+------------------------------------------------------------------------------------------------------------------------------------------------------------------------------------------------------------------------------------------------------------------------------------------------------------------------------------------------------------+---------------------+---------+----------------------------+--------+----------------------+------------------+---------------------------+
; Name                                                                                                                                                                                                                                                                                                                                                       ; Location            ; Fan-Out ; Usage                      ; Global ; Global Resource Used ; Global Line Name ; Enable Signal Source Name ;
+------------------------------------------------------------------------------------------------------------------------------------------------------------------------------------------------------------------------------------------------------------------------------------------------------------------------------------------------------------+---------------------+---------+----------------------------+--------+----------------------+------------------+---------------------------+
; altera_internal_jtag~TCKUTAP                                                                                                                                                                                                                                                                                                                               ; JTAG_X0_Y2_N3       ; 325     ; Clock                      ; no     ; --                   ; --               ; --                        ;
; altera_internal_jtag~TMSUTAP                                                                                                                                                                                                                                                                                                                               ; JTAG_X0_Y2_N3       ; 24      ; Sync. clear                ; no     ; --                   ; --               ; --                        ;
; clk                                                                                                                                                                                                                                                                                                                                                        ; PIN_V11             ; 996     ; Clock                      ; yes    ; Global Clock         ; GCLK5            ; --                        ;
; jtag_system:u0|jtag_system_master_0:master_0|altera_avalon_packets_to_master:transacto|packets_to_master:p2m|address[7]~1                                                                                                                                                                                                                                  ; LABCELL_X10_Y2_N0   ; 3       ; Clock enable               ; no     ; --                   ; --               ; --                        ;
; jtag_system:u0|jtag_system_master_0:master_0|altera_avalon_packets_to_master:transacto|packets_to_master:p2m|always1~0                                                                                                                                                                                                                                     ; MLABCELL_X15_Y1_N39 ; 16      ; Clock enable               ; no     ; --                   ; --               ; --                        ;
; jtag_system:u0|jtag_system_master_0:master_0|altera_avalon_packets_to_master:transacto|packets_to_master:p2m|counter[0]~0                                                                                                                                                                                                                                  ; LABCELL_X16_Y1_N3   ; 11      ; Clock enable               ; no     ; --                   ; --               ; --                        ;
; jtag_system:u0|jtag_system_master_0:master_0|altera_avalon_packets_to_master:transacto|packets_to_master:p2m|counter[13]~1                                                                                                                                                                                                                                 ; LABCELL_X16_Y1_N42  ; 11      ; Clock enable               ; no     ; --                   ; --               ; --                        ;
; jtag_system:u0|jtag_system_master_0:master_0|altera_avalon_packets_to_master:transacto|packets_to_master:p2m|current_byte[1]~1                                                                                                                                                                                                                             ; MLABCELL_X15_Y2_N48 ; 3       ; Clock enable               ; no     ; --                   ; --               ; --                        ;
; jtag_system:u0|jtag_system_master_0:master_0|altera_avalon_packets_to_master:transacto|packets_to_master:p2m|out_data[1]~4                                                                                                                                                                                                                                 ; LABCELL_X12_Y2_N18  ; 8       ; Clock enable               ; no     ; --                   ; --               ; --                        ;
; jtag_system:u0|jtag_system_master_0:master_0|altera_avalon_packets_to_master:transacto|packets_to_master:p2m|out_data~0                                                                                                                                                                                                                                    ; MLABCELL_X15_Y3_N24 ; 32      ; Clock enable               ; no     ; --                   ; --               ; --                        ;
; jtag_system:u0|jtag_system_master_0:master_0|altera_avalon_packets_to_master:transacto|packets_to_master:p2m|state.READ_SEND_WAIT                                                                                                                                                                                                                          ; FF_X16_Y1_N32       ; 34      ; Sync. load                 ; no     ; --                   ; --               ; --                        ;
; jtag_system:u0|jtag_system_master_0:master_0|altera_avalon_packets_to_master:transacto|packets_to_master:p2m|writedata[0]~0                                                                                                                                                                                                                                ; MLABCELL_X15_Y2_N33 ; 8       ; Clock enable               ; no     ; --                   ; --               ; --                        ;
; jtag_system:u0|jtag_system_master_0:master_0|altera_avalon_packets_to_master:transacto|packets_to_master:p2m|writedata[16]~2                                                                                                                                                                                                                               ; LABCELL_X13_Y2_N39  ; 8       ; Clock enable               ; no     ; --                   ; --               ; --                        ;
; jtag_system:u0|jtag_system_master_0:master_0|altera_avalon_packets_to_master:transacto|packets_to_master:p2m|writedata[24]~3                                                                                                                                                                                                                               ; LABCELL_X16_Y5_N24  ; 8       ; Clock enable               ; no     ; --                   ; --               ; --                        ;
; jtag_system:u0|jtag_system_master_0:master_0|altera_avalon_packets_to_master:transacto|packets_to_master:p2m|writedata[8]~1                                                                                                                                                                                                                                ; LABCELL_X13_Y2_N36  ; 8       ; Clock enable               ; no     ; --                   ; --               ; --                        ;
; jtag_system:u0|jtag_system_master_0:master_0|altera_avalon_sc_fifo:fifo|internal_out_ready                                                                                                                                                                                                                                                                 ; LABCELL_X13_Y4_N36  ; 2       ; Clock enable               ; no     ; --                   ; --               ; --                        ;
; jtag_system:u0|jtag_system_master_0:master_0|altera_avalon_sc_fifo:fifo|write                                                                                                                                                                                                                                                                              ; LABCELL_X12_Y4_N12  ; 10      ; Clock enable, Write enable ; no     ; --                   ; --               ; --                        ;
; jtag_system:u0|jtag_system_master_0:master_0|altera_avalon_st_bytes_to_packets:b2p|always2~0                                                                                                                                                                                                                                                               ; LABCELL_X13_Y4_N54  ; 6       ; Clock enable               ; no     ; --                   ; --               ; --                        ;
; jtag_system:u0|jtag_system_master_0:master_0|altera_avalon_st_bytes_to_packets:b2p|out_channel[7]~1                                                                                                                                                                                                                                                        ; MLABCELL_X15_Y1_N45 ; 8       ; Clock enable               ; no     ; --                   ; --               ; --                        ;
; jtag_system:u0|jtag_system_master_0:master_0|altera_avalon_st_jtag_interface:jtag_phy_embedded_in_jtag_master|altera_jtag_dc_streaming:normal.jtag_dc_streaming|altera_avalon_st_clock_crosser:sink_crosser|altera_avalon_st_pipeline_base:output_stage|full0                                                                                              ; FF_X8_Y2_N14        ; 22      ; Clock enable, Sync. load   ; no     ; --                   ; --               ; --                        ;
; jtag_system:u0|jtag_system_master_0:master_0|altera_avalon_st_jtag_interface:jtag_phy_embedded_in_jtag_master|altera_jtag_dc_streaming:normal.jtag_dc_streaming|altera_avalon_st_clock_crosser:sink_crosser|altera_avalon_st_pipeline_base:output_stage|full0~0                                                                                            ; MLABCELL_X8_Y2_N18  ; 11      ; Clock enable               ; no     ; --                   ; --               ; --                        ;
; jtag_system:u0|jtag_system_master_0:master_0|altera_avalon_st_jtag_interface:jtag_phy_embedded_in_jtag_master|altera_jtag_dc_streaming:normal.jtag_dc_streaming|altera_avalon_st_clock_crosser:sink_crosser|take_in_data                                                                                                                                   ; LABCELL_X9_Y2_N3    ; 8       ; Clock enable               ; no     ; --                   ; --               ; --                        ;
; jtag_system:u0|jtag_system_master_0:master_0|altera_avalon_st_jtag_interface:jtag_phy_embedded_in_jtag_master|altera_jtag_dc_streaming:normal.jtag_dc_streaming|altera_jtag_src_crosser:source_crosser|altera_jtag_control_signal_crosser:crosser|sync_control_signal~0                                                                                    ; LABCELL_X11_Y4_N18  ; 9       ; Clock enable               ; no     ; --                   ; --               ; --                        ;
; jtag_system:u0|jtag_system_master_0:master_0|altera_avalon_st_jtag_interface:jtag_phy_embedded_in_jtag_master|altera_jtag_dc_streaming:normal.jtag_dc_streaming|altera_jtag_streaming:jtag_streaming|Equal14~0                                                                                                                                             ; LABCELL_X2_Y2_N12   ; 19      ; Clock enable               ; no     ; --                   ; --               ; --                        ;
; jtag_system:u0|jtag_system_master_0:master_0|altera_avalon_st_jtag_interface:jtag_phy_embedded_in_jtag_master|altera_jtag_dc_streaming:normal.jtag_dc_streaming|altera_jtag_streaming:jtag_streaming|Equal14~1                                                                                                                                             ; LABCELL_X4_Y2_N21   ; 3       ; Clock enable               ; no     ; --                   ; --               ; --                        ;
; jtag_system:u0|jtag_system_master_0:master_0|altera_avalon_st_jtag_interface:jtag_phy_embedded_in_jtag_master|altera_jtag_dc_streaming:normal.jtag_dc_streaming|altera_jtag_streaming:jtag_streaming|altera_avalon_st_idle_remover:idle_remover|out_valid                                                                                                  ; MLABCELL_X6_Y3_N51  ; 9       ; Clock enable               ; no     ; --                   ; --               ; --                        ;
; jtag_system:u0|jtag_system_master_0:master_0|altera_avalon_st_jtag_interface:jtag_phy_embedded_in_jtag_master|altera_jtag_dc_streaming:normal.jtag_dc_streaming|altera_jtag_streaming:jtag_streaming|altera_std_synchronizer:clock_sense_reset_n_synchronizer|dreg[6]                                                                                      ; FF_X8_Y1_N52        ; 1       ; Async. clear               ; no     ; --                   ; --               ; --                        ;
; jtag_system:u0|jtag_system_master_0:master_0|altera_avalon_st_jtag_interface:jtag_phy_embedded_in_jtag_master|altera_jtag_dc_streaming:normal.jtag_dc_streaming|altera_jtag_streaming:jtag_streaming|bypass_bit_counter[5]~1                                                                                                                               ; LABCELL_X2_Y6_N57   ; 9       ; Clock enable               ; no     ; --                   ; --               ; --                        ;
; jtag_system:u0|jtag_system_master_0:master_0|altera_avalon_st_jtag_interface:jtag_phy_embedded_in_jtag_master|altera_jtag_dc_streaming:normal.jtag_dc_streaming|altera_jtag_streaming:jtag_streaming|bypass_bit_counter~0                                                                                                                                  ; LABCELL_X1_Y4_N3    ; 9       ; Sync. load                 ; no     ; --                   ; --               ; --                        ;
; jtag_system:u0|jtag_system_master_0:master_0|altera_avalon_st_jtag_interface:jtag_phy_embedded_in_jtag_master|altera_jtag_dc_streaming:normal.jtag_dc_streaming|altera_jtag_streaming:jtag_streaming|clock_sense_reset_n                                                                                                                                   ; FF_X4_Y2_N55        ; 8       ; Async. clear               ; no     ; --                   ; --               ; --                        ;
; jtag_system:u0|jtag_system_master_0:master_0|altera_avalon_st_jtag_interface:jtag_phy_embedded_in_jtag_master|altera_jtag_dc_streaming:normal.jtag_dc_streaming|altera_jtag_streaming:jtag_streaming|dr_control[0]~1                                                                                                                                       ; LABCELL_X4_Y2_N39   ; 9       ; Clock enable               ; no     ; --                   ; --               ; --                        ;
; jtag_system:u0|jtag_system_master_0:master_0|altera_avalon_st_jtag_interface:jtag_phy_embedded_in_jtag_master|altera_jtag_dc_streaming:normal.jtag_dc_streaming|altera_jtag_streaming:jtag_streaming|dr_data_in[1]~0                                                                                                                                       ; LABCELL_X4_Y4_N54   ; 8       ; Clock enable               ; no     ; --                   ; --               ; --                        ;
; jtag_system:u0|jtag_system_master_0:master_0|altera_avalon_st_jtag_interface:jtag_phy_embedded_in_jtag_master|altera_jtag_dc_streaming:normal.jtag_dc_streaming|altera_jtag_streaming:jtag_streaming|dr_data_out[0]~7                                                                                                                                      ; LABCELL_X4_Y1_N6    ; 8       ; Clock enable               ; no     ; --                   ; --               ; --                        ;
; jtag_system:u0|jtag_system_master_0:master_0|altera_avalon_st_jtag_interface:jtag_phy_embedded_in_jtag_master|altera_jtag_dc_streaming:normal.jtag_dc_streaming|altera_jtag_streaming:jtag_streaming|dr_debug[0]~1                                                                                                                                         ; LABCELL_X4_Y2_N48   ; 2       ; Clock enable               ; no     ; --                   ; --               ; --                        ;
; jtag_system:u0|jtag_system_master_0:master_0|altera_avalon_st_jtag_interface:jtag_phy_embedded_in_jtag_master|altera_jtag_dc_streaming:normal.jtag_dc_streaming|altera_jtag_streaming:jtag_streaming|dr_info[0]~1                                                                                                                                          ; LABCELL_X7_Y2_N3    ; 8       ; Clock enable               ; no     ; --                   ; --               ; --                        ;
; jtag_system:u0|jtag_system_master_0:master_0|altera_avalon_st_jtag_interface:jtag_phy_embedded_in_jtag_master|altera_jtag_dc_streaming:normal.jtag_dc_streaming|altera_jtag_streaming:jtag_streaming|header_in[14]~0                                                                                                                                       ; LABCELL_X2_Y3_N12   ; 12      ; Clock enable               ; no     ; --                   ; --               ; --                        ;
; jtag_system:u0|jtag_system_master_0:master_0|altera_avalon_st_jtag_interface:jtag_phy_embedded_in_jtag_master|altera_jtag_dc_streaming:normal.jtag_dc_streaming|altera_jtag_streaming:jtag_streaming|header_in_bit_counter[0]~3                                                                                                                            ; LABCELL_X2_Y3_N57   ; 6       ; Clock enable               ; no     ; --                   ; --               ; --                        ;
; jtag_system:u0|jtag_system_master_0:master_0|altera_avalon_st_jtag_interface:jtag_phy_embedded_in_jtag_master|altera_jtag_dc_streaming:normal.jtag_dc_streaming|altera_jtag_streaming:jtag_streaming|header_out_bit_counter[0]~1                                                                                                                           ; MLABCELL_X3_Y3_N21  ; 5       ; Clock enable               ; no     ; --                   ; --               ; --                        ;
; jtag_system:u0|jtag_system_master_0:master_0|altera_avalon_st_jtag_interface:jtag_phy_embedded_in_jtag_master|altera_jtag_dc_streaming:normal.jtag_dc_streaming|altera_jtag_streaming:jtag_streaming|idle_remover_sink_data[0]~0                                                                                                                           ; MLABCELL_X6_Y3_N9   ; 11      ; Clock enable               ; no     ; --                   ; --               ; --                        ;
; jtag_system:u0|jtag_system_master_0:master_0|altera_avalon_st_jtag_interface:jtag_phy_embedded_in_jtag_master|altera_jtag_dc_streaming:normal.jtag_dc_streaming|altera_jtag_streaming:jtag_streaming|offset[7]~0                                                                                                                                           ; LABCELL_X4_Y2_N12   ; 9       ; Clock enable               ; no     ; --                   ; --               ; --                        ;
; jtag_system:u0|jtag_system_master_0:master_0|altera_avalon_st_jtag_interface:jtag_phy_embedded_in_jtag_master|altera_jtag_dc_streaming:normal.jtag_dc_streaming|altera_jtag_streaming:jtag_streaming|padded_bit_counter[0]~1                                                                                                                               ; LABCELL_X1_Y6_N33   ; 8       ; Sync. load                 ; no     ; --                   ; --               ; --                        ;
; jtag_system:u0|jtag_system_master_0:master_0|altera_avalon_st_jtag_interface:jtag_phy_embedded_in_jtag_master|altera_jtag_dc_streaming:normal.jtag_dc_streaming|altera_jtag_streaming:jtag_streaming|padded_bit_counter[0]~2                                                                                                                               ; LABCELL_X4_Y3_N48   ; 8       ; Clock enable               ; no     ; --                   ; --               ; --                        ;
; jtag_system:u0|jtag_system_master_0:master_0|altera_avalon_st_jtag_interface:jtag_phy_embedded_in_jtag_master|altera_jtag_dc_streaming:normal.jtag_dc_streaming|altera_jtag_streaming:jtag_streaming|read_data_bit_counter[0]~1                                                                                                                            ; LABCELL_X4_Y3_N51   ; 4       ; Clock enable               ; no     ; --                   ; --               ; --                        ;
; jtag_system:u0|jtag_system_master_0:master_0|altera_avalon_st_jtag_interface:jtag_phy_embedded_in_jtag_master|altera_jtag_dc_streaming:normal.jtag_dc_streaming|altera_jtag_streaming:jtag_streaming|read_data_length[0]~0                                                                                                                                 ; LABCELL_X1_Y4_N39   ; 14      ; Clock enable               ; no     ; --                   ; --               ; --                        ;
; jtag_system:u0|jtag_system_master_0:master_0|altera_avalon_st_jtag_interface:jtag_phy_embedded_in_jtag_master|altera_jtag_dc_streaming:normal.jtag_dc_streaming|altera_jtag_streaming:jtag_streaming|scan_length_byte_counter[0]~10                                                                                                                        ; MLABCELL_X3_Y5_N6   ; 13      ; Clock enable               ; no     ; --                   ; --               ; --                        ;
; jtag_system:u0|jtag_system_master_0:master_0|altera_avalon_st_jtag_interface:jtag_phy_embedded_in_jtag_master|altera_jtag_dc_streaming:normal.jtag_dc_streaming|altera_jtag_streaming:jtag_streaming|scan_length_byte_counter[6]~1                                                                                                                         ; MLABCELL_X3_Y5_N18  ; 22      ; Sync. load                 ; no     ; --                   ; --               ; --                        ;
; jtag_system:u0|jtag_system_master_0:master_0|altera_avalon_st_jtag_interface:jtag_phy_embedded_in_jtag_master|altera_jtag_dc_streaming:normal.jtag_dc_streaming|altera_jtag_streaming:jtag_streaming|valid_write_data_length_byte_counter[0]~1                                                                                                             ; MLABCELL_X3_Y5_N27  ; 25      ; Clock enable               ; no     ; --                   ; --               ; --                        ;
; jtag_system:u0|jtag_system_master_0:master_0|altera_avalon_st_jtag_interface:jtag_phy_embedded_in_jtag_master|altera_jtag_dc_streaming:normal.jtag_dc_streaming|altera_jtag_streaming:jtag_streaming|valid_write_data_length_byte_counter[0]~4                                                                                                             ; MLABCELL_X3_Y5_N0   ; 15      ; Sync. clear                ; no     ; --                   ; --               ; --                        ;
; jtag_system:u0|jtag_system_master_0:master_0|altera_avalon_st_jtag_interface:jtag_phy_embedded_in_jtag_master|altera_jtag_dc_streaming:normal.jtag_dc_streaming|altera_jtag_streaming:jtag_streaming|write_data_bit_counter[0]~1                                                                                                                           ; MLABCELL_X3_Y5_N33  ; 6       ; Clock enable               ; no     ; --                   ; --               ; --                        ;
; jtag_system:u0|jtag_system_master_0:master_0|altera_avalon_st_jtag_interface:jtag_phy_embedded_in_jtag_master|altera_jtag_dc_streaming:normal.jtag_dc_streaming|altera_jtag_streaming:jtag_streaming|write_data_length[0]~2                                                                                                                                ; LABCELL_X1_Y4_N6    ; 3       ; Clock enable               ; no     ; --                   ; --               ; --                        ;
; jtag_system:u0|jtag_system_master_0:master_0|altera_avalon_st_jtag_interface:jtag_phy_embedded_in_jtag_master|altera_jtag_dc_streaming:normal.jtag_dc_streaming|altera_jtag_streaming:jtag_streaming|write_state~17                                                                                                                                        ; LABCELL_X2_Y2_N42   ; 2       ; Clock enable               ; no     ; --                   ; --               ; --                        ;
; jtag_system:u0|jtag_system_master_0:master_0|altera_avalon_st_jtag_interface:jtag_phy_embedded_in_jtag_master|altera_jtag_dc_streaming:normal.jtag_dc_streaming|altera_std_synchronizer:synchronizer|dreg[1]                                                                                                                                               ; FF_X9_Y2_N44        ; 45      ; Async. clear               ; no     ; --                   ; --               ; --                        ;
; jtag_system:u0|jtag_system_master_0:master_0|altera_avalon_st_packets_to_bytes:p2b|in_ready~1                                                                                                                                                                                                                                                              ; LABCELL_X9_Y2_N57   ; 13      ; Clock enable               ; no     ; --                   ; --               ; --                        ;
; jtag_system:u0|jtag_system_master_0:master_0|altera_reset_controller:rst_controller|altera_reset_synchronizer:alt_rst_sync_uq1|altera_reset_synchronizer_int_chain_out                                                                                                                                                                                     ; FF_X11_Y5_N26       ; 217     ; Async. clear               ; no     ; --                   ; --               ; --                        ;
; jtag_system:u0|jtag_system_pio_injection:pio_injection|always0~0                                                                                                                                                                                                                                                                                           ; LABCELL_X13_Y3_N21  ; 38      ; Clock enable               ; no     ; --                   ; --               ; --                        ;
; nrm_resonance:u1|Decoder0~1                                                                                                                                                                                                                                                                                                                                ; LABCELL_X50_Y3_N30  ; 8       ; Clock enable               ; no     ; --                   ; --               ; --                        ;
; nrm_resonance:u1|Decoder0~11                                                                                                                                                                                                                                                                                                                               ; LABCELL_X40_Y3_N15  ; 8       ; Clock enable               ; no     ; --                   ; --               ; --                        ;
; nrm_resonance:u1|Decoder0~13                                                                                                                                                                                                                                                                                                                               ; LABCELL_X40_Y3_N21  ; 8       ; Clock enable               ; no     ; --                   ; --               ; --                        ;
; nrm_resonance:u1|Decoder0~15                                                                                                                                                                                                                                                                                                                               ; LABCELL_X45_Y3_N42  ; 8       ; Clock enable               ; no     ; --                   ; --               ; --                        ;
; nrm_resonance:u1|Decoder0~17                                                                                                                                                                                                                                                                                                                               ; LABCELL_X50_Y2_N51  ; 8       ; Clock enable               ; no     ; --                   ; --               ; --                        ;
; nrm_resonance:u1|Decoder0~19                                                                                                                                                                                                                                                                                                                               ; LABCELL_X45_Y3_N48  ; 8       ; Clock enable               ; no     ; --                   ; --               ; --                        ;
; nrm_resonance:u1|Decoder0~21                                                                                                                                                                                                                                                                                                                               ; LABCELL_X50_Y2_N54  ; 8       ; Clock enable               ; no     ; --                   ; --               ; --                        ;
; nrm_resonance:u1|Decoder0~23                                                                                                                                                                                                                                                                                                                               ; LABCELL_X50_Y2_N42  ; 8       ; Clock enable               ; no     ; --                   ; --               ; --                        ;
; nrm_resonance:u1|Decoder0~25                                                                                                                                                                                                                                                                                                                               ; LABCELL_X48_Y2_N18  ; 8       ; Clock enable               ; no     ; --                   ; --               ; --                        ;
; nrm_resonance:u1|Decoder0~27                                                                                                                                                                                                                                                                                                                               ; LABCELL_X48_Y4_N24  ; 8       ; Clock enable               ; no     ; --                   ; --               ; --                        ;
; nrm_resonance:u1|Decoder0~29                                                                                                                                                                                                                                                                                                                               ; LABCELL_X48_Y2_N51  ; 8       ; Clock enable               ; no     ; --                   ; --               ; --                        ;
; nrm_resonance:u1|Decoder0~3                                                                                                                                                                                                                                                                                                                                ; LABCELL_X51_Y2_N33  ; 8       ; Clock enable               ; no     ; --                   ; --               ; --                        ;
; nrm_resonance:u1|Decoder0~31                                                                                                                                                                                                                                                                                                                               ; LABCELL_X45_Y3_N0   ; 8       ; Clock enable               ; no     ; --                   ; --               ; --                        ;
; nrm_resonance:u1|Decoder0~32                                                                                                                                                                                                                                                                                                                               ; LABCELL_X50_Y3_N3   ; 8       ; Clock enable               ; no     ; --                   ; --               ; --                        ;
; nrm_resonance:u1|Decoder0~33                                                                                                                                                                                                                                                                                                                               ; LABCELL_X51_Y2_N54  ; 8       ; Clock enable               ; no     ; --                   ; --               ; --                        ;
; nrm_resonance:u1|Decoder0~34                                                                                                                                                                                                                                                                                                                               ; LABCELL_X51_Y2_N12  ; 8       ; Clock enable               ; no     ; --                   ; --               ; --                        ;
; nrm_resonance:u1|Decoder0~35                                                                                                                                                                                                                                                                                                                               ; MLABCELL_X47_Y3_N33 ; 8       ; Clock enable               ; no     ; --                   ; --               ; --                        ;
; nrm_resonance:u1|Decoder0~36                                                                                                                                                                                                                                                                                                                               ; LABCELL_X42_Y4_N27  ; 8       ; Clock enable               ; no     ; --                   ; --               ; --                        ;
; nrm_resonance:u1|Decoder0~37                                                                                                                                                                                                                                                                                                                               ; LABCELL_X45_Y4_N54  ; 8       ; Clock enable               ; no     ; --                   ; --               ; --                        ;
; nrm_resonance:u1|Decoder0~38                                                                                                                                                                                                                                                                                                                               ; LABCELL_X42_Y4_N9   ; 8       ; Clock enable               ; no     ; --                   ; --               ; --                        ;
; nrm_resonance:u1|Decoder0~39                                                                                                                                                                                                                                                                                                                               ; LABCELL_X45_Y3_N45  ; 8       ; Clock enable               ; no     ; --                   ; --               ; --                        ;
; nrm_resonance:u1|Decoder0~40                                                                                                                                                                                                                                                                                                                               ; LABCELL_X50_Y6_N6   ; 8       ; Clock enable               ; no     ; --                   ; --               ; --                        ;
; nrm_resonance:u1|Decoder0~41                                                                                                                                                                                                                                                                                                                               ; LABCELL_X45_Y3_N33  ; 8       ; Clock enable               ; no     ; --                   ; --               ; --                        ;
; nrm_resonance:u1|Decoder0~42                                                                                                                                                                                                                                                                                                                               ; LABCELL_X50_Y2_N57  ; 8       ; Clock enable               ; no     ; --                   ; --               ; --                        ;
; nrm_resonance:u1|Decoder0~43                                                                                                                                                                                                                                                                                                                               ; LABCELL_X51_Y2_N18  ; 8       ; Clock enable               ; no     ; --                   ; --               ; --                        ;
; nrm_resonance:u1|Decoder0~44                                                                                                                                                                                                                                                                                                                               ; LABCELL_X48_Y2_N21  ; 8       ; Clock enable               ; no     ; --                   ; --               ; --                        ;
; nrm_resonance:u1|Decoder0~45                                                                                                                                                                                                                                                                                                                               ; LABCELL_X48_Y4_N42  ; 8       ; Clock enable               ; no     ; --                   ; --               ; --                        ;
; nrm_resonance:u1|Decoder0~46                                                                                                                                                                                                                                                                                                                               ; LABCELL_X48_Y2_N33  ; 8       ; Clock enable               ; no     ; --                   ; --               ; --                        ;
; nrm_resonance:u1|Decoder0~47                                                                                                                                                                                                                                                                                                                               ; LABCELL_X45_Y4_N24  ; 8       ; Clock enable               ; no     ; --                   ; --               ; --                        ;
; nrm_resonance:u1|Decoder0~49                                                                                                                                                                                                                                                                                                                               ; LABCELL_X42_Y6_N21  ; 8       ; Clock enable               ; no     ; --                   ; --               ; --                        ;
; nrm_resonance:u1|Decoder0~5                                                                                                                                                                                                                                                                                                                                ; LABCELL_X51_Y2_N27  ; 8       ; Clock enable               ; no     ; --                   ; --               ; --                        ;
; nrm_resonance:u1|Decoder0~51                                                                                                                                                                                                                                                                                                                               ; LABCELL_X48_Y5_N57  ; 8       ; Clock enable               ; no     ; --                   ; --               ; --                        ;
; nrm_resonance:u1|Decoder0~53                                                                                                                                                                                                                                                                                                                               ; LABCELL_X45_Y7_N30  ; 8       ; Clock enable               ; no     ; --                   ; --               ; --                        ;
; nrm_resonance:u1|Decoder0~55                                                                                                                                                                                                                                                                                                                               ; LABCELL_X50_Y5_N51  ; 8       ; Clock enable               ; no     ; --                   ; --               ; --                        ;
; nrm_resonance:u1|Decoder0~57                                                                                                                                                                                                                                                                                                                               ; LABCELL_X48_Y6_N54  ; 8       ; Clock enable               ; no     ; --                   ; --               ; --                        ;
; nrm_resonance:u1|Decoder0~59                                                                                                                                                                                                                                                                                                                               ; LABCELL_X48_Y5_N30  ; 8       ; Clock enable               ; no     ; --                   ; --               ; --                        ;
; nrm_resonance:u1|Decoder0~61                                                                                                                                                                                                                                                                                                                               ; LABCELL_X48_Y5_N36  ; 8       ; Clock enable               ; no     ; --                   ; --               ; --                        ;
; nrm_resonance:u1|Decoder0~63                                                                                                                                                                                                                                                                                                                               ; LABCELL_X51_Y4_N12  ; 8       ; Clock enable               ; no     ; --                   ; --               ; --                        ;
; nrm_resonance:u1|Decoder0~65                                                                                                                                                                                                                                                                                                                               ; LABCELL_X51_Y4_N33  ; 8       ; Clock enable               ; no     ; --                   ; --               ; --                        ;
; nrm_resonance:u1|Decoder0~67                                                                                                                                                                                                                                                                                                                               ; LABCELL_X50_Y6_N57  ; 8       ; Clock enable               ; no     ; --                   ; --               ; --                        ;
; nrm_resonance:u1|Decoder0~69                                                                                                                                                                                                                                                                                                                               ; LABCELL_X48_Y5_N3   ; 8       ; Clock enable               ; no     ; --                   ; --               ; --                        ;
; nrm_resonance:u1|Decoder0~7                                                                                                                                                                                                                                                                                                                                ; MLABCELL_X47_Y3_N21 ; 8       ; Clock enable               ; no     ; --                   ; --               ; --                        ;
; nrm_resonance:u1|Decoder0~71                                                                                                                                                                                                                                                                                                                               ; LABCELL_X50_Y5_N48  ; 8       ; Clock enable               ; no     ; --                   ; --               ; --                        ;
; nrm_resonance:u1|Decoder0~73                                                                                                                                                                                                                                                                                                                               ; LABCELL_X45_Y5_N51  ; 8       ; Clock enable               ; no     ; --                   ; --               ; --                        ;
; nrm_resonance:u1|Decoder0~75                                                                                                                                                                                                                                                                                                                               ; LABCELL_X46_Y5_N24  ; 8       ; Clock enable               ; no     ; --                   ; --               ; --                        ;
; nrm_resonance:u1|Decoder0~77                                                                                                                                                                                                                                                                                                                               ; LABCELL_X46_Y5_N54  ; 8       ; Clock enable               ; no     ; --                   ; --               ; --                        ;
; nrm_resonance:u1|Decoder0~79                                                                                                                                                                                                                                                                                                                               ; LABCELL_X46_Y5_N12  ; 8       ; Clock enable               ; no     ; --                   ; --               ; --                        ;
; nrm_resonance:u1|Decoder0~80                                                                                                                                                                                                                                                                                                                               ; LABCELL_X42_Y6_N18  ; 8       ; Clock enable               ; no     ; --                   ; --               ; --                        ;
; nrm_resonance:u1|Decoder0~81                                                                                                                                                                                                                                                                                                                               ; LABCELL_X48_Y5_N39  ; 8       ; Clock enable               ; no     ; --                   ; --               ; --                        ;
; nrm_resonance:u1|Decoder0~82                                                                                                                                                                                                                                                                                                                               ; LABCELL_X45_Y7_N33  ; 8       ; Clock enable               ; no     ; --                   ; --               ; --                        ;
; nrm_resonance:u1|Decoder0~83                                                                                                                                                                                                                                                                                                                               ; LABCELL_X48_Y5_N42  ; 8       ; Clock enable               ; no     ; --                   ; --               ; --                        ;
; nrm_resonance:u1|Decoder0~84                                                                                                                                                                                                                                                                                                                               ; LABCELL_X48_Y6_N57  ; 8       ; Clock enable               ; no     ; --                   ; --               ; --                        ;
; nrm_resonance:u1|Decoder0~85                                                                                                                                                                                                                                                                                                                               ; LABCELL_X48_Y5_N33  ; 8       ; Clock enable               ; no     ; --                   ; --               ; --                        ;
; nrm_resonance:u1|Decoder0~86                                                                                                                                                                                                                                                                                                                               ; LABCELL_X48_Y5_N45  ; 8       ; Clock enable               ; no     ; --                   ; --               ; --                        ;
; nrm_resonance:u1|Decoder0~87                                                                                                                                                                                                                                                                                                                               ; LABCELL_X50_Y6_N3   ; 8       ; Clock enable               ; no     ; --                   ; --               ; --                        ;
; nrm_resonance:u1|Decoder0~88                                                                                                                                                                                                                                                                                                                               ; LABCELL_X50_Y6_N30  ; 8       ; Clock enable               ; no     ; --                   ; --               ; --                        ;
; nrm_resonance:u1|Decoder0~89                                                                                                                                                                                                                                                                                                                               ; LABCELL_X50_Y6_N39  ; 8       ; Clock enable               ; no     ; --                   ; --               ; --                        ;
; nrm_resonance:u1|Decoder0~9                                                                                                                                                                                                                                                                                                                                ; LABCELL_X40_Y3_N18  ; 8       ; Clock enable               ; no     ; --                   ; --               ; --                        ;
; nrm_resonance:u1|Decoder0~90                                                                                                                                                                                                                                                                                                                               ; LABCELL_X46_Y5_N9   ; 8       ; Clock enable               ; no     ; --                   ; --               ; --                        ;
; nrm_resonance:u1|Decoder0~91                                                                                                                                                                                                                                                                                                                               ; LABCELL_X46_Y5_N0   ; 8       ; Clock enable               ; no     ; --                   ; --               ; --                        ;
; nrm_resonance:u1|Decoder0~92                                                                                                                                                                                                                                                                                                                               ; LABCELL_X45_Y6_N18  ; 8       ; Clock enable               ; no     ; --                   ; --               ; --                        ;
; nrm_resonance:u1|Decoder0~93                                                                                                                                                                                                                                                                                                                               ; LABCELL_X46_Y5_N33  ; 8       ; Clock enable               ; no     ; --                   ; --               ; --                        ;
; nrm_resonance:u1|Decoder0~94                                                                                                                                                                                                                                                                                                                               ; LABCELL_X50_Y6_N33  ; 8       ; Clock enable               ; no     ; --                   ; --               ; --                        ;
; nrm_resonance:u1|Decoder0~95                                                                                                                                                                                                                                                                                                                               ; LABCELL_X45_Y6_N21  ; 8       ; Clock enable               ; no     ; --                   ; --               ; --                        ;
; nrm_resonance:u1|Equal0~3                                                                                                                                                                                                                                                                                                                                  ; LABCELL_X50_Y4_N54  ; 62      ; Clock enable               ; no     ; --                   ; --               ; --                        ;
; nrm_resonance:u1|Equal3~1                                                                                                                                                                                                                                                                                                                                  ; LABCELL_X53_Y4_N18  ; 27      ; Clock enable               ; no     ; --                   ; --               ; --                        ;
; nrm_resonance:u1|LessThan1~25                                                                                                                                                                                                                                                                                                                              ; LABCELL_X56_Y5_N30  ; 19      ; Sync. load                 ; no     ; --                   ; --               ; --                        ;
; nrm_resonance:u1|always3~0                                                                                                                                                                                                                                                                                                                                 ; LABCELL_X50_Y4_N0   ; 32      ; Sync. clear                ; no     ; --                   ; --               ; --                        ;
; nrm_resonance:u1|auto_corr[23]~0                                                                                                                                                                                                                                                                                                                           ; LABCELL_X53_Y3_N57  ; 56      ; Clock enable               ; no     ; --                   ; --               ; --                        ;
; nrm_resonance:u1|corr_accum[6]~0                                                                                                                                                                                                                                                                                                                           ; LABCELL_X53_Y4_N0   ; 34      ; Clock enable               ; no     ; --                   ; --               ; --                        ;
; rst_n                                                                                                                                                                                                                                                                                                                                                      ; PIN_AH17            ; 772     ; Async. clear               ; yes    ; Global Clock         ; GCLK7            ; --                        ;
; sld_hub:auto_hub|alt_sld_fab_with_jtag_input:\instrumentation_fabric_with_node_gen:fabric_gen_new_way:with_jtag_input_gen:instrumentation_fabric|alt_sld_fab:instrumentation_fabric|alt_sld_fab_alt_sld_fab:alt_sld_fab|alt_sld_fab_alt_sld_fab_sldfabric:sldfabric|sld_jtag_hub:\jtag_hub_gen:real_sld_jtag_hub|clr_reg                                   ; FF_X2_Y3_N20        ; 12      ; Async. clear               ; no     ; --                   ; --               ; --                        ;
; sld_hub:auto_hub|alt_sld_fab_with_jtag_input:\instrumentation_fabric_with_node_gen:fabric_gen_new_way:with_jtag_input_gen:instrumentation_fabric|alt_sld_fab:instrumentation_fabric|alt_sld_fab_alt_sld_fab:alt_sld_fab|alt_sld_fab_alt_sld_fab_sldfabric:sldfabric|sld_jtag_hub:\jtag_hub_gen:real_sld_jtag_hub|design_hash_reg[1]~3                      ; LABCELL_X2_Y4_N18   ; 4       ; Clock enable               ; no     ; --                   ; --               ; --                        ;
; sld_hub:auto_hub|alt_sld_fab_with_jtag_input:\instrumentation_fabric_with_node_gen:fabric_gen_new_way:with_jtag_input_gen:instrumentation_fabric|alt_sld_fab:instrumentation_fabric|alt_sld_fab_alt_sld_fab:alt_sld_fab|alt_sld_fab_alt_sld_fab_sldfabric:sldfabric|sld_jtag_hub:\jtag_hub_gen:real_sld_jtag_hub|hub_info_reg_ena~0                        ; LABCELL_X1_Y2_N6    ; 5       ; Clock enable               ; no     ; --                   ; --               ; --                        ;
; sld_hub:auto_hub|alt_sld_fab_with_jtag_input:\instrumentation_fabric_with_node_gen:fabric_gen_new_way:with_jtag_input_gen:instrumentation_fabric|alt_sld_fab:instrumentation_fabric|alt_sld_fab_alt_sld_fab:alt_sld_fab|alt_sld_fab_alt_sld_fab_sldfabric:sldfabric|sld_jtag_hub:\jtag_hub_gen:real_sld_jtag_hub|identity_contrib_shift_reg[0]~0           ; LABCELL_X2_Y2_N3    ; 4       ; Clock enable               ; no     ; --                   ; --               ; --                        ;
; sld_hub:auto_hub|alt_sld_fab_with_jtag_input:\instrumentation_fabric_with_node_gen:fabric_gen_new_way:with_jtag_input_gen:instrumentation_fabric|alt_sld_fab:instrumentation_fabric|alt_sld_fab_alt_sld_fab:alt_sld_fab|alt_sld_fab_alt_sld_fab_sldfabric:sldfabric|sld_jtag_hub:\jtag_hub_gen:real_sld_jtag_hub|irf_reg[1][0]~0                           ; LABCELL_X1_Y2_N57   ; 3       ; Clock enable               ; no     ; --                   ; --               ; --                        ;
; sld_hub:auto_hub|alt_sld_fab_with_jtag_input:\instrumentation_fabric_with_node_gen:fabric_gen_new_way:with_jtag_input_gen:instrumentation_fabric|alt_sld_fab:instrumentation_fabric|alt_sld_fab_alt_sld_fab:alt_sld_fab|alt_sld_fab_alt_sld_fab_sldfabric:sldfabric|sld_jtag_hub:\jtag_hub_gen:real_sld_jtag_hub|irsr_reg[2]~1                             ; LABCELL_X2_Y4_N51   ; 3       ; Clock enable               ; no     ; --                   ; --               ; --                        ;
; sld_hub:auto_hub|alt_sld_fab_with_jtag_input:\instrumentation_fabric_with_node_gen:fabric_gen_new_way:with_jtag_input_gen:instrumentation_fabric|alt_sld_fab:instrumentation_fabric|alt_sld_fab_alt_sld_fab:alt_sld_fab|alt_sld_fab_alt_sld_fab_sldfabric:sldfabric|sld_jtag_hub:\jtag_hub_gen:real_sld_jtag_hub|mixer_addr_reg_internal[4]~1              ; LABCELL_X2_Y4_N15   ; 6       ; Clock enable               ; no     ; --                   ; --               ; --                        ;
; sld_hub:auto_hub|alt_sld_fab_with_jtag_input:\instrumentation_fabric_with_node_gen:fabric_gen_new_way:with_jtag_input_gen:instrumentation_fabric|alt_sld_fab:instrumentation_fabric|alt_sld_fab_alt_sld_fab:alt_sld_fab|alt_sld_fab_alt_sld_fab_sldfabric:sldfabric|sld_jtag_hub:\jtag_hub_gen:real_sld_jtag_hub|sld_rom_sr:hub_info_reg|WORD_SR[1]~1      ; LABCELL_X2_Y4_N30   ; 4       ; Clock enable               ; no     ; --                   ; --               ; --                        ;
; sld_hub:auto_hub|alt_sld_fab_with_jtag_input:\instrumentation_fabric_with_node_gen:fabric_gen_new_way:with_jtag_input_gen:instrumentation_fabric|alt_sld_fab:instrumentation_fabric|alt_sld_fab_alt_sld_fab:alt_sld_fab|alt_sld_fab_alt_sld_fab_sldfabric:sldfabric|sld_jtag_hub:\jtag_hub_gen:real_sld_jtag_hub|sld_rom_sr:hub_info_reg|word_counter[2]~1 ; LABCELL_X2_Y4_N39   ; 7       ; Clock enable               ; no     ; --                   ; --               ; --                        ;
; sld_hub:auto_hub|alt_sld_fab_with_jtag_input:\instrumentation_fabric_with_node_gen:fabric_gen_new_way:with_jtag_input_gen:instrumentation_fabric|alt_sld_fab:instrumentation_fabric|alt_sld_fab_alt_sld_fab:alt_sld_fab|alt_sld_fab_alt_sld_fab_sldfabric:sldfabric|sld_jtag_hub:\jtag_hub_gen:real_sld_jtag_hub|sld_shadow_jsm:shadow_jsm|state[0]        ; FF_X2_Y3_N41        ; 16      ; Async. clear               ; no     ; --                   ; --               ; --                        ;
; sld_hub:auto_hub|alt_sld_fab_with_jtag_input:\instrumentation_fabric_with_node_gen:fabric_gen_new_way:with_jtag_input_gen:instrumentation_fabric|alt_sld_fab:instrumentation_fabric|alt_sld_fab_alt_sld_fab:alt_sld_fab|alt_sld_fab_alt_sld_fab_sldfabric:sldfabric|sld_jtag_hub:\jtag_hub_gen:real_sld_jtag_hub|sld_shadow_jsm:shadow_jsm|state[11]       ; FF_X1_Y2_N41        ; 13      ; Clock enable               ; no     ; --                   ; --               ; --                        ;
; sld_hub:auto_hub|alt_sld_fab_with_jtag_input:\instrumentation_fabric_with_node_gen:fabric_gen_new_way:with_jtag_input_gen:instrumentation_fabric|alt_sld_fab:instrumentation_fabric|alt_sld_fab_alt_sld_fab:alt_sld_fab|alt_sld_fab_alt_sld_fab_sldfabric:sldfabric|sld_jtag_hub:\jtag_hub_gen:real_sld_jtag_hub|virtual_ir_dr_scan_proc~0                 ; LABCELL_X1_Y3_N57   ; 3       ; Clock enable               ; no     ; --                   ; --               ; --                        ;
; sld_hub:auto_hub|alt_sld_fab_with_jtag_input:\instrumentation_fabric_with_node_gen:fabric_gen_new_way:with_jtag_input_gen:instrumentation_fabric|alt_sld_fab:instrumentation_fabric|alt_sld_fab_alt_sld_fab:alt_sld_fab|alt_sld_fab_alt_sld_fab_sldfabric:sldfabric|sld_jtag_hub:\jtag_hub_gen:real_sld_jtag_hub|virtual_ir_scan_reg                       ; FF_X2_Y3_N26        ; 77      ; Async. clear, Clock enable ; no     ; --                   ; --               ; --                        ;
; sld_hub:auto_hub|alt_sld_fab_with_jtag_input:\instrumentation_fabric_with_node_gen:fabric_gen_new_way:with_jtag_input_gen:instrumentation_fabric|alt_sld_fab:instrumentation_fabric|alt_sld_fab_alt_sld_fab:alt_sld_fab|sldfabric_ident_writedata[0]~0                                                                                                     ; LABCELL_X2_Y2_N30   ; 4       ; Clock enable               ; no     ; --                   ; --               ; --                        ;
+------------------------------------------------------------------------------------------------------------------------------------------------------------------------------------------------------------------------------------------------------------------------------------------------------------------------------------------------------------+---------------------+---------+----------------------------+--------+----------------------+------------------+---------------------------+


+--------------------------------------------------------------------------------------------------+
; Global & Other Fast Signals                                                                      ;
+-------+----------+---------+----------------------+------------------+---------------------------+
; Name  ; Location ; Fan-Out ; Global Resource Used ; Global Line Name ; Enable Signal Source Name ;
+-------+----------+---------+----------------------+------------------+---------------------------+
; clk   ; PIN_V11  ; 996     ; Global Clock         ; GCLK5            ; --                        ;
; rst_n ; PIN_AH17 ; 772     ; Global Clock         ; GCLK7            ; --                        ;
+-------+----------+---------+----------------------+------------------+---------------------------+


+---------------------------------------------------------------------------------------------------------------------------------------------------------------------------------------------------------------------------------------------------------------------------------------------------------------------------------------------------------------------------------------------------------------------------------------------------------------------------------------------------------------------------------------------------------------------------------------------------------------------------------------------------------------------------------------------------+
; Fitter RAM Summary                                                                                                                                                                                                                                                                                                                                                                                                                                                                                                                                                                                                                                                                                ;
+----------------------------------------------------------------------------------------------------------------------------------------+------+------------------+--------------+--------------+--------------+--------------+--------------+------------------------+-------------------------+------------------------+-------------------------+------+-----------------------------+-----------------------------+-----------------------------+-----------------------------+---------------------+-------------+-------+------+----------------+----------------------+-----------------+-----------------+----------+------------------------+---------------------------------------------+
; Name                                                                                                                                   ; Type ; Mode             ; Clock Mode   ; Port A Depth ; Port A Width ; Port B Depth ; Port B Width ; Port A Input Registers ; Port A Output Registers ; Port B Input Registers ; Port B Output Registers ; Size ; Implementation Port A Depth ; Implementation Port A Width ; Implementation Port B Depth ; Implementation Port B Width ; Implementation Bits ; M10K blocks ; MLABs ; MIF  ; Location       ; Mixed Width RDW Mode ; Port A RDW Mode ; Port B RDW Mode ; ECC Mode ; ECC Pipeline Registers ; Fits in MLABs                               ;
+----------------------------------------------------------------------------------------------------------------------------------------+------+------------------+--------------+--------------+--------------+--------------+--------------+------------------------+-------------------------+------------------------+-------------------------+------+-----------------------------+-----------------------------+-----------------------------+-----------------------------+---------------------+-------------+-------+------+----------------+----------------------+-----------------+-----------------+----------+------------------------+---------------------------------------------+
; jtag_system:u0|jtag_system_master_0:master_0|altera_avalon_sc_fifo:fifo|altsyncram:mem_rtl_0|altsyncram_g0n1:auto_generated|ALTSYNCRAM ; AUTO ; Simple Dual Port ; Single Clock ; 64           ; 8            ; 64           ; 8            ; yes                    ; no                      ; yes                    ; yes                     ; 512  ; 64                          ; 8                           ; 64                          ; 8                           ; 512                 ; 1           ; 0     ; None ; M10K_X14_Y4_N0 ; Old data             ; New data        ; New data        ; Off      ; No                     ; No - Unsupported Mixed Feed Through Setting ;
+----------------------------------------------------------------------------------------------------------------------------------------+------+------------------+--------------+--------------+--------------+--------------+--------------+------------------------+-------------------------+------------------------+-------------------------+------+-----------------------------+-----------------------------+-----------------------------+-----------------------------+---------------------+-------------+-------+------+----------------+----------------------+-----------------+-----------------+----------+------------------------+---------------------------------------------+
Note: Fitter may spread logical memories into multiple blocks to improve timing. The actual required RAM blocks can be found in the Fitter Resource Usage section.


+-----------------------------------------------+
; Fitter DSP Block Usage Summary                ;
+---------------------------------+-------------+
; Statistic                       ; Number Used ;
+---------------------------------+-------------+
; Independent 18x18 plus 36       ; 1           ;
; Total number of DSP blocks      ; 1           ;
;                                 ;             ;
; Fixed Point Unsigned Multiplier ; 1           ;
+---------------------------------+-------------+


+---------------------------------------------------------------------------------------------------------------------------------------------------------------------------------------------------------------------------------------------------------------------------------------------------------------------------------------------------------------------------------------------------------------------------+
; DSP Block Details                                                                                                                                                                                                                                                                                                                                                                                                         ;
+----------------------------+---------------------------+---------------+---------------------+------------------------+------------------------+------------------------+------------------------+------------------------+------------------------+-----------------+--------------------------------+---------------------+-------------------------------+------------------------------+------------------------------+
; Name                       ; Mode                      ; Location      ; Sign Representation ; Data AX Input Register ; Data AY Input Register ; Data AZ Input Register ; Data BX Input Register ; Data BY Input Register ; Data BZ Input Register ; Output Register ; Dedicated Shift Register Chain ; Dedicated Pre-Adder ; Dedicated Coefficient Storage ; Dedicated Output Adder Chain ; Dedicated Output Accumulator ;
+----------------------------+---------------------------+---------------+---------------------+------------------------+------------------------+------------------------+------------------------+------------------------+------------------------+-----------------+--------------------------------+---------------------+-------------------------------+------------------------------+------------------------------+
; nrm_resonance:u1|Mult0~mac ; Independent 18x18 plus 36 ; DSP_X54_Y4_N0 ; Mixed               ; no                     ; no                     ; --                     ; yes                    ; yes                    ; --                     ; no              ; no                             ; no                  ; no                            ; no                           ; no                           ;
+----------------------------+---------------------------+---------------+---------------------+------------------------+------------------------+------------------------+------------------------+------------------------+------------------------+-----------------+--------------------------------+---------------------+-------------------------------+------------------------------+------------------------------+


+-------------------------------------------------------------------------+
; Routing Usage Summary                                                   ;
+---------------------------------------------+---------------------------+
; Routing Resource Type                       ; Usage                     ;
+---------------------------------------------+---------------------------+
; Block interconnects                         ; 2,638 / 289,320 ( < 1 % ) ;
; C12 interconnects                           ; 2 / 13,420 ( < 1 % )      ;
; C2 interconnects                            ; 785 / 119,108 ( < 1 % )   ;
; C4 interconnects                            ; 355 / 56,300 ( < 1 % )    ;
; DQS bus muxes                               ; 0 / 25 ( 0 % )            ;
; DQS-18 I/O buses                            ; 0 / 25 ( 0 % )            ;
; DQS-9 I/O buses                             ; 0 / 25 ( 0 % )            ;
; Direct links                                ; 330 / 289,320 ( < 1 % )   ;
; Global clocks                               ; 2 / 16 ( 13 % )           ;
; HPS SDRAM PLL inputs                        ; 0 / 1 ( 0 % )             ;
; HPS SDRAM PLL outputs                       ; 0 / 1 ( 0 % )             ;
; HPS_INTERFACE_BOOT_FROM_FPGA_INPUTs         ; 0 / 9 ( 0 % )             ;
; HPS_INTERFACE_CLOCKS_RESETS_INPUTs          ; 0 / 7 ( 0 % )             ;
; HPS_INTERFACE_CLOCKS_RESETS_OUTPUTs         ; 0 / 6 ( 0 % )             ;
; HPS_INTERFACE_CROSS_TRIGGER_INPUTs          ; 0 / 18 ( 0 % )            ;
; HPS_INTERFACE_CROSS_TRIGGER_OUTPUTs         ; 0 / 24 ( 0 % )            ;
; HPS_INTERFACE_DBG_APB_INPUTs                ; 0 / 37 ( 0 % )            ;
; HPS_INTERFACE_DBG_APB_OUTPUTs               ; 0 / 55 ( 0 % )            ;
; HPS_INTERFACE_DMA_INPUTs                    ; 0 / 16 ( 0 % )            ;
; HPS_INTERFACE_DMA_OUTPUTs                   ; 0 / 8 ( 0 % )             ;
; HPS_INTERFACE_FPGA2HPS_INPUTs               ; 0 / 287 ( 0 % )           ;
; HPS_INTERFACE_FPGA2HPS_OUTPUTs              ; 0 / 154 ( 0 % )           ;
; HPS_INTERFACE_FPGA2SDRAM_INPUTs             ; 0 / 852 ( 0 % )           ;
; HPS_INTERFACE_FPGA2SDRAM_OUTPUTs            ; 0 / 408 ( 0 % )           ;
; HPS_INTERFACE_HPS2FPGA_INPUTs               ; 0 / 165 ( 0 % )           ;
; HPS_INTERFACE_HPS2FPGA_LIGHT_WEIGHT_INPUTs  ; 0 / 67 ( 0 % )            ;
; HPS_INTERFACE_HPS2FPGA_LIGHT_WEIGHT_OUTPUTs ; 0 / 156 ( 0 % )           ;
; HPS_INTERFACE_HPS2FPGA_OUTPUTs              ; 0 / 282 ( 0 % )           ;
; HPS_INTERFACE_INTERRUPTS_INPUTs             ; 0 / 64 ( 0 % )            ;
; HPS_INTERFACE_INTERRUPTS_OUTPUTs            ; 0 / 42 ( 0 % )            ;
; HPS_INTERFACE_JTAG_OUTPUTs                  ; 0 / 5 ( 0 % )             ;
; HPS_INTERFACE_LOAN_IO_INPUTs                ; 0 / 142 ( 0 % )           ;
; HPS_INTERFACE_LOAN_IO_OUTPUTs               ; 0 / 85 ( 0 % )            ;
; HPS_INTERFACE_MPU_EVENT_STANDBY_INPUTs      ; 0 / 1 ( 0 % )             ;
; HPS_INTERFACE_MPU_EVENT_STANDBY_OUTPUTs     ; 0 / 5 ( 0 % )             ;
; HPS_INTERFACE_MPU_GENERAL_PURPOSE_INPUTs    ; 0 / 32 ( 0 % )            ;
; HPS_INTERFACE_MPU_GENERAL_PURPOSE_OUTPUTs   ; 0 / 32 ( 0 % )            ;
; HPS_INTERFACE_PERIPHERAL_CAN_INPUTs         ; 0 / 2 ( 0 % )             ;
; HPS_INTERFACE_PERIPHERAL_CAN_OUTPUTs        ; 0 / 2 ( 0 % )             ;
; HPS_INTERFACE_PERIPHERAL_EMAC_INPUTs        ; 0 / 32 ( 0 % )            ;
; HPS_INTERFACE_PERIPHERAL_EMAC_OUTPUTs       ; 0 / 34 ( 0 % )            ;
; HPS_INTERFACE_PERIPHERAL_I2C_INPUTs         ; 0 / 8 ( 0 % )             ;
; HPS_INTERFACE_PERIPHERAL_I2C_OUTPUTs        ; 0 / 8 ( 0 % )             ;
; HPS_INTERFACE_PERIPHERAL_NAND_INPUTs        ; 0 / 12 ( 0 % )            ;
; HPS_INTERFACE_PERIPHERAL_NAND_OUTPUTs       ; 0 / 18 ( 0 % )            ;
; HPS_INTERFACE_PERIPHERAL_QSPI_INPUTs        ; 0 / 4 ( 0 % )             ;
; HPS_INTERFACE_PERIPHERAL_QSPI_OUTPUTs       ; 0 / 13 ( 0 % )            ;
; HPS_INTERFACE_PERIPHERAL_SDMMC_INPUTs       ; 0 / 13 ( 0 % )            ;
; HPS_INTERFACE_PERIPHERAL_SDMMC_OUTPUTs      ; 0 / 22 ( 0 % )            ;
; HPS_INTERFACE_PERIPHERAL_SPI_MASTER_INPUTs  ; 0 / 4 ( 0 % )             ;
; HPS_INTERFACE_PERIPHERAL_SPI_MASTER_OUTPUTs ; 0 / 14 ( 0 % )            ;
; HPS_INTERFACE_PERIPHERAL_SPI_SLAVE_INPUTs   ; 0 / 6 ( 0 % )             ;
; HPS_INTERFACE_PERIPHERAL_SPI_SLAVE_OUTPUTs  ; 0 / 4 ( 0 % )             ;
; HPS_INTERFACE_PERIPHERAL_UART_INPUTs        ; 0 / 10 ( 0 % )            ;
; HPS_INTERFACE_PERIPHERAL_UART_OUTPUTs       ; 0 / 10 ( 0 % )            ;
; HPS_INTERFACE_PERIPHERAL_USB_INPUTs         ; 0 / 22 ( 0 % )            ;
; HPS_INTERFACE_PERIPHERAL_USB_OUTPUTs        ; 0 / 34 ( 0 % )            ;
; HPS_INTERFACE_STM_EVENT_INPUTs              ; 0 / 28 ( 0 % )            ;
; HPS_INTERFACE_TEST_INPUTs                   ; 0 / 610 ( 0 % )           ;
; HPS_INTERFACE_TEST_OUTPUTs                  ; 0 / 513 ( 0 % )           ;
; HPS_INTERFACE_TPIU_TRACE_INPUTs             ; 0 / 2 ( 0 % )             ;
; HPS_INTERFACE_TPIU_TRACE_OUTPUTs            ; 0 / 33 ( 0 % )            ;
; Horizontal periphery clocks                 ; 0 / 72 ( 0 % )            ;
; Local interconnects                         ; 572 / 84,580 ( < 1 % )    ;
; Quadrant clocks                             ; 0 / 66 ( 0 % )            ;
; R14 interconnects                           ; 52 / 12,676 ( < 1 % )     ;
; R14/C12 interconnect drivers                ; 51 / 20,720 ( < 1 % )     ;
; R3 interconnects                            ; 1,163 / 130,992 ( < 1 % ) ;
; R6 interconnects                            ; 1,500 / 266,960 ( < 1 % ) ;
; Spine clocks                                ; 8 / 360 ( 2 % )           ;
; Wire stub REs                               ; 0 / 15,858 ( 0 % )        ;
+---------------------------------------------+---------------------------+


+------------------------------------------+
; I/O Rules Summary                        ;
+----------------------------------+-------+
; I/O Rules Statistic              ; Total ;
+----------------------------------+-------+
; Total I/O Rules                  ; 28    ;
; Number of I/O Rules Passed       ; 6     ;
; Number of I/O Rules Failed       ; 0     ;
; Number of I/O Rules Unchecked    ; 0     ;
; Number of I/O Rules Inapplicable ; 22    ;
+----------------------------------+-------+


+--------------------------------------------------------------------------------------------------------------------------------------------------------------------------------------------------------------------------------------------------------------------+
; I/O Rules Details                                                                                                                                                                                                                                                  ;
+--------------+-----------+-----------------------------------+------------------------------------------------------------------------------------+----------+--------------------------------------------------------------------------+------+-------------------+
; Status       ; ID        ; Category                          ; Rule Description                                                                   ; Severity ; Information                                                              ; Area ; Extra Information ;
+--------------+-----------+-----------------------------------+------------------------------------------------------------------------------------+----------+--------------------------------------------------------------------------+------+-------------------+
; Inapplicable ; IO_000002 ; Capacity Checks                   ; Number of clocks in an I/O bank should not exceed the number of clocks available.  ; Critical ; No Global Signal assignments found.                                      ; I/O  ;                   ;
; Pass         ; IO_000001 ; Capacity Checks                   ; Number of pins in an I/O bank should not exceed the number of locations available. ; Critical ; 0 such failures found.                                                   ; I/O  ;                   ;
; Pass         ; IO_000003 ; Capacity Checks                   ; Number of pins in a Vrefgroup should not exceed the number of locations available. ; Critical ; 0 such failures found.                                                   ; I/O  ;                   ;
; Inapplicable ; IO_000004 ; Voltage Compatibility Checks      ; The I/O bank should support the requested VCCIO.                                   ; Critical ; No IOBANK_VCCIO assignments found.                                       ; I/O  ;                   ;
; Inapplicable ; IO_000005 ; Voltage Compatibility Checks      ; The I/O bank should not have competing VREF values.                                ; Critical ; No VREF I/O Standard assignments found.                                  ; I/O  ;                   ;
; Pass         ; IO_000006 ; Voltage Compatibility Checks      ; The I/O bank should not have competing VCCIO values.                               ; Critical ; 0 such failures found.                                                   ; I/O  ;                   ;
; Pass         ; IO_000007 ; Valid Location Checks             ; Checks for unavailable locations.                                                  ; Critical ; 0 such failures found.                                                   ; I/O  ;                   ;
; Inapplicable ; IO_000008 ; Valid Location Checks             ; Checks for reserved locations.                                                     ; Critical ; No reserved LogicLock region found.                                      ; I/O  ;                   ;
; Inapplicable ; IO_000047 ; I/O Properties Checks for One I/O ; On Chip Termination and Slew Rate should not be used at the same time.             ; Critical ; No Slew Rate assignments found.                                          ; I/O  ;                   ;
; Inapplicable ; IO_000046 ; I/O Properties Checks for One I/O ; The location should support the requested Slew Rate value.                         ; Critical ; No Slew Rate assignments found.                                          ; I/O  ;                   ;
; Inapplicable ; IO_000045 ; I/O Properties Checks for One I/O ; The I/O standard should support the requested Slew Rate value.                     ; Critical ; No Slew Rate assignments found.                                          ; I/O  ;                   ;
; Inapplicable ; IO_000027 ; I/O Properties Checks for One I/O ; Weak Pull Up and Bus Hold should not be used at the same time.                     ; Critical ; No Enable Bus-Hold Circuitry or Weak Pull-Up Resistor assignments found. ; I/O  ;                   ;
; Inapplicable ; IO_000026 ; I/O Properties Checks for One I/O ; On Chip Termination and Current Strength should not be used at the same time.      ; Critical ; No Current Strength or Termination assignments found.                    ; I/O  ;                   ;
; Inapplicable ; IO_000024 ; I/O Properties Checks for One I/O ; The I/O direction should support the On Chip Termination value.                    ; Critical ; No Termination assignments found.                                        ; I/O  ;                   ;
; Inapplicable ; IO_000023 ; I/O Properties Checks for One I/O ; The I/O standard should support the Open Drain value.                              ; Critical ; No open drain assignments found.                                         ; I/O  ;                   ;
; Inapplicable ; IO_000022 ; I/O Properties Checks for One I/O ; The I/O standard should support the requested Bus Hold value.                      ; Critical ; No Enable Bus-Hold Circuitry assignments found.                          ; I/O  ;                   ;
; Inapplicable ; IO_000021 ; I/O Properties Checks for One I/O ; The I/O standard should support the requested Weak Pull Up value.                  ; Critical ; No Weak Pull-Up Resistor assignments found.                              ; I/O  ;                   ;
; Inapplicable ; IO_000020 ; I/O Properties Checks for One I/O ; The I/O standard should support the requested PCI Clamp Diode.                     ; Critical ; No Clamping Diode assignments found.                                     ; I/O  ;                   ;
; Inapplicable ; IO_000019 ; I/O Properties Checks for One I/O ; The I/O standard should support the requested On Chip Termination value.           ; Critical ; No Termination assignments found.                                        ; I/O  ;                   ;
; Inapplicable ; IO_000018 ; I/O Properties Checks for One I/O ; The I/O standard should support the requested Current Strength.                    ; Critical ; No Current Strength assignments found.                                   ; I/O  ;                   ;
; Inapplicable ; IO_000015 ; I/O Properties Checks for One I/O ; The location should support the requested PCI Clamp Diode.                         ; Critical ; No Clamping Diode assignments found.                                     ; I/O  ;                   ;
; Inapplicable ; IO_000014 ; I/O Properties Checks for One I/O ; The location should support the requested Weak Pull Up value.                      ; Critical ; No Weak Pull-Up Resistor assignments found.                              ; I/O  ;                   ;
; Inapplicable ; IO_000013 ; I/O Properties Checks for One I/O ; The location should support the requested Bus Hold value.                          ; Critical ; No Enable Bus-Hold Circuitry assignments found.                          ; I/O  ;                   ;
; Inapplicable ; IO_000012 ; I/O Properties Checks for One I/O ; The location should support the requested On Chip Termination value.               ; Critical ; No Termination assignments found.                                        ; I/O  ;                   ;
; Inapplicable ; IO_000011 ; I/O Properties Checks for One I/O ; The location should support the requested Current Strength.                        ; Critical ; No Current Strength assignments found.                                   ; I/O  ;                   ;
; Pass         ; IO_000010 ; I/O Properties Checks for One I/O ; The location should support the requested I/O direction.                           ; Critical ; 0 such failures found.                                                   ; I/O  ;                   ;
; Pass         ; IO_000009 ; I/O Properties Checks for One I/O ; The location should support the requested I/O standard.                            ; Critical ; 0 such failures found.                                                   ; I/O  ;                   ;
; Inapplicable ; IO_000034 ; SI Related Distance Checks        ; Single-ended outputs should be 0 LAB row(s) away from a differential I/O.          ; High     ; No Differential I/O Standard assignments found.                          ; I/O  ;                   ;
+--------------+-----------+-----------------------------------+------------------------------------------------------------------------------------+----------+--------------------------------------------------------------------------+------+-------------------+


+------------------------------------------------------------------------------------------------------------------------------------------------------------------------------------------------------------------------------------------------------------------------------------------------------------------------------------------------------------------------------------------------------------------------------------------------+
; I/O Rules Matrix                                                                                                                                                                                                                                                                                                                                                                                                                               ;
+---------------------+--------------+--------------+--------------+--------------+--------------+-----------+--------------+--------------+--------------+--------------+--------------+--------------+--------------+--------------+--------------+--------------+--------------+--------------+--------------+--------------+--------------+--------------+--------------+--------------+--------------+-----------+-----------+--------------+
; Pin/Rules           ; IO_000002    ; IO_000001    ; IO_000003    ; IO_000004    ; IO_000005    ; IO_000006 ; IO_000007    ; IO_000008    ; IO_000047    ; IO_000046    ; IO_000045    ; IO_000027    ; IO_000026    ; IO_000024    ; IO_000023    ; IO_000022    ; IO_000021    ; IO_000020    ; IO_000019    ; IO_000018    ; IO_000015    ; IO_000014    ; IO_000013    ; IO_000012    ; IO_000011    ; IO_000010 ; IO_000009 ; IO_000034    ;
+---------------------+--------------+--------------+--------------+--------------+--------------+-----------+--------------+--------------+--------------+--------------+--------------+--------------+--------------+--------------+--------------+--------------+--------------+--------------+--------------+--------------+--------------+--------------+--------------+--------------+--------------+-----------+-----------+--------------+
; Total Pass          ; 0            ; 18           ; 18           ; 0            ; 0            ; 48        ; 18           ; 0            ; 0            ; 0            ; 0            ; 0            ; 0            ; 0            ; 0            ; 0            ; 0            ; 0            ; 0            ; 0            ; 0            ; 0            ; 0            ; 0            ; 0            ; 48        ; 48        ; 0            ;
; Total Unchecked     ; 0            ; 0            ; 0            ; 0            ; 0            ; 0         ; 0            ; 0            ; 0            ; 0            ; 0            ; 0            ; 0            ; 0            ; 0            ; 0            ; 0            ; 0            ; 0            ; 0            ; 0            ; 0            ; 0            ; 0            ; 0            ; 0         ; 0         ; 0            ;
; Total Inapplicable  ; 48           ; 30           ; 30           ; 48           ; 48           ; 0         ; 30           ; 48           ; 48           ; 48           ; 48           ; 48           ; 48           ; 48           ; 48           ; 48           ; 48           ; 48           ; 48           ; 48           ; 48           ; 48           ; 48           ; 48           ; 48           ; 0         ; 0         ; 48           ;
; Total Fail          ; 0            ; 0            ; 0            ; 0            ; 0            ; 0         ; 0            ; 0            ; 0            ; 0            ; 0            ; 0            ; 0            ; 0            ; 0            ; 0            ; 0            ; 0            ; 0            ; 0            ; 0            ; 0            ; 0            ; 0            ; 0            ; 0         ; 0         ; 0            ;
; led[0]              ; Inapplicable ; Pass         ; Pass         ; Inapplicable ; Inapplicable ; Pass      ; Pass         ; Inapplicable ; Inapplicable ; Inapplicable ; Inapplicable ; Inapplicable ; Inapplicable ; Inapplicable ; Inapplicable ; Inapplicable ; Inapplicable ; Inapplicable ; Inapplicable ; Inapplicable ; Inapplicable ; Inapplicable ; Inapplicable ; Inapplicable ; Inapplicable ; Pass      ; Pass      ; Inapplicable ;
; led[1]              ; Inapplicable ; Pass         ; Pass         ; Inapplicable ; Inapplicable ; Pass      ; Pass         ; Inapplicable ; Inapplicable ; Inapplicable ; Inapplicable ; Inapplicable ; Inapplicable ; Inapplicable ; Inapplicable ; Inapplicable ; Inapplicable ; Inapplicable ; Inapplicable ; Inapplicable ; Inapplicable ; Inapplicable ; Inapplicable ; Inapplicable ; Inapplicable ; Pass      ; Pass      ; Inapplicable ;
; led[2]              ; Inapplicable ; Pass         ; Pass         ; Inapplicable ; Inapplicable ; Pass      ; Pass         ; Inapplicable ; Inapplicable ; Inapplicable ; Inapplicable ; Inapplicable ; Inapplicable ; Inapplicable ; Inapplicable ; Inapplicable ; Inapplicable ; Inapplicable ; Inapplicable ; Inapplicable ; Inapplicable ; Inapplicable ; Inapplicable ; Inapplicable ; Inapplicable ; Pass      ; Pass      ; Inapplicable ;
; led[3]              ; Inapplicable ; Pass         ; Pass         ; Inapplicable ; Inapplicable ; Pass      ; Pass         ; Inapplicable ; Inapplicable ; Inapplicable ; Inapplicable ; Inapplicable ; Inapplicable ; Inapplicable ; Inapplicable ; Inapplicable ; Inapplicable ; Inapplicable ; Inapplicable ; Inapplicable ; Inapplicable ; Inapplicable ; Inapplicable ; Inapplicable ; Inapplicable ; Pass      ; Pass      ; Inapplicable ;
; led[4]              ; Inapplicable ; Pass         ; Pass         ; Inapplicable ; Inapplicable ; Pass      ; Pass         ; Inapplicable ; Inapplicable ; Inapplicable ; Inapplicable ; Inapplicable ; Inapplicable ; Inapplicable ; Inapplicable ; Inapplicable ; Inapplicable ; Inapplicable ; Inapplicable ; Inapplicable ; Inapplicable ; Inapplicable ; Inapplicable ; Inapplicable ; Inapplicable ; Pass      ; Pass      ; Inapplicable ;
; led[5]              ; Inapplicable ; Pass         ; Pass         ; Inapplicable ; Inapplicable ; Pass      ; Pass         ; Inapplicable ; Inapplicable ; Inapplicable ; Inapplicable ; Inapplicable ; Inapplicable ; Inapplicable ; Inapplicable ; Inapplicable ; Inapplicable ; Inapplicable ; Inapplicable ; Inapplicable ; Inapplicable ; Inapplicable ; Inapplicable ; Inapplicable ; Inapplicable ; Pass      ; Pass      ; Inapplicable ;
; led[6]              ; Inapplicable ; Pass         ; Pass         ; Inapplicable ; Inapplicable ; Pass      ; Pass         ; Inapplicable ; Inapplicable ; Inapplicable ; Inapplicable ; Inapplicable ; Inapplicable ; Inapplicable ; Inapplicable ; Inapplicable ; Inapplicable ; Inapplicable ; Inapplicable ; Inapplicable ; Inapplicable ; Inapplicable ; Inapplicable ; Inapplicable ; Inapplicable ; Pass      ; Pass      ; Inapplicable ;
; led[7]              ; Inapplicable ; Pass         ; Pass         ; Inapplicable ; Inapplicable ; Pass      ; Pass         ; Inapplicable ; Inapplicable ; Inapplicable ; Inapplicable ; Inapplicable ; Inapplicable ; Inapplicable ; Inapplicable ; Inapplicable ; Inapplicable ; Inapplicable ; Inapplicable ; Inapplicable ; Inapplicable ; Inapplicable ; Inapplicable ; Inapplicable ; Inapplicable ; Pass      ; Pass      ; Inapplicable ;
; resonance_detected  ; Inapplicable ; Inapplicable ; Inapplicable ; Inapplicable ; Inapplicable ; Pass      ; Inapplicable ; Inapplicable ; Inapplicable ; Inapplicable ; Inapplicable ; Inapplicable ; Inapplicable ; Inapplicable ; Inapplicable ; Inapplicable ; Inapplicable ; Inapplicable ; Inapplicable ; Inapplicable ; Inapplicable ; Inapplicable ; Inapplicable ; Inapplicable ; Inapplicable ; Pass      ; Pass      ; Inapplicable ;
; heartbeat           ; Inapplicable ; Inapplicable ; Inapplicable ; Inapplicable ; Inapplicable ; Pass      ; Inapplicable ; Inapplicable ; Inapplicable ; Inapplicable ; Inapplicable ; Inapplicable ; Inapplicable ; Inapplicable ; Inapplicable ; Inapplicable ; Inapplicable ; Inapplicable ; Inapplicable ; Inapplicable ; Inapplicable ; Inapplicable ; Inapplicable ; Inapplicable ; Inapplicable ; Pass      ; Pass      ; Inapplicable ;
; fuzz_out[0]         ; Inapplicable ; Pass         ; Pass         ; Inapplicable ; Inapplicable ; Pass      ; Pass         ; Inapplicable ; Inapplicable ; Inapplicable ; Inapplicable ; Inapplicable ; Inapplicable ; Inapplicable ; Inapplicable ; Inapplicable ; Inapplicable ; Inapplicable ; Inapplicable ; Inapplicable ; Inapplicable ; Inapplicable ; Inapplicable ; Inapplicable ; Inapplicable ; Pass      ; Pass      ; Inapplicable ;
; fuzz_out[1]         ; Inapplicable ; Pass         ; Pass         ; Inapplicable ; Inapplicable ; Pass      ; Pass         ; Inapplicable ; Inapplicable ; Inapplicable ; Inapplicable ; Inapplicable ; Inapplicable ; Inapplicable ; Inapplicable ; Inapplicable ; Inapplicable ; Inapplicable ; Inapplicable ; Inapplicable ; Inapplicable ; Inapplicable ; Inapplicable ; Inapplicable ; Inapplicable ; Pass      ; Pass      ; Inapplicable ;
; fuzz_out[2]         ; Inapplicable ; Pass         ; Pass         ; Inapplicable ; Inapplicable ; Pass      ; Pass         ; Inapplicable ; Inapplicable ; Inapplicable ; Inapplicable ; Inapplicable ; Inapplicable ; Inapplicable ; Inapplicable ; Inapplicable ; Inapplicable ; Inapplicable ; Inapplicable ; Inapplicable ; Inapplicable ; Inapplicable ; Inapplicable ; Inapplicable ; Inapplicable ; Pass      ; Pass      ; Inapplicable ;
; fuzz_out[3]         ; Inapplicable ; Pass         ; Pass         ; Inapplicable ; Inapplicable ; Pass      ; Pass         ; Inapplicable ; Inapplicable ; Inapplicable ; Inapplicable ; Inapplicable ; Inapplicable ; Inapplicable ; Inapplicable ; Inapplicable ; Inapplicable ; Inapplicable ; Inapplicable ; Inapplicable ; Inapplicable ; Inapplicable ; Inapplicable ; Inapplicable ; Inapplicable ; Pass      ; Pass      ; Inapplicable ;
; fuzz_out[4]         ; Inapplicable ; Pass         ; Pass         ; Inapplicable ; Inapplicable ; Pass      ; Pass         ; Inapplicable ; Inapplicable ; Inapplicable ; Inapplicable ; Inapplicable ; Inapplicable ; Inapplicable ; Inapplicable ; Inapplicable ; Inapplicable ; Inapplicable ; Inapplicable ; Inapplicable ; Inapplicable ; Inapplicable ; Inapplicable ; Inapplicable ; Inapplicable ; Pass      ; Pass      ; Inapplicable ;
; fuzz_out[5]         ; Inapplicable ; Pass         ; Pass         ; Inapplicable ; Inapplicable ; Pass      ; Pass         ; Inapplicable ; Inapplicable ; Inapplicable ; Inapplicable ; Inapplicable ; Inapplicable ; Inapplicable ; Inapplicable ; Inapplicable ; Inapplicable ; Inapplicable ; Inapplicable ; Inapplicable ; Inapplicable ; Inapplicable ; Inapplicable ; Inapplicable ; Inapplicable ; Pass      ; Pass      ; Inapplicable ;
; fuzz_out[6]         ; Inapplicable ; Pass         ; Pass         ; Inapplicable ; Inapplicable ; Pass      ; Pass         ; Inapplicable ; Inapplicable ; Inapplicable ; Inapplicable ; Inapplicable ; Inapplicable ; Inapplicable ; Inapplicable ; Inapplicable ; Inapplicable ; Inapplicable ; Inapplicable ; Inapplicable ; Inapplicable ; Inapplicable ; Inapplicable ; Inapplicable ; Inapplicable ; Pass      ; Pass      ; Inapplicable ;
; fuzz_out[7]         ; Inapplicable ; Pass         ; Pass         ; Inapplicable ; Inapplicable ; Pass      ; Pass         ; Inapplicable ; Inapplicable ; Inapplicable ; Inapplicable ; Inapplicable ; Inapplicable ; Inapplicable ; Inapplicable ; Inapplicable ; Inapplicable ; Inapplicable ; Inapplicable ; Inapplicable ; Inapplicable ; Inapplicable ; Inapplicable ; Inapplicable ; Inapplicable ; Pass      ; Pass      ; Inapplicable ;
; fuzz_out[8]         ; Inapplicable ; Inapplicable ; Inapplicable ; Inapplicable ; Inapplicable ; Pass      ; Inapplicable ; Inapplicable ; Inapplicable ; Inapplicable ; Inapplicable ; Inapplicable ; Inapplicable ; Inapplicable ; Inapplicable ; Inapplicable ; Inapplicable ; Inapplicable ; Inapplicable ; Inapplicable ; Inapplicable ; Inapplicable ; Inapplicable ; Inapplicable ; Inapplicable ; Pass      ; Pass      ; Inapplicable ;
; fuzz_out[9]         ; Inapplicable ; Inapplicable ; Inapplicable ; Inapplicable ; Inapplicable ; Pass      ; Inapplicable ; Inapplicable ; Inapplicable ; Inapplicable ; Inapplicable ; Inapplicable ; Inapplicable ; Inapplicable ; Inapplicable ; Inapplicable ; Inapplicable ; Inapplicable ; Inapplicable ; Inapplicable ; Inapplicable ; Inapplicable ; Inapplicable ; Inapplicable ; Inapplicable ; Pass      ; Pass      ; Inapplicable ;
; fuzz_out[10]        ; Inapplicable ; Inapplicable ; Inapplicable ; Inapplicable ; Inapplicable ; Pass      ; Inapplicable ; Inapplicable ; Inapplicable ; Inapplicable ; Inapplicable ; Inapplicable ; Inapplicable ; Inapplicable ; Inapplicable ; Inapplicable ; Inapplicable ; Inapplicable ; Inapplicable ; Inapplicable ; Inapplicable ; Inapplicable ; Inapplicable ; Inapplicable ; Inapplicable ; Pass      ; Pass      ; Inapplicable ;
; fuzz_out[11]        ; Inapplicable ; Inapplicable ; Inapplicable ; Inapplicable ; Inapplicable ; Pass      ; Inapplicable ; Inapplicable ; Inapplicable ; Inapplicable ; Inapplicable ; Inapplicable ; Inapplicable ; Inapplicable ; Inapplicable ; Inapplicable ; Inapplicable ; Inapplicable ; Inapplicable ; Inapplicable ; Inapplicable ; Inapplicable ; Inapplicable ; Inapplicable ; Inapplicable ; Pass      ; Pass      ; Inapplicable ;
; fuzz_out[12]        ; Inapplicable ; Inapplicable ; Inapplicable ; Inapplicable ; Inapplicable ; Pass      ; Inapplicable ; Inapplicable ; Inapplicable ; Inapplicable ; Inapplicable ; Inapplicable ; Inapplicable ; Inapplicable ; Inapplicable ; Inapplicable ; Inapplicable ; Inapplicable ; Inapplicable ; Inapplicable ; Inapplicable ; Inapplicable ; Inapplicable ; Inapplicable ; Inapplicable ; Pass      ; Pass      ; Inapplicable ;
; fuzz_out[13]        ; Inapplicable ; Inapplicable ; Inapplicable ; Inapplicable ; Inapplicable ; Pass      ; Inapplicable ; Inapplicable ; Inapplicable ; Inapplicable ; Inapplicable ; Inapplicable ; Inapplicable ; Inapplicable ; Inapplicable ; Inapplicable ; Inapplicable ; Inapplicable ; Inapplicable ; Inapplicable ; Inapplicable ; Inapplicable ; Inapplicable ; Inapplicable ; Inapplicable ; Pass      ; Pass      ; Inapplicable ;
; fuzz_out[14]        ; Inapplicable ; Inapplicable ; Inapplicable ; Inapplicable ; Inapplicable ; Pass      ; Inapplicable ; Inapplicable ; Inapplicable ; Inapplicable ; Inapplicable ; Inapplicable ; Inapplicable ; Inapplicable ; Inapplicable ; Inapplicable ; Inapplicable ; Inapplicable ; Inapplicable ; Inapplicable ; Inapplicable ; Inapplicable ; Inapplicable ; Inapplicable ; Inapplicable ; Pass      ; Pass      ; Inapplicable ;
; fuzz_out[15]        ; Inapplicable ; Inapplicable ; Inapplicable ; Inapplicable ; Inapplicable ; Pass      ; Inapplicable ; Inapplicable ; Inapplicable ; Inapplicable ; Inapplicable ; Inapplicable ; Inapplicable ; Inapplicable ; Inapplicable ; Inapplicable ; Inapplicable ; Inapplicable ; Inapplicable ; Inapplicable ; Inapplicable ; Inapplicable ; Inapplicable ; Inapplicable ; Inapplicable ; Pass      ; Pass      ; Inapplicable ;
; fuzz_out[16]        ; Inapplicable ; Inapplicable ; Inapplicable ; Inapplicable ; Inapplicable ; Pass      ; Inapplicable ; Inapplicable ; Inapplicable ; Inapplicable ; Inapplicable ; Inapplicable ; Inapplicable ; Inapplicable ; Inapplicable ; Inapplicable ; Inapplicable ; Inapplicable ; Inapplicable ; Inapplicable ; Inapplicable ; Inapplicable ; Inapplicable ; Inapplicable ; Inapplicable ; Pass      ; Pass      ; Inapplicable ;
; fuzz_out[17]        ; Inapplicable ; Inapplicable ; Inapplicable ; Inapplicable ; Inapplicable ; Pass      ; Inapplicable ; Inapplicable ; Inapplicable ; Inapplicable ; Inapplicable ; Inapplicable ; Inapplicable ; Inapplicable ; Inapplicable ; Inapplicable ; Inapplicable ; Inapplicable ; Inapplicable ; Inapplicable ; Inapplicable ; Inapplicable ; Inapplicable ; Inapplicable ; Inapplicable ; Pass      ; Pass      ; Inapplicable ;
; fuzz_out[18]        ; Inapplicable ; Inapplicable ; Inapplicable ; Inapplicable ; Inapplicable ; Pass      ; Inapplicable ; Inapplicable ; Inapplicable ; Inapplicable ; Inapplicable ; Inapplicable ; Inapplicable ; Inapplicable ; Inapplicable ; Inapplicable ; Inapplicable ; Inapplicable ; Inapplicable ; Inapplicable ; Inapplicable ; Inapplicable ; Inapplicable ; Inapplicable ; Inapplicable ; Pass      ; Pass      ; Inapplicable ;
; fuzz_out[19]        ; Inapplicable ; Inapplicable ; Inapplicable ; Inapplicable ; Inapplicable ; Pass      ; Inapplicable ; Inapplicable ; Inapplicable ; Inapplicable ; Inapplicable ; Inapplicable ; Inapplicable ; Inapplicable ; Inapplicable ; Inapplicable ; Inapplicable ; Inapplicable ; Inapplicable ; Inapplicable ; Inapplicable ; Inapplicable ; Inapplicable ; Inapplicable ; Inapplicable ; Pass      ; Pass      ; Inapplicable ;
; fuzz_out[20]        ; Inapplicable ; Inapplicable ; Inapplicable ; Inapplicable ; Inapplicable ; Pass      ; Inapplicable ; Inapplicable ; Inapplicable ; Inapplicable ; Inapplicable ; Inapplicable ; Inapplicable ; Inapplicable ; Inapplicable ; Inapplicable ; Inapplicable ; Inapplicable ; Inapplicable ; Inapplicable ; Inapplicable ; Inapplicable ; Inapplicable ; Inapplicable ; Inapplicable ; Pass      ; Pass      ; Inapplicable ;
; fuzz_out[21]        ; Inapplicable ; Inapplicable ; Inapplicable ; Inapplicable ; Inapplicable ; Pass      ; Inapplicable ; Inapplicable ; Inapplicable ; Inapplicable ; Inapplicable ; Inapplicable ; Inapplicable ; Inapplicable ; Inapplicable ; Inapplicable ; Inapplicable ; Inapplicable ; Inapplicable ; Inapplicable ; Inapplicable ; Inapplicable ; Inapplicable ; Inapplicable ; Inapplicable ; Pass      ; Pass      ; Inapplicable ;
; fuzz_out[22]        ; Inapplicable ; Inapplicable ; Inapplicable ; Inapplicable ; Inapplicable ; Pass      ; Inapplicable ; Inapplicable ; Inapplicable ; Inapplicable ; Inapplicable ; Inapplicable ; Inapplicable ; Inapplicable ; Inapplicable ; Inapplicable ; Inapplicable ; Inapplicable ; Inapplicable ; Inapplicable ; Inapplicable ; Inapplicable ; Inapplicable ; Inapplicable ; Inapplicable ; Pass      ; Pass      ; Inapplicable ;
; fuzz_out[23]        ; Inapplicable ; Inapplicable ; Inapplicable ; Inapplicable ; Inapplicable ; Pass      ; Inapplicable ; Inapplicable ; Inapplicable ; Inapplicable ; Inapplicable ; Inapplicable ; Inapplicable ; Inapplicable ; Inapplicable ; Inapplicable ; Inapplicable ; Inapplicable ; Inapplicable ; Inapplicable ; Inapplicable ; Inapplicable ; Inapplicable ; Inapplicable ; Inapplicable ; Pass      ; Pass      ; Inapplicable ;
; fuzz_out[24]        ; Inapplicable ; Inapplicable ; Inapplicable ; Inapplicable ; Inapplicable ; Pass      ; Inapplicable ; Inapplicable ; Inapplicable ; Inapplicable ; Inapplicable ; Inapplicable ; Inapplicable ; Inapplicable ; Inapplicable ; Inapplicable ; Inapplicable ; Inapplicable ; Inapplicable ; Inapplicable ; Inapplicable ; Inapplicable ; Inapplicable ; Inapplicable ; Inapplicable ; Pass      ; Pass      ; Inapplicable ;
; fuzz_out[25]        ; Inapplicable ; Inapplicable ; Inapplicable ; Inapplicable ; Inapplicable ; Pass      ; Inapplicable ; Inapplicable ; Inapplicable ; Inapplicable ; Inapplicable ; Inapplicable ; Inapplicable ; Inapplicable ; Inapplicable ; Inapplicable ; Inapplicable ; Inapplicable ; Inapplicable ; Inapplicable ; Inapplicable ; Inapplicable ; Inapplicable ; Inapplicable ; Inapplicable ; Pass      ; Pass      ; Inapplicable ;
; fuzz_out[26]        ; Inapplicable ; Inapplicable ; Inapplicable ; Inapplicable ; Inapplicable ; Pass      ; Inapplicable ; Inapplicable ; Inapplicable ; Inapplicable ; Inapplicable ; Inapplicable ; Inapplicable ; Inapplicable ; Inapplicable ; Inapplicable ; Inapplicable ; Inapplicable ; Inapplicable ; Inapplicable ; Inapplicable ; Inapplicable ; Inapplicable ; Inapplicable ; Inapplicable ; Pass      ; Pass      ; Inapplicable ;
; fuzz_out[27]        ; Inapplicable ; Inapplicable ; Inapplicable ; Inapplicable ; Inapplicable ; Pass      ; Inapplicable ; Inapplicable ; Inapplicable ; Inapplicable ; Inapplicable ; Inapplicable ; Inapplicable ; Inapplicable ; Inapplicable ; Inapplicable ; Inapplicable ; Inapplicable ; Inapplicable ; Inapplicable ; Inapplicable ; Inapplicable ; Inapplicable ; Inapplicable ; Inapplicable ; Pass      ; Pass      ; Inapplicable ;
; fuzz_out[28]        ; Inapplicable ; Inapplicable ; Inapplicable ; Inapplicable ; Inapplicable ; Pass      ; Inapplicable ; Inapplicable ; Inapplicable ; Inapplicable ; Inapplicable ; Inapplicable ; Inapplicable ; Inapplicable ; Inapplicable ; Inapplicable ; Inapplicable ; Inapplicable ; Inapplicable ; Inapplicable ; Inapplicable ; Inapplicable ; Inapplicable ; Inapplicable ; Inapplicable ; Pass      ; Pass      ; Inapplicable ;
; fuzz_out[29]        ; Inapplicable ; Inapplicable ; Inapplicable ; Inapplicable ; Inapplicable ; Pass      ; Inapplicable ; Inapplicable ; Inapplicable ; Inapplicable ; Inapplicable ; Inapplicable ; Inapplicable ; Inapplicable ; Inapplicable ; Inapplicable ; Inapplicable ; Inapplicable ; Inapplicable ; Inapplicable ; Inapplicable ; Inapplicable ; Inapplicable ; Inapplicable ; Inapplicable ; Pass      ; Pass      ; Inapplicable ;
; fuzz_out[30]        ; Inapplicable ; Inapplicable ; Inapplicable ; Inapplicable ; Inapplicable ; Pass      ; Inapplicable ; Inapplicable ; Inapplicable ; Inapplicable ; Inapplicable ; Inapplicable ; Inapplicable ; Inapplicable ; Inapplicable ; Inapplicable ; Inapplicable ; Inapplicable ; Inapplicable ; Inapplicable ; Inapplicable ; Inapplicable ; Inapplicable ; Inapplicable ; Inapplicable ; Pass      ; Pass      ; Inapplicable ;
; fuzz_out[31]        ; Inapplicable ; Inapplicable ; Inapplicable ; Inapplicable ; Inapplicable ; Pass      ; Inapplicable ; Inapplicable ; Inapplicable ; Inapplicable ; Inapplicable ; Inapplicable ; Inapplicable ; Inapplicable ; Inapplicable ; Inapplicable ; Inapplicable ; Inapplicable ; Inapplicable ; Inapplicable ; Inapplicable ; Inapplicable ; Inapplicable ; Inapplicable ; Inapplicable ; Pass      ; Pass      ; Inapplicable ;
; clk                 ; Inapplicable ; Pass         ; Pass         ; Inapplicable ; Inapplicable ; Pass      ; Pass         ; Inapplicable ; Inapplicable ; Inapplicable ; Inapplicable ; Inapplicable ; Inapplicable ; Inapplicable ; Inapplicable ; Inapplicable ; Inapplicable ; Inapplicable ; Inapplicable ; Inapplicable ; Inapplicable ; Inapplicable ; Inapplicable ; Inapplicable ; Inapplicable ; Pass      ; Pass      ; Inapplicable ;
; rst_n               ; Inapplicable ; Pass         ; Pass         ; Inapplicable ; Inapplicable ; Pass      ; Pass         ; Inapplicable ; Inapplicable ; Inapplicable ; Inapplicable ; Inapplicable ; Inapplicable ; Inapplicable ; Inapplicable ; Inapplicable ; Inapplicable ; Inapplicable ; Inapplicable ; Inapplicable ; Inapplicable ; Inapplicable ; Inapplicable ; Inapplicable ; Inapplicable ; Pass      ; Pass      ; Inapplicable ;
; altera_reserved_tms ; Inapplicable ; Inapplicable ; Inapplicable ; Inapplicable ; Inapplicable ; Pass      ; Inapplicable ; Inapplicable ; Inapplicable ; Inapplicable ; Inapplicable ; Inapplicable ; Inapplicable ; Inapplicable ; Inapplicable ; Inapplicable ; Inapplicable ; Inapplicable ; Inapplicable ; Inapplicable ; Inapplicable ; Inapplicable ; Inapplicable ; Inapplicable ; Inapplicable ; Pass      ; Pass      ; Inapplicable ;
; altera_reserved_tck ; Inapplicable ; Inapplicable ; Inapplicable ; Inapplicable ; Inapplicable ; Pass      ; Inapplicable ; Inapplicable ; Inapplicable ; Inapplicable ; Inapplicable ; Inapplicable ; Inapplicable ; Inapplicable ; Inapplicable ; Inapplicable ; Inapplicable ; Inapplicable ; Inapplicable ; Inapplicable ; Inapplicable ; Inapplicable ; Inapplicable ; Inapplicable ; Inapplicable ; Pass      ; Pass      ; Inapplicable ;
; altera_reserved_tdi ; Inapplicable ; Inapplicable ; Inapplicable ; Inapplicable ; Inapplicable ; Pass      ; Inapplicable ; Inapplicable ; Inapplicable ; Inapplicable ; Inapplicable ; Inapplicable ; Inapplicable ; Inapplicable ; Inapplicable ; Inapplicable ; Inapplicable ; Inapplicable ; Inapplicable ; Inapplicable ; Inapplicable ; Inapplicable ; Inapplicable ; Inapplicable ; Inapplicable ; Pass      ; Pass      ; Inapplicable ;
; altera_reserved_tdo ; Inapplicable ; Inapplicable ; Inapplicable ; Inapplicable ; Inapplicable ; Pass      ; Inapplicable ; Inapplicable ; Inapplicable ; Inapplicable ; Inapplicable ; Inapplicable ; Inapplicable ; Inapplicable ; Inapplicable ; Inapplicable ; Inapplicable ; Inapplicable ; Inapplicable ; Inapplicable ; Inapplicable ; Inapplicable ; Inapplicable ; Inapplicable ; Inapplicable ; Pass      ; Pass      ; Inapplicable ;
+---------------------+--------------+--------------+--------------+--------------+--------------+-----------+--------------+--------------+--------------+--------------+--------------+--------------+--------------+--------------+--------------+--------------+--------------+--------------+--------------+--------------+--------------+--------------+--------------+--------------+--------------+-----------+-----------+--------------+


+------------------------------------------------------------------------------------------------+
; Fitter Device Options                                                                          ;
+------------------------------------------------------------------+-----------------------------+
; Option                                                           ; Setting                     ;
+------------------------------------------------------------------+-----------------------------+
; Enable user-supplied start-up clock (CLKUSR)                     ; Off                         ;
; Enable device-wide reset (DEV_CLRn)                              ; Off                         ;
; Enable device-wide output enable (DEV_OE)                        ; Off                         ;
; Enable INIT_DONE output                                          ; Off                         ;
; Configuration scheme                                             ; Passive Serial              ;
; Enable Error Detection CRC_ERROR pin                             ; Off                         ;
; Enable CvP_CONFDONE pin                                          ; Off                         ;
; Enable open drain on CRC_ERROR pin                               ; On                          ;
; Enable open drain on CvP_CONFDONE pin                            ; On                          ;
; Enable open drain on INIT_DONE pin                               ; On                          ;
; Enable open drain on Partial Reconfiguration pins                ; Off                         ;
; Enable open drain on nCEO pin                                    ; On                          ;
; Enable Partial Reconfiguration pins                              ; Off                         ;
; Enable input tri-state on active configuration pins in user mode ; Off                         ;
; Enable internal scrubbing                                        ; Off                         ;
; Active Serial clock source                                       ; 100 MHz Internal Oscillator ;
; Device initialization clock source                               ; Internal Oscillator         ;
; Configuration via Protocol                                       ; Off                         ;
; Configuration Voltage Level                                      ; Auto                        ;
; Force Configuration Voltage Level                                ; Off                         ;
; Enable nCEO output                                               ; Off                         ;
; Data[15..8]                                                      ; Unreserved                  ;
; Data[7..5]                                                       ; Unreserved                  ;
; Base pin-out file on sameframe device                            ; Off                         ;
+------------------------------------------------------------------+-----------------------------+


+------------------------------------+
; Operating Settings and Conditions  ;
+---------------------------+--------+
; Setting                   ; Value  ;
+---------------------------+--------+
; Nominal Core Voltage      ; 1.10 V ;
; Low Junction Temperature  ; -40 °C ;
; High Junction Temperature ; 100 °C ;
+---------------------------+--------+


+--------------------------------------------------------------------+
; Estimated Delay Added for Hold Timing Summary                      ;
+-------------------------+----------------------+-------------------+
; Source Clock(s)         ; Destination Clock(s) ; Delay Added in ns ;
+-------------------------+----------------------+-------------------+
; altera_reserved_tck     ; altera_reserved_tck  ; 368.8             ;
; clk                     ; clk                  ; 62.9              ;
; altera_reserved_tck,I/O ; altera_reserved_tck  ; 14.4              ;
+-------------------------+----------------------+-------------------+
Note: For more information on problematic transfers, consider running the Fitter again with the Optimize hold timing option (Settings Menu) turned off.
This will disable optimization of problematic paths and expose them for further analysis using the Timing Analyzer.


+-----------------------------------------------------------------------------------------------------------------------------------------------------------------------------------------------------------------------------------------------------------------------------------------------------------------------------------------------------------------------------------------------------------------------------------------------------------------------------------------------------------------------------------------------------------------------------------------------------------------------------------------------------------------------------------------------------------------------------------------+
; Estimated Delay Added for Hold Timing Details                                                                                                                                                                                                                                                                                                                                                                                                                                                                                                                                                                                                                                                                                           ;
+----------------------------------------------------------------------------------------------------------------------------------------------------------------------------------------------------------------------------------------------------------------------------------------------------------------------------------------------------------+----------------------------------------------------------------------------------------------------------------------------------------------------------------------------------------------------------------------------------------------------------------------------------------------------------------------------------------------------------+-------------------+
; Source Register                                                                                                                                                                                                                                                                                                                                          ; Destination Register                                                                                                                                                                                                                                                                                                                                     ; Delay Added in ns ;
+----------------------------------------------------------------------------------------------------------------------------------------------------------------------------------------------------------------------------------------------------------------------------------------------------------------------------------------------------------+----------------------------------------------------------------------------------------------------------------------------------------------------------------------------------------------------------------------------------------------------------------------------------------------------------------------------------------------------------+-------------------+
; jtag_system:u0|jtag_system_master_0:master_0|altera_avalon_st_jtag_interface:jtag_phy_embedded_in_jtag_master|altera_jtag_dc_streaming:normal.jtag_dc_streaming|altera_jtag_streaming:jtag_streaming|write_data_bit_counter[2]                                                                                                                           ; jtag_system:u0|jtag_system_master_0:master_0|altera_avalon_st_jtag_interface:jtag_phy_embedded_in_jtag_master|altera_jtag_dc_streaming:normal.jtag_dc_streaming|altera_jtag_streaming:jtag_streaming|valid_write_data_length_byte_counter[15]                                                                                                            ; 2.424             ;
; jtag_system:u0|jtag_system_master_0:master_0|altera_avalon_st_jtag_interface:jtag_phy_embedded_in_jtag_master|altera_jtag_dc_streaming:normal.jtag_dc_streaming|altera_jtag_streaming:jtag_streaming|write_data_bit_counter[0]                                                                                                                           ; jtag_system:u0|jtag_system_master_0:master_0|altera_avalon_st_jtag_interface:jtag_phy_embedded_in_jtag_master|altera_jtag_dc_streaming:normal.jtag_dc_streaming|altera_jtag_streaming:jtag_streaming|valid_write_data_length_byte_counter[15]                                                                                                            ; 2.415             ;
; jtag_system:u0|jtag_system_master_0:master_0|altera_avalon_st_jtag_interface:jtag_phy_embedded_in_jtag_master|altera_jtag_dc_streaming:normal.jtag_dc_streaming|altera_jtag_streaming:jtag_streaming|write_data_bit_counter[1]                                                                                                                           ; jtag_system:u0|jtag_system_master_0:master_0|altera_avalon_st_jtag_interface:jtag_phy_embedded_in_jtag_master|altera_jtag_dc_streaming:normal.jtag_dc_streaming|altera_jtag_streaming:jtag_streaming|valid_write_data_length_byte_counter[15]                                                                                                            ; 2.398             ;
; jtag_system:u0|jtag_system_master_0:master_0|altera_avalon_st_jtag_interface:jtag_phy_embedded_in_jtag_master|altera_jtag_dc_streaming:normal.jtag_dc_streaming|altera_jtag_streaming:jtag_streaming|write_data_valid                                                                                                                                    ; jtag_system:u0|jtag_system_master_0:master_0|altera_avalon_st_jtag_interface:jtag_phy_embedded_in_jtag_master|altera_jtag_dc_streaming:normal.jtag_dc_streaming|altera_jtag_streaming:jtag_streaming|valid_write_data_length_byte_counter[15]                                                                                                            ; 1.935             ;
; sld_hub:auto_hub|alt_sld_fab_with_jtag_input:\instrumentation_fabric_with_node_gen:fabric_gen_new_way:with_jtag_input_gen:instrumentation_fabric|alt_sld_fab:instrumentation_fabric|alt_sld_fab_alt_sld_fab:alt_sld_fab|alt_sld_fab_alt_sld_fab_sldfabric:sldfabric|sld_jtag_hub:\jtag_hub_gen:real_sld_jtag_hub|sld_shadow_jsm:shadow_jsm|state[2]      ; sld_hub:auto_hub|alt_sld_fab_with_jtag_input:\instrumentation_fabric_with_node_gen:fabric_gen_new_way:with_jtag_input_gen:instrumentation_fabric|alt_sld_fab:instrumentation_fabric|alt_sld_fab_alt_sld_fab:alt_sld_fab|splitter_nodes_receive_0[3]                                                                                                      ; 1.777             ;
; jtag_system:u0|jtag_system_master_0:master_0|altera_avalon_st_jtag_interface:jtag_phy_embedded_in_jtag_master|altera_jtag_dc_streaming:normal.jtag_dc_streaming|altera_jtag_streaming:jtag_streaming|padded_bit_counter[5]                                                                                                                               ; jtag_system:u0|jtag_system_master_0:master_0|altera_avalon_st_jtag_interface:jtag_phy_embedded_in_jtag_master|altera_jtag_dc_streaming:normal.jtag_dc_streaming|altera_jtag_streaming:jtag_streaming|read_state.ST_HEADER                                                                                                                                ; 1.631             ;
; sld_hub:auto_hub|alt_sld_fab_with_jtag_input:\instrumentation_fabric_with_node_gen:fabric_gen_new_way:with_jtag_input_gen:instrumentation_fabric|alt_sld_fab:instrumentation_fabric|alt_sld_fab_alt_sld_fab:alt_sld_fab|alt_sld_fab_alt_sld_fab_sldfabric:sldfabric|sld_jtag_hub:\jtag_hub_gen:real_sld_jtag_hub|irf_reg[1][2]                           ; jtag_system:u0|jtag_system_master_0:master_0|altera_avalon_st_jtag_interface:jtag_phy_embedded_in_jtag_master|altera_jtag_dc_streaming:normal.jtag_dc_streaming|altera_jtag_streaming:jtag_streaming|read_state.ST_PADDED                                                                                                                                ; 1.549             ;
; jtag_system:u0|jtag_system_master_0:master_0|altera_avalon_st_jtag_interface:jtag_phy_embedded_in_jtag_master|altera_jtag_dc_streaming:normal.jtag_dc_streaming|altera_jtag_streaming:jtag_streaming|padded_bit_counter[0]                                                                                                                               ; jtag_system:u0|jtag_system_master_0:master_0|altera_avalon_st_jtag_interface:jtag_phy_embedded_in_jtag_master|altera_jtag_dc_streaming:normal.jtag_dc_streaming|altera_jtag_streaming:jtag_streaming|read_state.ST_HEADER                                                                                                                                ; 1.542             ;
; jtag_system:u0|jtag_system_master_0:master_0|altera_avalon_st_jtag_interface:jtag_phy_embedded_in_jtag_master|altera_jtag_dc_streaming:normal.jtag_dc_streaming|altera_jtag_streaming:jtag_streaming|padded_bit_counter[6]                                                                                                                               ; jtag_system:u0|jtag_system_master_0:master_0|altera_avalon_st_jtag_interface:jtag_phy_embedded_in_jtag_master|altera_jtag_dc_streaming:normal.jtag_dc_streaming|altera_jtag_streaming:jtag_streaming|read_state.ST_HEADER                                                                                                                                ; 1.540             ;
; sld_hub:auto_hub|alt_sld_fab_with_jtag_input:\instrumentation_fabric_with_node_gen:fabric_gen_new_way:with_jtag_input_gen:instrumentation_fabric|alt_sld_fab:instrumentation_fabric|alt_sld_fab_alt_sld_fab:alt_sld_fab|alt_sld_fab_alt_sld_fab_sldfabric:sldfabric|sld_jtag_hub:\jtag_hub_gen:real_sld_jtag_hub|irf_reg[1][1]                           ; jtag_system:u0|jtag_system_master_0:master_0|altera_avalon_st_jtag_interface:jtag_phy_embedded_in_jtag_master|altera_jtag_dc_streaming:normal.jtag_dc_streaming|altera_jtag_streaming:jtag_streaming|read_state.ST_PADDED                                                                                                                                ; 1.535             ;
; sld_hub:auto_hub|alt_sld_fab_with_jtag_input:\instrumentation_fabric_with_node_gen:fabric_gen_new_way:with_jtag_input_gen:instrumentation_fabric|alt_sld_fab:instrumentation_fabric|alt_sld_fab_alt_sld_fab:alt_sld_fab|alt_sld_fab_alt_sld_fab_sldfabric:sldfabric|sld_jtag_hub:\jtag_hub_gen:real_sld_jtag_hub|irf_reg[1][0]                           ; jtag_system:u0|jtag_system_master_0:master_0|altera_avalon_st_jtag_interface:jtag_phy_embedded_in_jtag_master|altera_jtag_dc_streaming:normal.jtag_dc_streaming|altera_jtag_streaming:jtag_streaming|read_state.ST_PADDED                                                                                                                                ; 1.513             ;
; sld_hub:auto_hub|alt_sld_fab_with_jtag_input:\instrumentation_fabric_with_node_gen:fabric_gen_new_way:with_jtag_input_gen:instrumentation_fabric|alt_sld_fab:instrumentation_fabric|alt_sld_fab_alt_sld_fab:alt_sld_fab|alt_sld_fab_alt_sld_fab_sldfabric:sldfabric|sld_jtag_hub:\jtag_hub_gen:real_sld_jtag_hub|sld_shadow_jsm:shadow_jsm|state[4]      ; jtag_system:u0|jtag_system_master_0:master_0|altera_avalon_st_jtag_interface:jtag_phy_embedded_in_jtag_master|altera_jtag_dc_streaming:normal.jtag_dc_streaming|altera_jtag_streaming:jtag_streaming|dr_loopback                                                                                                                                         ; 1.508             ;
; jtag_system:u0|jtag_system_master_0:master_0|altera_avalon_st_jtag_interface:jtag_phy_embedded_in_jtag_master|altera_jtag_dc_streaming:normal.jtag_dc_streaming|altera_jtag_streaming:jtag_streaming|padded_bit_counter[1]                                                                                                                               ; jtag_system:u0|jtag_system_master_0:master_0|altera_avalon_st_jtag_interface:jtag_phy_embedded_in_jtag_master|altera_jtag_dc_streaming:normal.jtag_dc_streaming|altera_jtag_streaming:jtag_streaming|read_state.ST_HEADER                                                                                                                                ; 1.466             ;
; jtag_system:u0|jtag_system_master_0:master_0|altera_avalon_st_jtag_interface:jtag_phy_embedded_in_jtag_master|altera_jtag_dc_streaming:normal.jtag_dc_streaming|altera_jtag_streaming:jtag_streaming|padded_bit_counter[2]                                                                                                                               ; jtag_system:u0|jtag_system_master_0:master_0|altera_avalon_st_jtag_interface:jtag_phy_embedded_in_jtag_master|altera_jtag_dc_streaming:normal.jtag_dc_streaming|altera_jtag_streaming:jtag_streaming|read_state.ST_HEADER                                                                                                                                ; 1.465             ;
; jtag_system:u0|jtag_system_master_0:master_0|altera_avalon_st_jtag_interface:jtag_phy_embedded_in_jtag_master|altera_jtag_dc_streaming:normal.jtag_dc_streaming|altera_jtag_streaming:jtag_streaming|padded_bit_counter[3]                                                                                                                               ; jtag_system:u0|jtag_system_master_0:master_0|altera_avalon_st_jtag_interface:jtag_phy_embedded_in_jtag_master|altera_jtag_dc_streaming:normal.jtag_dc_streaming|altera_jtag_streaming:jtag_streaming|read_state.ST_HEADER                                                                                                                                ; 1.374             ;
; jtag_system:u0|jtag_system_master_0:master_0|altera_avalon_st_jtag_interface:jtag_phy_embedded_in_jtag_master|altera_jtag_dc_streaming:normal.jtag_dc_streaming|altera_jtag_streaming:jtag_streaming|padded_bit_counter[7]                                                                                                                               ; jtag_system:u0|jtag_system_master_0:master_0|altera_avalon_st_jtag_interface:jtag_phy_embedded_in_jtag_master|altera_jtag_dc_streaming:normal.jtag_dc_streaming|altera_jtag_streaming:jtag_streaming|read_state.ST_HEADER                                                                                                                                ; 1.358             ;
; sld_hub:auto_hub|alt_sld_fab_with_jtag_input:\instrumentation_fabric_with_node_gen:fabric_gen_new_way:with_jtag_input_gen:instrumentation_fabric|alt_sld_fab:instrumentation_fabric|alt_sld_fab_alt_sld_fab:alt_sld_fab|alt_sld_fab_alt_sld_fab_sldfabric:sldfabric|sld_jtag_hub:\jtag_hub_gen:real_sld_jtag_hub|virtual_ir_scan_reg                     ; sld_hub:auto_hub|alt_sld_fab_with_jtag_input:\instrumentation_fabric_with_node_gen:fabric_gen_new_way:with_jtag_input_gen:instrumentation_fabric|alt_sld_fab:instrumentation_fabric|alt_sld_fab_alt_sld_fab:alt_sld_fab|alt_sld_fab_alt_sld_fab_sldfabric:sldfabric|sld_jtag_hub:\jtag_hub_gen:real_sld_jtag_hub|mixer_addr_reg_internal[3]              ; 1.326             ;
; sld_hub:auto_hub|alt_sld_fab_with_jtag_input:\instrumentation_fabric_with_node_gen:fabric_gen_new_way:with_jtag_input_gen:instrumentation_fabric|alt_sld_fab:instrumentation_fabric|alt_sld_fab_alt_sld_fab:alt_sld_fab|alt_sld_fab_alt_sld_fab_sldfabric:sldfabric|sld_jtag_hub:\jtag_hub_gen:real_sld_jtag_hub|sld_rom_sr:hub_info_reg|word_counter[0] ; sld_hub:auto_hub|alt_sld_fab_with_jtag_input:\instrumentation_fabric_with_node_gen:fabric_gen_new_way:with_jtag_input_gen:instrumentation_fabric|alt_sld_fab:instrumentation_fabric|alt_sld_fab_alt_sld_fab:alt_sld_fab|alt_sld_fab_alt_sld_fab_sldfabric:sldfabric|sld_jtag_hub:\jtag_hub_gen:real_sld_jtag_hub|sld_rom_sr:hub_info_reg|word_counter[3] ; 1.304             ;
; jtag_system:u0|jtag_system_master_0:master_0|altera_avalon_st_jtag_interface:jtag_phy_embedded_in_jtag_master|altera_jtag_dc_streaming:normal.jtag_dc_streaming|altera_jtag_streaming:jtag_streaming|write_data_length[0]                                                                                                                                ; jtag_system:u0|jtag_system_master_0:master_0|altera_avalon_st_jtag_interface:jtag_phy_embedded_in_jtag_master|altera_jtag_dc_streaming:normal.jtag_dc_streaming|altera_jtag_streaming:jtag_streaming|valid_write_data_length_byte_counter[8]                                                                                                             ; 1.255             ;
; jtag_system:u0|jtag_system_master_0:master_0|altera_avalon_st_jtag_interface:jtag_phy_embedded_in_jtag_master|altera_jtag_dc_streaming:normal.jtag_dc_streaming|altera_jtag_streaming:jtag_streaming|write_data_length[2]                                                                                                                                ; jtag_system:u0|jtag_system_master_0:master_0|altera_avalon_st_jtag_interface:jtag_phy_embedded_in_jtag_master|altera_jtag_dc_streaming:normal.jtag_dc_streaming|altera_jtag_streaming:jtag_streaming|valid_write_data_length_byte_counter[13]                                                                                                            ; 1.252             ;
; jtag_system:u0|jtag_system_master_0:master_0|altera_avalon_st_jtag_interface:jtag_phy_embedded_in_jtag_master|altera_jtag_dc_streaming:normal.jtag_dc_streaming|altera_jtag_streaming:jtag_streaming|write_data_length[1]                                                                                                                                ; jtag_system:u0|jtag_system_master_0:master_0|altera_avalon_st_jtag_interface:jtag_phy_embedded_in_jtag_master|altera_jtag_dc_streaming:normal.jtag_dc_streaming|altera_jtag_streaming:jtag_streaming|valid_write_data_length_byte_counter[13]                                                                                                            ; 1.252             ;
; jtag_system:u0|jtag_system_master_0:master_0|altera_avalon_st_jtag_interface:jtag_phy_embedded_in_jtag_master|altera_jtag_dc_streaming:normal.jtag_dc_streaming|altera_jtag_streaming:jtag_streaming|padded_bit_counter[4]                                                                                                                               ; jtag_system:u0|jtag_system_master_0:master_0|altera_avalon_st_jtag_interface:jtag_phy_embedded_in_jtag_master|altera_jtag_dc_streaming:normal.jtag_dc_streaming|altera_jtag_streaming:jtag_streaming|read_state.ST_HEADER                                                                                                                                ; 1.247             ;
; sld_hub:auto_hub|alt_sld_fab_with_jtag_input:\instrumentation_fabric_with_node_gen:fabric_gen_new_way:with_jtag_input_gen:instrumentation_fabric|alt_sld_fab:instrumentation_fabric|alt_sld_fab_alt_sld_fab:alt_sld_fab|sldfabric_ident_writedata[0]                                                                                                     ; sld_hub:auto_hub|alt_sld_fab_with_jtag_input:\instrumentation_fabric_with_node_gen:fabric_gen_new_way:with_jtag_input_gen:instrumentation_fabric|alt_sld_fab:instrumentation_fabric|alt_sld_fab_alt_sld_fab:alt_sld_fab|alt_sld_fab_alt_sld_fab_sldfabric:sldfabric|sld_jtag_hub:\jtag_hub_gen:real_sld_jtag_hub|design_hash_reg[0]                      ; 1.173             ;
; sld_hub:auto_hub|alt_sld_fab_with_jtag_input:\instrumentation_fabric_with_node_gen:fabric_gen_new_way:with_jtag_input_gen:instrumentation_fabric|alt_sld_fab:instrumentation_fabric|alt_sld_fab_alt_sld_fab:alt_sld_fab|alt_sld_fab_alt_sld_fab_sldfabric:sldfabric|sld_jtag_hub:\jtag_hub_gen:real_sld_jtag_hub|irsr_reg[3]                             ; sld_hub:auto_hub|alt_sld_fab_with_jtag_input:\instrumentation_fabric_with_node_gen:fabric_gen_new_way:with_jtag_input_gen:instrumentation_fabric|alt_sld_fab:instrumentation_fabric|alt_sld_fab_alt_sld_fab:alt_sld_fab|alt_sld_fab_alt_sld_fab_sldfabric:sldfabric|sld_jtag_hub:\jtag_hub_gen:real_sld_jtag_hub|irsr_reg[2]                             ; 1.169             ;
; jtag_system:u0|jtag_system_master_0:master_0|altera_avalon_st_jtag_interface:jtag_phy_embedded_in_jtag_master|altera_jtag_dc_streaming:normal.jtag_dc_streaming|altera_jtag_streaming:jtag_streaming|read_state.ST_HEADER                                                                                                                                ; jtag_system:u0|jtag_system_master_0:master_0|altera_avalon_st_jtag_interface:jtag_phy_embedded_in_jtag_master|altera_jtag_dc_streaming:normal.jtag_dc_streaming|altera_jtag_streaming:jtag_streaming|header_out_bit_counter[3]                                                                                                                           ; 1.167             ;
; jtag_system:u0|jtag_system_master_0:master_0|altera_avalon_st_jtag_interface:jtag_phy_embedded_in_jtag_master|altera_jtag_dc_streaming:normal.jtag_dc_streaming|altera_jtag_streaming:jtag_streaming|idle_remover_sink_data[5]                                                                                                                           ; jtag_system:u0|jtag_system_master_0:master_0|altera_avalon_st_jtag_interface:jtag_phy_embedded_in_jtag_master|altera_jtag_dc_streaming:normal.jtag_dc_streaming|altera_jtag_src_crosser:source_crosser|sink_data_buffer[5]                                                                                                                               ; 1.165             ;
; jtag_system:u0|jtag_system_master_0:master_0|altera_avalon_st_jtag_interface:jtag_phy_embedded_in_jtag_master|altera_jtag_dc_streaming:normal.jtag_dc_streaming|altera_jtag_streaming:jtag_streaming|dr_debug[1]                                                                                                                                         ; jtag_system:u0|jtag_system_master_0:master_0|altera_avalon_st_jtag_interface:jtag_phy_embedded_in_jtag_master|altera_jtag_dc_streaming:normal.jtag_dc_streaming|altera_jtag_streaming:jtag_streaming|dr_debug[0]                                                                                                                                         ; 1.126             ;
; jtag_system:u0|jtag_system_master_0:master_0|altera_avalon_st_jtag_interface:jtag_phy_embedded_in_jtag_master|altera_jtag_dc_streaming:normal.jtag_dc_streaming|altera_jtag_streaming:jtag_streaming|dr_info[7]                                                                                                                                          ; jtag_system:u0|jtag_system_master_0:master_0|altera_avalon_st_jtag_interface:jtag_phy_embedded_in_jtag_master|altera_jtag_dc_streaming:normal.jtag_dc_streaming|altera_jtag_streaming:jtag_streaming|dr_info[6]                                                                                                                                          ; 1.126             ;
; jtag_system:u0|jtag_system_master_0:master_0|altera_avalon_st_jtag_interface:jtag_phy_embedded_in_jtag_master|altera_jtag_dc_streaming:normal.jtag_dc_streaming|altera_jtag_streaming:jtag_streaming|dr_info[5]                                                                                                                                          ; jtag_system:u0|jtag_system_master_0:master_0|altera_avalon_st_jtag_interface:jtag_phy_embedded_in_jtag_master|altera_jtag_dc_streaming:normal.jtag_dc_streaming|altera_jtag_streaming:jtag_streaming|dr_info[4]                                                                                                                                          ; 1.126             ;
; jtag_system:u0|jtag_system_master_0:master_0|altera_avalon_st_jtag_interface:jtag_phy_embedded_in_jtag_master|altera_jtag_dc_streaming:normal.jtag_dc_streaming|altera_jtag_streaming:jtag_streaming|dr_info[3]                                                                                                                                          ; jtag_system:u0|jtag_system_master_0:master_0|altera_avalon_st_jtag_interface:jtag_phy_embedded_in_jtag_master|altera_jtag_dc_streaming:normal.jtag_dc_streaming|altera_jtag_streaming:jtag_streaming|dr_info[2]                                                                                                                                          ; 1.126             ;
; jtag_system:u0|jtag_system_master_0:master_0|altera_avalon_st_jtag_interface:jtag_phy_embedded_in_jtag_master|altera_jtag_dc_streaming:normal.jtag_dc_streaming|altera_jtag_streaming:jtag_streaming|dr_info[2]                                                                                                                                          ; jtag_system:u0|jtag_system_master_0:master_0|altera_avalon_st_jtag_interface:jtag_phy_embedded_in_jtag_master|altera_jtag_dc_streaming:normal.jtag_dc_streaming|altera_jtag_streaming:jtag_streaming|dr_info[1]                                                                                                                                          ; 1.126             ;
; sld_hub:auto_hub|alt_sld_fab_with_jtag_input:\instrumentation_fabric_with_node_gen:fabric_gen_new_way:with_jtag_input_gen:instrumentation_fabric|alt_sld_fab:instrumentation_fabric|alt_sld_fab_alt_sld_fab:alt_sld_fab|sldfabric_ident_writedata[3]                                                                                                     ; sld_hub:auto_hub|alt_sld_fab_with_jtag_input:\instrumentation_fabric_with_node_gen:fabric_gen_new_way:with_jtag_input_gen:instrumentation_fabric|alt_sld_fab:instrumentation_fabric|alt_sld_fab_alt_sld_fab:alt_sld_fab|alt_sld_fab_alt_sld_fab_sldfabric:sldfabric|sld_jtag_hub:\jtag_hub_gen:real_sld_jtag_hub|design_hash_reg[3]                      ; 1.118             ;
; sld_hub:auto_hub|alt_sld_fab_with_jtag_input:\instrumentation_fabric_with_node_gen:fabric_gen_new_way:with_jtag_input_gen:instrumentation_fabric|alt_sld_fab:instrumentation_fabric|alt_sld_fab_alt_sld_fab:alt_sld_fab|alt_sld_fab_alt_sld_fab_sldfabric:sldfabric|sld_jtag_hub:\jtag_hub_gen:real_sld_jtag_hub|sld_rom_sr:hub_info_reg|word_counter[1] ; sld_hub:auto_hub|alt_sld_fab_with_jtag_input:\instrumentation_fabric_with_node_gen:fabric_gen_new_way:with_jtag_input_gen:instrumentation_fabric|alt_sld_fab:instrumentation_fabric|alt_sld_fab_alt_sld_fab:alt_sld_fab|alt_sld_fab_alt_sld_fab_sldfabric:sldfabric|sld_jtag_hub:\jtag_hub_gen:real_sld_jtag_hub|sld_rom_sr:hub_info_reg|WORD_SR[2]      ; 1.111             ;
; sld_hub:auto_hub|alt_sld_fab_with_jtag_input:\instrumentation_fabric_with_node_gen:fabric_gen_new_way:with_jtag_input_gen:instrumentation_fabric|alt_sld_fab:instrumentation_fabric|alt_sld_fab_alt_sld_fab:alt_sld_fab|alt_sld_fab_alt_sld_fab_sldfabric:sldfabric|sld_jtag_hub:\jtag_hub_gen:real_sld_jtag_hub|sld_rom_sr:hub_info_reg|word_counter[2] ; sld_hub:auto_hub|alt_sld_fab_with_jtag_input:\instrumentation_fabric_with_node_gen:fabric_gen_new_way:with_jtag_input_gen:instrumentation_fabric|alt_sld_fab:instrumentation_fabric|alt_sld_fab_alt_sld_fab:alt_sld_fab|alt_sld_fab_alt_sld_fab_sldfabric:sldfabric|sld_jtag_hub:\jtag_hub_gen:real_sld_jtag_hub|sld_rom_sr:hub_info_reg|WORD_SR[2]      ; 1.111             ;
; sld_hub:auto_hub|alt_sld_fab_with_jtag_input:\instrumentation_fabric_with_node_gen:fabric_gen_new_way:with_jtag_input_gen:instrumentation_fabric|alt_sld_fab:instrumentation_fabric|alt_sld_fab_alt_sld_fab:alt_sld_fab|alt_sld_fab_alt_sld_fab_sldfabric:sldfabric|sld_jtag_hub:\jtag_hub_gen:real_sld_jtag_hub|jtag_ir_reg[1]                          ; sld_hub:auto_hub|alt_sld_fab_with_jtag_input:\instrumentation_fabric_with_node_gen:fabric_gen_new_way:with_jtag_input_gen:instrumentation_fabric|alt_sld_fab:instrumentation_fabric|alt_sld_fab_alt_sld_fab:alt_sld_fab|alt_sld_fab_alt_sld_fab_sldfabric:sldfabric|sld_jtag_hub:\jtag_hub_gen:real_sld_jtag_hub|jtag_ir_reg[0]                          ; 1.111             ;
; sld_hub:auto_hub|alt_sld_fab_with_jtag_input:\instrumentation_fabric_with_node_gen:fabric_gen_new_way:with_jtag_input_gen:instrumentation_fabric|alt_sld_fab:instrumentation_fabric|alt_sld_fab_alt_sld_fab:alt_sld_fab|alt_sld_fab_alt_sld_fab_sldfabric:sldfabric|sld_jtag_hub:\jtag_hub_gen:real_sld_jtag_hub|sld_shadow_jsm:shadow_jsm|state[8]      ; sld_hub:auto_hub|alt_sld_fab_with_jtag_input:\instrumentation_fabric_with_node_gen:fabric_gen_new_way:with_jtag_input_gen:instrumentation_fabric|alt_sld_fab:instrumentation_fabric|alt_sld_fab_alt_sld_fab:alt_sld_fab|alt_sld_fab_alt_sld_fab_sldfabric:sldfabric|sld_jtag_hub:\jtag_hub_gen:real_sld_jtag_hub|mixer_addr_reg_internal[3]              ; 1.110             ;
; jtag_system:u0|jtag_system_master_0:master_0|altera_avalon_st_jtag_interface:jtag_phy_embedded_in_jtag_master|altera_jtag_dc_streaming:normal.jtag_dc_streaming|altera_jtag_streaming:jtag_streaming|dr_info[6]                                                                                                                                          ; jtag_system:u0|jtag_system_master_0:master_0|altera_avalon_st_jtag_interface:jtag_phy_embedded_in_jtag_master|altera_jtag_dc_streaming:normal.jtag_dc_streaming|altera_jtag_streaming:jtag_streaming|dr_info[5]                                                                                                                                          ; 1.110             ;
; jtag_system:u0|jtag_system_master_0:master_0|altera_avalon_st_jtag_interface:jtag_phy_embedded_in_jtag_master|altera_jtag_dc_streaming:normal.jtag_dc_streaming|altera_jtag_streaming:jtag_streaming|dr_info[4]                                                                                                                                          ; jtag_system:u0|jtag_system_master_0:master_0|altera_avalon_st_jtag_interface:jtag_phy_embedded_in_jtag_master|altera_jtag_dc_streaming:normal.jtag_dc_streaming|altera_jtag_streaming:jtag_streaming|dr_info[3]                                                                                                                                          ; 1.110             ;
; jtag_system:u0|jtag_system_master_0:master_0|altera_avalon_st_jtag_interface:jtag_phy_embedded_in_jtag_master|altera_jtag_dc_streaming:normal.jtag_dc_streaming|altera_jtag_streaming:jtag_streaming|dr_info[1]                                                                                                                                          ; jtag_system:u0|jtag_system_master_0:master_0|altera_avalon_st_jtag_interface:jtag_phy_embedded_in_jtag_master|altera_jtag_dc_streaming:normal.jtag_dc_streaming|altera_jtag_streaming:jtag_streaming|dr_info[0]                                                                                                                                          ; 1.110             ;
; sld_hub:auto_hub|alt_sld_fab_with_jtag_input:\instrumentation_fabric_with_node_gen:fabric_gen_new_way:with_jtag_input_gen:instrumentation_fabric|alt_sld_fab:instrumentation_fabric|alt_sld_fab_alt_sld_fab:alt_sld_fab|alt_sld_fab_alt_sld_fab_sldfabric:sldfabric|sld_jtag_hub:\jtag_hub_gen:real_sld_jtag_hub|jtag_ir_reg[3]                          ; sld_hub:auto_hub|alt_sld_fab_with_jtag_input:\instrumentation_fabric_with_node_gen:fabric_gen_new_way:with_jtag_input_gen:instrumentation_fabric|alt_sld_fab:instrumentation_fabric|alt_sld_fab_alt_sld_fab:alt_sld_fab|alt_sld_fab_alt_sld_fab_sldfabric:sldfabric|sld_jtag_hub:\jtag_hub_gen:real_sld_jtag_hub|virtual_dr_scan_reg                     ; 1.109             ;
; sld_hub:auto_hub|alt_sld_fab_with_jtag_input:\instrumentation_fabric_with_node_gen:fabric_gen_new_way:with_jtag_input_gen:instrumentation_fabric|alt_sld_fab:instrumentation_fabric|alt_sld_fab_alt_sld_fab:alt_sld_fab|alt_sld_fab_alt_sld_fab_sldfabric:sldfabric|sld_jtag_hub:\jtag_hub_gen:real_sld_jtag_hub|mixer_addr_reg_internal[2]              ; sld_hub:auto_hub|alt_sld_fab_with_jtag_input:\instrumentation_fabric_with_node_gen:fabric_gen_new_way:with_jtag_input_gen:instrumentation_fabric|alt_sld_fab:instrumentation_fabric|alt_sld_fab_alt_sld_fab:alt_sld_fab|alt_sld_fab_alt_sld_fab_sldfabric:sldfabric|sld_jtag_hub:\jtag_hub_gen:real_sld_jtag_hub|design_hash_reg[3]                      ; 1.106             ;
; sld_hub:auto_hub|alt_sld_fab_with_jtag_input:\instrumentation_fabric_with_node_gen:fabric_gen_new_way:with_jtag_input_gen:instrumentation_fabric|alt_sld_fab:instrumentation_fabric|alt_sld_fab_alt_sld_fab:alt_sld_fab|alt_sld_fab_alt_sld_fab_sldfabric:sldfabric|sld_jtag_hub:\jtag_hub_gen:real_sld_jtag_hub|mixer_addr_reg_internal[3]              ; sld_hub:auto_hub|alt_sld_fab_with_jtag_input:\instrumentation_fabric_with_node_gen:fabric_gen_new_way:with_jtag_input_gen:instrumentation_fabric|alt_sld_fab:instrumentation_fabric|alt_sld_fab_alt_sld_fab:alt_sld_fab|alt_sld_fab_alt_sld_fab_sldfabric:sldfabric|sld_jtag_hub:\jtag_hub_gen:real_sld_jtag_hub|design_hash_reg[3]                      ; 1.106             ;
; sld_hub:auto_hub|alt_sld_fab_with_jtag_input:\instrumentation_fabric_with_node_gen:fabric_gen_new_way:with_jtag_input_gen:instrumentation_fabric|alt_sld_fab:instrumentation_fabric|alt_sld_fab_alt_sld_fab:alt_sld_fab|alt_sld_fab_alt_sld_fab_sldfabric:sldfabric|sld_jtag_hub:\jtag_hub_gen:real_sld_jtag_hub|mixer_addr_reg_internal[4]              ; sld_hub:auto_hub|alt_sld_fab_with_jtag_input:\instrumentation_fabric_with_node_gen:fabric_gen_new_way:with_jtag_input_gen:instrumentation_fabric|alt_sld_fab:instrumentation_fabric|alt_sld_fab_alt_sld_fab:alt_sld_fab|alt_sld_fab_alt_sld_fab_sldfabric:sldfabric|sld_jtag_hub:\jtag_hub_gen:real_sld_jtag_hub|design_hash_reg[3]                      ; 1.106             ;
; sld_hub:auto_hub|alt_sld_fab_with_jtag_input:\instrumentation_fabric_with_node_gen:fabric_gen_new_way:with_jtag_input_gen:instrumentation_fabric|alt_sld_fab:instrumentation_fabric|alt_sld_fab_alt_sld_fab:alt_sld_fab|alt_sld_fab_alt_sld_fab_sldfabric:sldfabric|sld_jtag_hub:\jtag_hub_gen:real_sld_jtag_hub|mixer_addr_reg_internal[0]              ; sld_hub:auto_hub|alt_sld_fab_with_jtag_input:\instrumentation_fabric_with_node_gen:fabric_gen_new_way:with_jtag_input_gen:instrumentation_fabric|alt_sld_fab:instrumentation_fabric|alt_sld_fab_alt_sld_fab:alt_sld_fab|alt_sld_fab_alt_sld_fab_sldfabric:sldfabric|sld_jtag_hub:\jtag_hub_gen:real_sld_jtag_hub|design_hash_reg[3]                      ; 1.106             ;
; sld_hub:auto_hub|alt_sld_fab_with_jtag_input:\instrumentation_fabric_with_node_gen:fabric_gen_new_way:with_jtag_input_gen:instrumentation_fabric|alt_sld_fab:instrumentation_fabric|alt_sld_fab_alt_sld_fab:alt_sld_fab|alt_sld_fab_alt_sld_fab_sldfabric:sldfabric|sld_jtag_hub:\jtag_hub_gen:real_sld_jtag_hub|mixer_addr_reg_internal[1]              ; sld_hub:auto_hub|alt_sld_fab_with_jtag_input:\instrumentation_fabric_with_node_gen:fabric_gen_new_way:with_jtag_input_gen:instrumentation_fabric|alt_sld_fab:instrumentation_fabric|alt_sld_fab_alt_sld_fab:alt_sld_fab|alt_sld_fab_alt_sld_fab_sldfabric:sldfabric|sld_jtag_hub:\jtag_hub_gen:real_sld_jtag_hub|design_hash_reg[3]                      ; 1.106             ;
; sld_hub:auto_hub|alt_sld_fab_with_jtag_input:\instrumentation_fabric_with_node_gen:fabric_gen_new_way:with_jtag_input_gen:instrumentation_fabric|alt_sld_fab:instrumentation_fabric|alt_sld_fab_alt_sld_fab:alt_sld_fab|sldfabric_ident_writedata[2]                                                                                                     ; sld_hub:auto_hub|alt_sld_fab_with_jtag_input:\instrumentation_fabric_with_node_gen:fabric_gen_new_way:with_jtag_input_gen:instrumentation_fabric|alt_sld_fab:instrumentation_fabric|alt_sld_fab_alt_sld_fab:alt_sld_fab|alt_sld_fab_alt_sld_fab_sldfabric:sldfabric|sld_jtag_hub:\jtag_hub_gen:real_sld_jtag_hub|design_hash_reg[2]                      ; 1.103             ;
; sld_hub:auto_hub|alt_sld_fab_with_jtag_input:\instrumentation_fabric_with_node_gen:fabric_gen_new_way:with_jtag_input_gen:instrumentation_fabric|alt_sld_fab:instrumentation_fabric|alt_sld_fab_alt_sld_fab:alt_sld_fab|sldfabric_ident_writedata[1]                                                                                                     ; sld_hub:auto_hub|alt_sld_fab_with_jtag_input:\instrumentation_fabric_with_node_gen:fabric_gen_new_way:with_jtag_input_gen:instrumentation_fabric|alt_sld_fab:instrumentation_fabric|alt_sld_fab_alt_sld_fab:alt_sld_fab|alt_sld_fab_alt_sld_fab_sldfabric:sldfabric|sld_jtag_hub:\jtag_hub_gen:real_sld_jtag_hub|design_hash_reg[1]                      ; 1.103             ;
; sld_hub:auto_hub|alt_sld_fab_with_jtag_input:\instrumentation_fabric_with_node_gen:fabric_gen_new_way:with_jtag_input_gen:instrumentation_fabric|alt_sld_fab:instrumentation_fabric|alt_sld_fab_alt_sld_fab:alt_sld_fab|alt_sld_fab_alt_sld_fab_sldfabric:sldfabric|sld_jtag_hub:\jtag_hub_gen:real_sld_jtag_hub|jtag_ir_reg[2]                          ; sld_hub:auto_hub|alt_sld_fab_with_jtag_input:\instrumentation_fabric_with_node_gen:fabric_gen_new_way:with_jtag_input_gen:instrumentation_fabric|alt_sld_fab:instrumentation_fabric|alt_sld_fab_alt_sld_fab:alt_sld_fab|alt_sld_fab_alt_sld_fab_sldfabric:sldfabric|sld_jtag_hub:\jtag_hub_gen:real_sld_jtag_hub|virtual_dr_scan_reg                     ; 1.092             ;
; jtag_system:u0|jtag_system_master_0:master_0|altera_avalon_st_jtag_interface:jtag_phy_embedded_in_jtag_master|altera_jtag_dc_streaming:normal.jtag_dc_streaming|altera_jtag_streaming:jtag_streaming|padded_bit_counter[8]                                                                                                                               ; jtag_system:u0|jtag_system_master_0:master_0|altera_avalon_st_jtag_interface:jtag_phy_embedded_in_jtag_master|altera_jtag_dc_streaming:normal.jtag_dc_streaming|altera_jtag_streaming:jtag_streaming|read_state.ST_HEADER                                                                                                                                ; 1.087             ;
; sld_hub:auto_hub|alt_sld_fab_with_jtag_input:\instrumentation_fabric_with_node_gen:fabric_gen_new_way:with_jtag_input_gen:instrumentation_fabric|alt_sld_fab:instrumentation_fabric|alt_sld_fab_alt_sld_fab:alt_sld_fab|alt_sld_fab_alt_sld_fab_sldfabric:sldfabric|sld_jtag_hub:\jtag_hub_gen:real_sld_jtag_hub|sld_shadow_jsm:shadow_jsm|state[9]      ; sld_hub:auto_hub|alt_sld_fab_with_jtag_input:\instrumentation_fabric_with_node_gen:fabric_gen_new_way:with_jtag_input_gen:instrumentation_fabric|alt_sld_fab:instrumentation_fabric|alt_sld_fab_alt_sld_fab:alt_sld_fab|alt_sld_fab_alt_sld_fab_sldfabric:sldfabric|sld_jtag_hub:\jtag_hub_gen:real_sld_jtag_hub|sld_shadow_jsm:shadow_jsm|state[10]     ; 1.085             ;
; sld_hub:auto_hub|alt_sld_fab_with_jtag_input:\instrumentation_fabric_with_node_gen:fabric_gen_new_way:with_jtag_input_gen:instrumentation_fabric|alt_sld_fab:instrumentation_fabric|alt_sld_fab_alt_sld_fab:alt_sld_fab|alt_sld_fab_alt_sld_fab_sldfabric:sldfabric|sld_jtag_hub:\jtag_hub_gen:real_sld_jtag_hub|sld_rom_sr:hub_info_reg|word_counter[3] ; sld_hub:auto_hub|alt_sld_fab_with_jtag_input:\instrumentation_fabric_with_node_gen:fabric_gen_new_way:with_jtag_input_gen:instrumentation_fabric|alt_sld_fab:instrumentation_fabric|alt_sld_fab_alt_sld_fab:alt_sld_fab|alt_sld_fab_alt_sld_fab_sldfabric:sldfabric|sld_jtag_hub:\jtag_hub_gen:real_sld_jtag_hub|sld_rom_sr:hub_info_reg|WORD_SR[1]      ; 1.078             ;
; sld_hub:auto_hub|alt_sld_fab_with_jtag_input:\instrumentation_fabric_with_node_gen:fabric_gen_new_way:with_jtag_input_gen:instrumentation_fabric|alt_sld_fab:instrumentation_fabric|alt_sld_fab_alt_sld_fab:alt_sld_fab|alt_sld_fab_alt_sld_fab_sldfabric:sldfabric|sld_jtag_hub:\jtag_hub_gen:real_sld_jtag_hub|hub_minor_ver_reg[2]                    ; sld_hub:auto_hub|alt_sld_fab_with_jtag_input:\instrumentation_fabric_with_node_gen:fabric_gen_new_way:with_jtag_input_gen:instrumentation_fabric|alt_sld_fab:instrumentation_fabric|alt_sld_fab_alt_sld_fab:alt_sld_fab|alt_sld_fab_alt_sld_fab_sldfabric:sldfabric|sld_jtag_hub:\jtag_hub_gen:real_sld_jtag_hub|hub_minor_ver_reg[1]                    ; 1.074             ;
; sld_hub:auto_hub|alt_sld_fab_with_jtag_input:\instrumentation_fabric_with_node_gen:fabric_gen_new_way:with_jtag_input_gen:instrumentation_fabric|alt_sld_fab:instrumentation_fabric|alt_sld_fab_alt_sld_fab:alt_sld_fab|alt_sld_fab_alt_sld_fab_sldfabric:sldfabric|sld_jtag_hub:\jtag_hub_gen:real_sld_jtag_hub|sld_shadow_jsm:shadow_jsm|state[5]      ; sld_hub:auto_hub|alt_sld_fab_with_jtag_input:\instrumentation_fabric_with_node_gen:fabric_gen_new_way:with_jtag_input_gen:instrumentation_fabric|alt_sld_fab:instrumentation_fabric|alt_sld_fab_alt_sld_fab:alt_sld_fab|alt_sld_fab_alt_sld_fab_sldfabric:sldfabric|sld_jtag_hub:\jtag_hub_gen:real_sld_jtag_hub|sld_shadow_jsm:shadow_jsm|state[8]      ; 1.074             ;
; sld_hub:auto_hub|alt_sld_fab_with_jtag_input:\instrumentation_fabric_with_node_gen:fabric_gen_new_way:with_jtag_input_gen:instrumentation_fabric|alt_sld_fab:instrumentation_fabric|alt_sld_fab_alt_sld_fab:alt_sld_fab|alt_sld_fab_alt_sld_fab_sldfabric:sldfabric|sld_jtag_hub:\jtag_hub_gen:real_sld_jtag_hub|sld_shadow_jsm:shadow_jsm|state[7]      ; sld_hub:auto_hub|alt_sld_fab_with_jtag_input:\instrumentation_fabric_with_node_gen:fabric_gen_new_way:with_jtag_input_gen:instrumentation_fabric|alt_sld_fab:instrumentation_fabric|alt_sld_fab_alt_sld_fab:alt_sld_fab|alt_sld_fab_alt_sld_fab_sldfabric:sldfabric|sld_jtag_hub:\jtag_hub_gen:real_sld_jtag_hub|hub_mode_reg[1]                         ; 1.073             ;
; jtag_system:u0|jtag_system_master_0:master_0|altera_avalon_st_jtag_interface:jtag_phy_embedded_in_jtag_master|altera_jtag_dc_streaming:normal.jtag_dc_streaming|altera_jtag_streaming:jtag_streaming|dr_control[7]                                                                                                                                       ; jtag_system:u0|jtag_system_master_0:master_0|altera_avalon_st_jtag_interface:jtag_phy_embedded_in_jtag_master|altera_jtag_dc_streaming:normal.jtag_dc_streaming|altera_jtag_streaming:jtag_streaming|dr_control[6]                                                                                                                                       ; 1.073             ;
; jtag_system:u0|jtag_system_master_0:master_0|altera_avalon_st_jtag_interface:jtag_phy_embedded_in_jtag_master|altera_jtag_dc_streaming:normal.jtag_dc_streaming|altera_jtag_streaming:jtag_streaming|dr_control[5]                                                                                                                                       ; jtag_system:u0|jtag_system_master_0:master_0|altera_avalon_st_jtag_interface:jtag_phy_embedded_in_jtag_master|altera_jtag_dc_streaming:normal.jtag_dc_streaming|altera_jtag_streaming:jtag_streaming|dr_control[4]                                                                                                                                       ; 1.073             ;
; jtag_system:u0|jtag_system_master_0:master_0|altera_avalon_st_jtag_interface:jtag_phy_embedded_in_jtag_master|altera_jtag_dc_streaming:normal.jtag_dc_streaming|altera_jtag_streaming:jtag_streaming|dr_control[3]                                                                                                                                       ; jtag_system:u0|jtag_system_master_0:master_0|altera_avalon_st_jtag_interface:jtag_phy_embedded_in_jtag_master|altera_jtag_dc_streaming:normal.jtag_dc_streaming|altera_jtag_streaming:jtag_streaming|dr_control[2]                                                                                                                                       ; 1.073             ;
; jtag_system:u0|jtag_system_master_0:master_0|altera_avalon_st_jtag_interface:jtag_phy_embedded_in_jtag_master|altera_jtag_dc_streaming:normal.jtag_dc_streaming|altera_jtag_streaming:jtag_streaming|dr_control[1]                                                                                                                                       ; jtag_system:u0|jtag_system_master_0:master_0|altera_avalon_st_jtag_interface:jtag_phy_embedded_in_jtag_master|altera_jtag_dc_streaming:normal.jtag_dc_streaming|altera_jtag_streaming:jtag_streaming|dr_control[0]                                                                                                                                       ; 1.073             ;
; sld_hub:auto_hub|alt_sld_fab_with_jtag_input:\instrumentation_fabric_with_node_gen:fabric_gen_new_way:with_jtag_input_gen:instrumentation_fabric|alt_sld_fab:instrumentation_fabric|alt_sld_fab_alt_sld_fab:alt_sld_fab|alt_sld_fab_alt_sld_fab_sldfabric:sldfabric|sld_jtag_hub:\jtag_hub_gen:real_sld_jtag_hub|hub_minor_ver_reg[1]                    ; sld_hub:auto_hub|alt_sld_fab_with_jtag_input:\instrumentation_fabric_with_node_gen:fabric_gen_new_way:with_jtag_input_gen:instrumentation_fabric|alt_sld_fab:instrumentation_fabric|alt_sld_fab_alt_sld_fab:alt_sld_fab|alt_sld_fab_alt_sld_fab_sldfabric:sldfabric|sld_jtag_hub:\jtag_hub_gen:real_sld_jtag_hub|hub_minor_ver_reg[0]                    ; 1.072             ;
; sld_hub:auto_hub|alt_sld_fab_with_jtag_input:\instrumentation_fabric_with_node_gen:fabric_gen_new_way:with_jtag_input_gen:instrumentation_fabric|alt_sld_fab:instrumentation_fabric|alt_sld_fab_alt_sld_fab:alt_sld_fab|alt_sld_fab_alt_sld_fab_sldfabric:sldfabric|sld_jtag_hub:\jtag_hub_gen:real_sld_jtag_hub|sld_shadow_jsm:shadow_jsm|state[13]     ; sld_hub:auto_hub|alt_sld_fab_with_jtag_input:\instrumentation_fabric_with_node_gen:fabric_gen_new_way:with_jtag_input_gen:instrumentation_fabric|alt_sld_fab:instrumentation_fabric|alt_sld_fab_alt_sld_fab:alt_sld_fab|alt_sld_fab_alt_sld_fab_sldfabric:sldfabric|sld_jtag_hub:\jtag_hub_gen:real_sld_jtag_hub|sld_shadow_jsm:shadow_jsm|state[14]     ; 1.071             ;
; sld_hub:auto_hub|alt_sld_fab_with_jtag_input:\instrumentation_fabric_with_node_gen:fabric_gen_new_way:with_jtag_input_gen:instrumentation_fabric|alt_sld_fab:instrumentation_fabric|alt_sld_fab_alt_sld_fab:alt_sld_fab|alt_sld_fab_alt_sld_fab_sldfabric:sldfabric|sld_jtag_hub:\jtag_hub_gen:real_sld_jtag_hub|sld_rom_sr:hub_info_reg|WORD_SR[1]      ; sld_hub:auto_hub|alt_sld_fab_with_jtag_input:\instrumentation_fabric_with_node_gen:fabric_gen_new_way:with_jtag_input_gen:instrumentation_fabric|alt_sld_fab:instrumentation_fabric|alt_sld_fab_alt_sld_fab:alt_sld_fab|alt_sld_fab_alt_sld_fab_sldfabric:sldfabric|sld_jtag_hub:\jtag_hub_gen:real_sld_jtag_hub|sld_rom_sr:hub_info_reg|WORD_SR[0]      ; 1.070             ;
; jtag_system:u0|jtag_system_master_0:master_0|altera_avalon_st_jtag_interface:jtag_phy_embedded_in_jtag_master|altera_jtag_dc_streaming:normal.jtag_dc_streaming|altera_jtag_streaming:jtag_streaming|altera_std_synchronizer:reset_to_sample_synchronizer|dreg[1]                                                                                        ; jtag_system:u0|jtag_system_master_0:master_0|altera_avalon_st_jtag_interface:jtag_phy_embedded_in_jtag_master|altera_jtag_dc_streaming:normal.jtag_dc_streaming|altera_jtag_streaming:jtag_streaming|dr_debug[0]                                                                                                                                         ; 1.069             ;
; sld_hub:auto_hub|alt_sld_fab_with_jtag_input:\instrumentation_fabric_with_node_gen:fabric_gen_new_way:with_jtag_input_gen:instrumentation_fabric|alt_sld_fab:instrumentation_fabric|alt_sld_fab_alt_sld_fab:alt_sld_fab|alt_sld_fab_alt_sld_fab_sldfabric:sldfabric|sld_jtag_hub:\jtag_hub_gen:real_sld_jtag_hub|jtag_ir_reg[4]                          ; sld_hub:auto_hub|alt_sld_fab_with_jtag_input:\instrumentation_fabric_with_node_gen:fabric_gen_new_way:with_jtag_input_gen:instrumentation_fabric|alt_sld_fab:instrumentation_fabric|alt_sld_fab_alt_sld_fab:alt_sld_fab|alt_sld_fab_alt_sld_fab_sldfabric:sldfabric|sld_jtag_hub:\jtag_hub_gen:real_sld_jtag_hub|virtual_dr_scan_reg                     ; 1.069             ;
; sld_hub:auto_hub|alt_sld_fab_with_jtag_input:\instrumentation_fabric_with_node_gen:fabric_gen_new_way:with_jtag_input_gen:instrumentation_fabric|alt_sld_fab:instrumentation_fabric|alt_sld_fab_alt_sld_fab:alt_sld_fab|alt_sld_fab_alt_sld_fab_sldfabric:sldfabric|sld_jtag_hub:\jtag_hub_gen:real_sld_jtag_hub|irsr_reg[1]                             ; sld_hub:auto_hub|alt_sld_fab_with_jtag_input:\instrumentation_fabric_with_node_gen:fabric_gen_new_way:with_jtag_input_gen:instrumentation_fabric|alt_sld_fab:instrumentation_fabric|alt_sld_fab_alt_sld_fab:alt_sld_fab|alt_sld_fab_alt_sld_fab_sldfabric:sldfabric|sld_jtag_hub:\jtag_hub_gen:real_sld_jtag_hub|irsr_reg[0]                             ; 1.066             ;
; sld_hub:auto_hub|alt_sld_fab_with_jtag_input:\instrumentation_fabric_with_node_gen:fabric_gen_new_way:with_jtag_input_gen:instrumentation_fabric|alt_sld_fab:instrumentation_fabric|alt_sld_fab_alt_sld_fab:alt_sld_fab|splitter_nodes_receive_0[3]                                                                                                      ; jtag_system:u0|jtag_system_master_0:master_0|altera_avalon_st_jtag_interface:jtag_phy_embedded_in_jtag_master|altera_jtag_dc_streaming:normal.jtag_dc_streaming|altera_jtag_streaming:jtag_streaming|dr_loopback                                                                                                                                         ; 1.066             ;
; sld_hub:auto_hub|alt_sld_fab_with_jtag_input:\instrumentation_fabric_with_node_gen:fabric_gen_new_way:with_jtag_input_gen:instrumentation_fabric|alt_sld_fab:instrumentation_fabric|alt_sld_fab_alt_sld_fab:alt_sld_fab|alt_sld_fab_alt_sld_fab_sldfabric:sldfabric|sld_jtag_hub:\jtag_hub_gen:real_sld_jtag_hub|sld_shadow_jsm:shadow_jsm|state[11]     ; sld_hub:auto_hub|alt_sld_fab_with_jtag_input:\instrumentation_fabric_with_node_gen:fabric_gen_new_way:with_jtag_input_gen:instrumentation_fabric|alt_sld_fab:instrumentation_fabric|alt_sld_fab_alt_sld_fab:alt_sld_fab|alt_sld_fab_alt_sld_fab_sldfabric:sldfabric|sld_jtag_hub:\jtag_hub_gen:real_sld_jtag_hub|sld_shadow_jsm:shadow_jsm|state[12]     ; 1.063             ;
; sld_hub:auto_hub|alt_sld_fab_with_jtag_input:\instrumentation_fabric_with_node_gen:fabric_gen_new_way:with_jtag_input_gen:instrumentation_fabric|alt_sld_fab:instrumentation_fabric|alt_sld_fab_alt_sld_fab:alt_sld_fab|alt_sld_fab_alt_sld_fab_sldfabric:sldfabric|sld_jtag_hub:\jtag_hub_gen:real_sld_jtag_hub|design_hash_reg[3]                      ; sld_hub:auto_hub|alt_sld_fab_with_jtag_input:\instrumentation_fabric_with_node_gen:fabric_gen_new_way:with_jtag_input_gen:instrumentation_fabric|alt_sld_fab:instrumentation_fabric|alt_sld_fab_alt_sld_fab:alt_sld_fab|alt_sld_fab_alt_sld_fab_sldfabric:sldfabric|sld_jtag_hub:\jtag_hub_gen:real_sld_jtag_hub|design_hash_reg[2]                      ; 1.059             ;
; jtag_system:u0|jtag_system_master_0:master_0|altera_avalon_st_jtag_interface:jtag_phy_embedded_in_jtag_master|altera_jtag_dc_streaming:normal.jtag_dc_streaming|altera_jtag_streaming:jtag_streaming|scan_length_byte_counter[3]                                                                                                                         ; jtag_system:u0|jtag_system_master_0:master_0|altera_avalon_st_jtag_interface:jtag_phy_embedded_in_jtag_master|altera_jtag_dc_streaming:normal.jtag_dc_streaming|altera_jtag_streaming:jtag_streaming|dr_data_out[0]                                                                                                                                      ; 1.058             ;
; jtag_system:u0|jtag_system_master_0:master_0|altera_avalon_st_jtag_interface:jtag_phy_embedded_in_jtag_master|altera_jtag_dc_streaming:normal.jtag_dc_streaming|altera_jtag_streaming:jtag_streaming|dr_control[8]                                                                                                                                       ; jtag_system:u0|jtag_system_master_0:master_0|altera_avalon_st_jtag_interface:jtag_phy_embedded_in_jtag_master|altera_jtag_dc_streaming:normal.jtag_dc_streaming|altera_jtag_streaming:jtag_streaming|dr_control[7]                                                                                                                                       ; 1.055             ;
; jtag_system:u0|jtag_system_master_0:master_0|altera_avalon_st_jtag_interface:jtag_phy_embedded_in_jtag_master|altera_jtag_dc_streaming:normal.jtag_dc_streaming|altera_jtag_streaming:jtag_streaming|dr_control[6]                                                                                                                                       ; jtag_system:u0|jtag_system_master_0:master_0|altera_avalon_st_jtag_interface:jtag_phy_embedded_in_jtag_master|altera_jtag_dc_streaming:normal.jtag_dc_streaming|altera_jtag_streaming:jtag_streaming|dr_control[5]                                                                                                                                       ; 1.055             ;
; jtag_system:u0|jtag_system_master_0:master_0|altera_avalon_st_jtag_interface:jtag_phy_embedded_in_jtag_master|altera_jtag_dc_streaming:normal.jtag_dc_streaming|altera_jtag_streaming:jtag_streaming|dr_control[4]                                                                                                                                       ; jtag_system:u0|jtag_system_master_0:master_0|altera_avalon_st_jtag_interface:jtag_phy_embedded_in_jtag_master|altera_jtag_dc_streaming:normal.jtag_dc_streaming|altera_jtag_streaming:jtag_streaming|dr_control[3]                                                                                                                                       ; 1.055             ;
; jtag_system:u0|jtag_system_master_0:master_0|altera_avalon_st_jtag_interface:jtag_phy_embedded_in_jtag_master|altera_jtag_dc_streaming:normal.jtag_dc_streaming|altera_jtag_streaming:jtag_streaming|dr_control[2]                                                                                                                                       ; jtag_system:u0|jtag_system_master_0:master_0|altera_avalon_st_jtag_interface:jtag_phy_embedded_in_jtag_master|altera_jtag_dc_streaming:normal.jtag_dc_streaming|altera_jtag_streaming:jtag_streaming|dr_control[1]                                                                                                                                       ; 1.055             ;
; sld_hub:auto_hub|alt_sld_fab_with_jtag_input:\instrumentation_fabric_with_node_gen:fabric_gen_new_way:with_jtag_input_gen:instrumentation_fabric|alt_sld_fab:instrumentation_fabric|alt_sld_fab_alt_sld_fab:alt_sld_fab|alt_sld_fab_alt_sld_fab_sldfabric:sldfabric|sld_jtag_hub:\jtag_hub_gen:real_sld_jtag_hub|design_hash_reg[2]                      ; sld_hub:auto_hub|alt_sld_fab_with_jtag_input:\instrumentation_fabric_with_node_gen:fabric_gen_new_way:with_jtag_input_gen:instrumentation_fabric|alt_sld_fab:instrumentation_fabric|alt_sld_fab_alt_sld_fab:alt_sld_fab|alt_sld_fab_alt_sld_fab_sldfabric:sldfabric|sld_jtag_hub:\jtag_hub_gen:real_sld_jtag_hub|design_hash_reg[1]                      ; 1.051             ;
; sld_hub:auto_hub|alt_sld_fab_with_jtag_input:\instrumentation_fabric_with_node_gen:fabric_gen_new_way:with_jtag_input_gen:instrumentation_fabric|alt_sld_fab:instrumentation_fabric|alt_sld_fab_alt_sld_fab:alt_sld_fab|alt_sld_fab_alt_sld_fab_sldfabric:sldfabric|sld_jtag_hub:\jtag_hub_gen:real_sld_jtag_hub|design_hash_reg[1]                      ; sld_hub:auto_hub|alt_sld_fab_with_jtag_input:\instrumentation_fabric_with_node_gen:fabric_gen_new_way:with_jtag_input_gen:instrumentation_fabric|alt_sld_fab:instrumentation_fabric|alt_sld_fab_alt_sld_fab:alt_sld_fab|alt_sld_fab_alt_sld_fab_sldfabric:sldfabric|sld_jtag_hub:\jtag_hub_gen:real_sld_jtag_hub|design_hash_reg[0]                      ; 1.050             ;
; jtag_system:u0|jtag_system_master_0:master_0|altera_avalon_st_jtag_interface:jtag_phy_embedded_in_jtag_master|altera_jtag_dc_streaming:normal.jtag_dc_streaming|altera_avalon_st_clock_crosser:sink_crosser|altera_avalon_st_pipeline_base:output_stage|data1[0]                                                                                         ; jtag_system:u0|jtag_system_master_0:master_0|altera_avalon_st_jtag_interface:jtag_phy_embedded_in_jtag_master|altera_jtag_dc_streaming:normal.jtag_dc_streaming|altera_avalon_st_clock_crosser:sink_crosser|altera_avalon_st_pipeline_base:output_stage|full1                                                                                            ; 1.048             ;
; jtag_system:u0|jtag_system_master_0:master_0|altera_avalon_st_jtag_interface:jtag_phy_embedded_in_jtag_master|altera_jtag_dc_streaming:normal.jtag_dc_streaming|altera_jtag_streaming:jtag_streaming|altera_std_synchronizer:clock_to_sample_div2_synchronizer|dreg[1]                                                                                   ; jtag_system:u0|jtag_system_master_0:master_0|altera_avalon_st_jtag_interface:jtag_phy_embedded_in_jtag_master|altera_jtag_dc_streaming:normal.jtag_dc_streaming|altera_jtag_streaming:jtag_streaming|dr_debug[1]                                                                                                                                         ; 1.046             ;
; sld_hub:auto_hub|alt_sld_fab_with_jtag_input:\instrumentation_fabric_with_node_gen:fabric_gen_new_way:with_jtag_input_gen:instrumentation_fabric|alt_sld_fab:instrumentation_fabric|alt_sld_fab_alt_sld_fab:alt_sld_fab|alt_sld_fab_alt_sld_fab_sldfabric:sldfabric|sld_jtag_hub:\jtag_hub_gen:real_sld_jtag_hub|irsr_reg[2]                             ; sld_hub:auto_hub|alt_sld_fab_with_jtag_input:\instrumentation_fabric_with_node_gen:fabric_gen_new_way:with_jtag_input_gen:instrumentation_fabric|alt_sld_fab:instrumentation_fabric|alt_sld_fab_alt_sld_fab:alt_sld_fab|alt_sld_fab_alt_sld_fab_sldfabric:sldfabric|sld_jtag_hub:\jtag_hub_gen:real_sld_jtag_hub|irsr_reg[1]                             ; 1.046             ;
; jtag_system:u0|jtag_system_master_0:master_0|altera_avalon_st_jtag_interface:jtag_phy_embedded_in_jtag_master|altera_jtag_dc_streaming:normal.jtag_dc_streaming|altera_jtag_streaming:jtag_streaming|altera_avalon_st_idle_inserter:idle_inserter|received_esc                                                                                           ; jtag_system:u0|jtag_system_master_0:master_0|altera_avalon_st_jtag_interface:jtag_phy_embedded_in_jtag_master|altera_jtag_dc_streaming:normal.jtag_dc_streaming|altera_avalon_st_clock_crosser:sink_crosser|altera_avalon_st_pipeline_base:output_stage|full1                                                                                            ; 1.043             ;
; jtag_system:u0|jtag_system_master_0:master_0|altera_avalon_st_jtag_interface:jtag_phy_embedded_in_jtag_master|altera_jtag_dc_streaming:normal.jtag_dc_streaming|altera_jtag_streaming:jtag_streaming|write_state.ST_HEADER_2                                                                                                                             ; jtag_system:u0|jtag_system_master_0:master_0|altera_avalon_st_jtag_interface:jtag_phy_embedded_in_jtag_master|altera_jtag_dc_streaming:normal.jtag_dc_streaming|altera_jtag_streaming:jtag_streaming|write_state.ST_WRITE_DATA                                                                                                                           ; 1.040             ;
; sld_hub:auto_hub|alt_sld_fab_with_jtag_input:\instrumentation_fabric_with_node_gen:fabric_gen_new_way:with_jtag_input_gen:instrumentation_fabric|alt_sld_fab:instrumentation_fabric|alt_sld_fab_alt_sld_fab:alt_sld_fab|alt_sld_fab_alt_sld_fab_sldfabric:sldfabric|sld_jtag_hub:\jtag_hub_gen:real_sld_jtag_hub|sld_shadow_jsm:shadow_jsm|state[12]     ; sld_hub:auto_hub|alt_sld_fab_with_jtag_input:\instrumentation_fabric_with_node_gen:fabric_gen_new_way:with_jtag_input_gen:instrumentation_fabric|alt_sld_fab:instrumentation_fabric|alt_sld_fab_alt_sld_fab:alt_sld_fab|alt_sld_fab_alt_sld_fab_sldfabric:sldfabric|sld_jtag_hub:\jtag_hub_gen:real_sld_jtag_hub|virtual_dr_scan_reg                     ; 1.038             ;
; jtag_system:u0|jtag_system_master_0:master_0|altera_avalon_st_jtag_interface:jtag_phy_embedded_in_jtag_master|altera_jtag_dc_streaming:normal.jtag_dc_streaming|altera_jtag_streaming:jtag_streaming|scan_length_byte_counter[17]                                                                                                                        ; jtag_system:u0|jtag_system_master_0:master_0|altera_avalon_st_jtag_interface:jtag_phy_embedded_in_jtag_master|altera_jtag_dc_streaming:normal.jtag_dc_streaming|altera_jtag_streaming:jtag_streaming|dr_data_out[0]                                                                                                                                      ; 1.038             ;
; sld_hub:auto_hub|alt_sld_fab_with_jtag_input:\instrumentation_fabric_with_node_gen:fabric_gen_new_way:with_jtag_input_gen:instrumentation_fabric|alt_sld_fab:instrumentation_fabric|alt_sld_fab_alt_sld_fab:alt_sld_fab|alt_sld_fab_alt_sld_fab_sldfabric:sldfabric|sld_jtag_hub:\jtag_hub_gen:real_sld_jtag_hub|sld_shadow_jsm:shadow_jsm|state[10]     ; sld_hub:auto_hub|alt_sld_fab_with_jtag_input:\instrumentation_fabric_with_node_gen:fabric_gen_new_way:with_jtag_input_gen:instrumentation_fabric|alt_sld_fab:instrumentation_fabric|alt_sld_fab_alt_sld_fab:alt_sld_fab|alt_sld_fab_alt_sld_fab_sldfabric:sldfabric|sld_jtag_hub:\jtag_hub_gen:real_sld_jtag_hub|sld_shadow_jsm:shadow_jsm|state[12]     ; 1.036             ;
; jtag_system:u0|jtag_system_master_0:master_0|altera_avalon_st_jtag_interface:jtag_phy_embedded_in_jtag_master|altera_jtag_dc_streaming:normal.jtag_dc_streaming|altera_jtag_streaming:jtag_streaming|read_data_bit_counter[1]                                                                                                                            ; jtag_system:u0|jtag_system_master_0:master_0|altera_avalon_st_jtag_interface:jtag_phy_embedded_in_jtag_master|altera_jtag_dc_streaming:normal.jtag_dc_streaming|altera_jtag_streaming:jtag_streaming|dr_data_out[0]                                                                                                                                      ; 1.035             ;
; jtag_system:u0|jtag_system_master_0:master_0|altera_avalon_st_jtag_interface:jtag_phy_embedded_in_jtag_master|altera_jtag_dc_streaming:normal.jtag_dc_streaming|altera_avalon_st_clock_crosser:sink_crosser|altera_avalon_st_pipeline_base:output_stage|data1[5]                                                                                         ; jtag_system:u0|jtag_system_master_0:master_0|altera_avalon_st_jtag_interface:jtag_phy_embedded_in_jtag_master|altera_jtag_dc_streaming:normal.jtag_dc_streaming|altera_avalon_st_clock_crosser:sink_crosser|altera_avalon_st_pipeline_base:output_stage|full1                                                                                            ; 1.033             ;
; jtag_system:u0|jtag_system_master_0:master_0|altera_avalon_st_jtag_interface:jtag_phy_embedded_in_jtag_master|altera_jtag_dc_streaming:normal.jtag_dc_streaming|altera_avalon_st_clock_crosser:sink_crosser|altera_avalon_st_pipeline_base:output_stage|data1[2]                                                                                         ; jtag_system:u0|jtag_system_master_0:master_0|altera_avalon_st_jtag_interface:jtag_phy_embedded_in_jtag_master|altera_jtag_dc_streaming:normal.jtag_dc_streaming|altera_avalon_st_clock_crosser:sink_crosser|altera_avalon_st_pipeline_base:output_stage|full1                                                                                            ; 1.033             ;
; sld_hub:auto_hub|alt_sld_fab_with_jtag_input:\instrumentation_fabric_with_node_gen:fabric_gen_new_way:with_jtag_input_gen:instrumentation_fabric|alt_sld_fab:instrumentation_fabric|alt_sld_fab_alt_sld_fab:alt_sld_fab|alt_sld_fab_alt_sld_fab_sldfabric:sldfabric|sld_jtag_hub:\jtag_hub_gen:real_sld_jtag_hub|sld_shadow_jsm:shadow_jsm|state[14]     ; sld_hub:auto_hub|alt_sld_fab_with_jtag_input:\instrumentation_fabric_with_node_gen:fabric_gen_new_way:with_jtag_input_gen:instrumentation_fabric|alt_sld_fab:instrumentation_fabric|alt_sld_fab_alt_sld_fab:alt_sld_fab|alt_sld_fab_alt_sld_fab_sldfabric:sldfabric|sld_jtag_hub:\jtag_hub_gen:real_sld_jtag_hub|virtual_dr_scan_reg                     ; 1.032             ;
; jtag_system:u0|jtag_system_master_0:master_0|altera_avalon_st_jtag_interface:jtag_phy_embedded_in_jtag_master|altera_jtag_dc_streaming:normal.jtag_dc_streaming|altera_jtag_streaming:jtag_streaming|header_out_bit_counter[0]                                                                                                                           ; jtag_system:u0|jtag_system_master_0:master_0|altera_avalon_st_jtag_interface:jtag_phy_embedded_in_jtag_master|altera_jtag_dc_streaming:normal.jtag_dc_streaming|altera_jtag_streaming:jtag_streaming|read_state.ST_HEADER                                                                                                                                ; 1.030             ;
; jtag_system:u0|jtag_system_master_0:master_0|altera_avalon_st_jtag_interface:jtag_phy_embedded_in_jtag_master|altera_jtag_dc_streaming:normal.jtag_dc_streaming|altera_jtag_streaming:jtag_streaming|header_out_bit_counter[1]                                                                                                                           ; jtag_system:u0|jtag_system_master_0:master_0|altera_avalon_st_jtag_interface:jtag_phy_embedded_in_jtag_master|altera_jtag_dc_streaming:normal.jtag_dc_streaming|altera_jtag_streaming:jtag_streaming|read_state.ST_HEADER                                                                                                                                ; 1.030             ;
; jtag_system:u0|jtag_system_master_0:master_0|altera_avalon_st_jtag_interface:jtag_phy_embedded_in_jtag_master|altera_jtag_dc_streaming:normal.jtag_dc_streaming|altera_jtag_streaming:jtag_streaming|header_out_bit_counter[2]                                                                                                                           ; jtag_system:u0|jtag_system_master_0:master_0|altera_avalon_st_jtag_interface:jtag_phy_embedded_in_jtag_master|altera_jtag_dc_streaming:normal.jtag_dc_streaming|altera_jtag_streaming:jtag_streaming|read_state.ST_HEADER                                                                                                                                ; 1.030             ;
; jtag_system:u0|jtag_system_master_0:master_0|altera_avalon_st_jtag_interface:jtag_phy_embedded_in_jtag_master|altera_jtag_dc_streaming:normal.jtag_dc_streaming|altera_jtag_streaming:jtag_streaming|read_state.ST_READ_DATA                                                                                                                             ; jtag_system:u0|jtag_system_master_0:master_0|altera_avalon_st_jtag_interface:jtag_phy_embedded_in_jtag_master|altera_jtag_dc_streaming:normal.jtag_dc_streaming|altera_jtag_streaming:jtag_streaming|read_state.ST_HEADER                                                                                                                                ; 1.030             ;
; jtag_system:u0|jtag_system_master_0:master_0|altera_avalon_st_jtag_interface:jtag_phy_embedded_in_jtag_master|altera_jtag_dc_streaming:normal.jtag_dc_streaming|altera_jtag_streaming:jtag_streaming|header_out_bit_counter[3]                                                                                                                           ; jtag_system:u0|jtag_system_master_0:master_0|altera_avalon_st_jtag_interface:jtag_phy_embedded_in_jtag_master|altera_jtag_dc_streaming:normal.jtag_dc_streaming|altera_jtag_streaming:jtag_streaming|read_state.ST_HEADER                                                                                                                                ; 1.030             ;
; sld_hub:auto_hub|alt_sld_fab_with_jtag_input:\instrumentation_fabric_with_node_gen:fabric_gen_new_way:with_jtag_input_gen:instrumentation_fabric|alt_sld_fab:instrumentation_fabric|alt_sld_fab_alt_sld_fab:alt_sld_fab|alt_sld_fab_alt_sld_fab_sldfabric:sldfabric|sld_jtag_hub:\jtag_hub_gen:real_sld_jtag_hub|sld_shadow_jsm:shadow_jsm|state[3]      ; jtag_system:u0|jtag_system_master_0:master_0|altera_avalon_st_jtag_interface:jtag_phy_embedded_in_jtag_master|altera_jtag_dc_streaming:normal.jtag_dc_streaming|altera_jtag_streaming:jtag_streaming|read_state.ST_HEADER                                                                                                                                ; 1.030             ;
; sld_hub:auto_hub|alt_sld_fab_with_jtag_input:\instrumentation_fabric_with_node_gen:fabric_gen_new_way:with_jtag_input_gen:instrumentation_fabric|alt_sld_fab:instrumentation_fabric|alt_sld_fab_alt_sld_fab:alt_sld_fab|alt_sld_fab_alt_sld_fab_sldfabric:sldfabric|sld_jtag_hub:\jtag_hub_gen:real_sld_jtag_hub|jtag_ir_reg[0]                          ; sld_hub:auto_hub|alt_sld_fab_with_jtag_input:\instrumentation_fabric_with_node_gen:fabric_gen_new_way:with_jtag_input_gen:instrumentation_fabric|alt_sld_fab:instrumentation_fabric|alt_sld_fab_alt_sld_fab:alt_sld_fab|alt_sld_fab_alt_sld_fab_sldfabric:sldfabric|sld_jtag_hub:\jtag_hub_gen:real_sld_jtag_hub|virtual_dr_scan_reg                     ; 1.030             ;
; sld_hub:auto_hub|alt_sld_fab_with_jtag_input:\instrumentation_fabric_with_node_gen:fabric_gen_new_way:with_jtag_input_gen:instrumentation_fabric|alt_sld_fab:instrumentation_fabric|alt_sld_fab_alt_sld_fab:alt_sld_fab|alt_sld_fab_alt_sld_fab_sldfabric:sldfabric|sld_jtag_hub:\jtag_hub_gen:real_sld_jtag_hub|sld_rom_sr:hub_info_reg|WORD_SR[2]      ; sld_hub:auto_hub|alt_sld_fab_with_jtag_input:\instrumentation_fabric_with_node_gen:fabric_gen_new_way:with_jtag_input_gen:instrumentation_fabric|alt_sld_fab:instrumentation_fabric|alt_sld_fab_alt_sld_fab:alt_sld_fab|alt_sld_fab_alt_sld_fab_sldfabric:sldfabric|sld_jtag_hub:\jtag_hub_gen:real_sld_jtag_hub|sld_rom_sr:hub_info_reg|WORD_SR[1]      ; 1.028             ;
; jtag_system:u0|jtag_system_master_0:master_0|altera_avalon_st_jtag_interface:jtag_phy_embedded_in_jtag_master|altera_jtag_dc_streaming:normal.jtag_dc_streaming|altera_avalon_st_clock_crosser:sink_crosser|altera_avalon_st_pipeline_base:output_stage|data1[4]                                                                                         ; jtag_system:u0|jtag_system_master_0:master_0|altera_avalon_st_jtag_interface:jtag_phy_embedded_in_jtag_master|altera_jtag_dc_streaming:normal.jtag_dc_streaming|altera_avalon_st_clock_crosser:sink_crosser|altera_avalon_st_pipeline_base:output_stage|full1                                                                                            ; 1.023             ;
; jtag_system:u0|jtag_system_master_0:master_0|altera_avalon_st_jtag_interface:jtag_phy_embedded_in_jtag_master|altera_jtag_dc_streaming:normal.jtag_dc_streaming|altera_jtag_streaming:jtag_streaming|valid_write_data_length_byte_counter[5]                                                                                                             ; jtag_system:u0|jtag_system_master_0:master_0|altera_avalon_st_jtag_interface:jtag_phy_embedded_in_jtag_master|altera_jtag_dc_streaming:normal.jtag_dc_streaming|altera_jtag_streaming:jtag_streaming|write_data_valid                                                                                                                                    ; 1.019             ;
; jtag_system:u0|jtag_system_master_0:master_0|altera_avalon_st_jtag_interface:jtag_phy_embedded_in_jtag_master|altera_jtag_dc_streaming:normal.jtag_dc_streaming|altera_jtag_streaming:jtag_streaming|dr_data_out[1]                                                                                                                                      ; jtag_system:u0|jtag_system_master_0:master_0|altera_avalon_st_jtag_interface:jtag_phy_embedded_in_jtag_master|altera_jtag_dc_streaming:normal.jtag_dc_streaming|altera_jtag_streaming:jtag_streaming|dr_data_out[0]                                                                                                                                      ; 1.015             ;
; jtag_system:u0|jtag_system_master_0:master_0|altera_avalon_st_jtag_interface:jtag_phy_embedded_in_jtag_master|altera_jtag_dc_streaming:normal.jtag_dc_streaming|altera_jtag_streaming:jtag_streaming|read_data_bit_counter[0]                                                                                                                            ; jtag_system:u0|jtag_system_master_0:master_0|altera_avalon_st_jtag_interface:jtag_phy_embedded_in_jtag_master|altera_jtag_dc_streaming:normal.jtag_dc_streaming|altera_jtag_streaming:jtag_streaming|dr_data_out[0]                                                                                                                                      ; 1.015             ;
; jtag_system:u0|jtag_system_master_0:master_0|altera_avalon_st_jtag_interface:jtag_phy_embedded_in_jtag_master|altera_jtag_dc_streaming:normal.jtag_dc_streaming|altera_jtag_streaming:jtag_streaming|read_data_bit_counter[2]                                                                                                                            ; jtag_system:u0|jtag_system_master_0:master_0|altera_avalon_st_jtag_interface:jtag_phy_embedded_in_jtag_master|altera_jtag_dc_streaming:normal.jtag_dc_streaming|altera_jtag_streaming:jtag_streaming|dr_data_out[0]                                                                                                                                      ; 1.015             ;
; sld_hub:auto_hub|alt_sld_fab_with_jtag_input:\instrumentation_fabric_with_node_gen:fabric_gen_new_way:with_jtag_input_gen:instrumentation_fabric|alt_sld_fab:instrumentation_fabric|alt_sld_fab_alt_sld_fab:alt_sld_fab|alt_sld_fab_alt_sld_fab_sldfabric:sldfabric|sld_jtag_hub:\jtag_hub_gen:real_sld_jtag_hub|sld_rom_sr:hub_info_reg|WORD_SR[3]      ; sld_hub:auto_hub|alt_sld_fab_with_jtag_input:\instrumentation_fabric_with_node_gen:fabric_gen_new_way:with_jtag_input_gen:instrumentation_fabric|alt_sld_fab:instrumentation_fabric|alt_sld_fab_alt_sld_fab:alt_sld_fab|alt_sld_fab_alt_sld_fab_sldfabric:sldfabric|sld_jtag_hub:\jtag_hub_gen:real_sld_jtag_hub|sld_rom_sr:hub_info_reg|WORD_SR[2]      ; 1.013             ;
+----------------------------------------------------------------------------------------------------------------------------------------------------------------------------------------------------------------------------------------------------------------------------------------------------------------------------------------------------------+----------------------------------------------------------------------------------------------------------------------------------------------------------------------------------------------------------------------------------------------------------------------------------------------------------------------------------------------------------+-------------------+
Note: This table only shows the top 100 path(s) that have the largest delay added for hold.


+-----------------+
; Fitter Messages ;
+-----------------+
Warning (18236): Number of processors has not been specified which may cause overloading on shared machines.  Set the global assignment NUM_PARALLEL_PROCESSORS in your QSF to an appropriate value for best performance.
Info (20030): Parallel compilation is enabled and will use 16 of the 16 processors detected
Info (119006): Selected device 5CSEBA6U23I7 for design "nrm_resonance"
Info (21077): Low junction temperature is -40 degrees C
Info (21077): High junction temperature is 100 degrees C
Info (171003): Fitter is performing an Auto Fit compilation, which may decrease Fitter effort to reduce compilation time
Warning (292013): Feature LogicLock is only available with a valid subscription license. You can purchase a software subscription to gain full access to this feature.
Warning (15714): Some pins have incomplete I/O assignments. Refer to the I/O Assignment Warnings report for details
Info (176045): Design uses memory blocks. Violating setup or hold times of memory block address registers for either read or write operations could cause memory contents to be corrupted. Make sure that all memory block address registers meet the setup and hold time requirements.
Critical Warning (169085): No exact pin location assignment(s) for 26 pins of 44 total pins. For the list of pins please refer to the I/O Assignment Warnings table in the fitter report.
Info (184020): Starting Fitter periphery placement operations
Info (11191): Automatically promoted 2 clocks (2 global)
    Info (11162): clk~inputCLKENA0 with 967 fanout uses global clock CLKCTRL_G5
    Info (11162): rst_n~inputCLKENA0 with 747 fanout uses global clock CLKCTRL_G4
        Info (12525): This signal is driven by core routing -- it may be moved during placement to reduce routing delays
Warning (16406): 1 global input pin(s) will use non-dedicated clock routing
    Warning (16407): Source REFCLK I/O is not placed onto a dedicated REFCLK input pin for global clock driver rst_n~inputCLKENA0, placed at CLKCTRL_G4
        Info (179012): Refclk input I/O pad rst_n is placed onto PIN_AH17
Info (184021): Fitter periphery placement operations ending: elapsed time is 00:00:00
Info (176233): Starting register packing
Info (332164): Evaluating HDL-embedded SDC commands
    Info (332165): Entity altera_std_synchronizer
        Info (332166): set_false_path -to [get_keepers {*altera_std_synchronizer:*|din_s1}]
    Info (332165): Entity sld_hub
        Info (332166): create_clock -name altera_reserved_tck [get_ports {altera_reserved_tck}] -period 30MHz   
        Info (332166): if { [string equal quartus_fit $::TimeQuestInfo(nameofexecutable)] } { set_max_delay -to [get_ports { altera_reserved_tdo } ] 0 }
        Info (332166): set_clock_groups -asynchronous -group {altera_reserved_tck}
Info (332104): Reading SDC File: 'jtag_system/synthesis/submodules/altera_reset_controller.sdc'
Info (332104): Reading SDC File: 'jtag_system/synthesis/submodules/altera_avalon_st_jtag_interface.sdc'
Info (332104): Reading SDC File: 'nrm_resonance.sdc'
Info (332151): Clock uncertainty is not calculated until you update the timing netlist.
Info (332123): Deriving Clock Uncertainty. Please refer to report_sdc in the Timing Analyzer to see clock uncertainties.
Info (332129): Detected timing requirements -- optimizing circuit to achieve only the specified requirements
Info (332111): Found 2 clocks
    Info (332111):   Period   Clock Name
    Info (332111): ======== ============
    Info (332111):   33.333 altera_reserved_tck
    Info (332111):   20.000          clk
Info (176235): Finished register packing
    Extra Info (176218): Packed 8 registers into blocks of type Block RAM
    Extra Info (176218): Packed 24 registers into blocks of type DSP block
    Extra Info (176220): Created 24 register duplicates
Info (11798): Fitter preparation operations ending: elapsed time is 00:00:09
Info (170189): Fitter placement preparation operations beginning
Info (14951): The Fitter is using Advanced Physical Optimization.
Info (170190): Fitter placement preparation operations ending: elapsed time is 00:00:09
Info (170191): Fitter placement operations beginning
Info (170137): Fitter placement was successful
Info (170192): Fitter placement operations ending: elapsed time is 00:00:03
Info (170193): Fitter routing operations beginning
Info (170195): Router estimated average interconnect usage is 0% of the available device resources
    Info (170196): Router estimated peak interconnect usage is 10% of the available device resources in the region that extends from location X0_Y0 to location X10_Y10
Info (170199): The Fitter performed an Auto Fit compilation.  Optimizations were skipped to reduce compilation time.
    Info (170201): Optimizations that may affect the design's routability were skipped
Info (170194): Fitter routing operations ending: elapsed time is 00:00:03
Info (11888): Total time spent on timing analysis during the Fitter is 2.67 seconds.
Info (334003): Started post-fitting delay annotation
Info (334004): Delay annotation completed successfully
Info (334003): Started post-fitting delay annotation
Info (334004): Delay annotation completed successfully
Info (11801): Fitter post-fit operations ending: elapsed time is 00:00:07
Info (144001): Generated suppressed messages file /media/helios/DUALITY-GUARDIAN/DUALITY-ZERO-V2/fpga/de10-nano/projects/nrm_resonance/output_files/nrm_resonance.fit.smsg
Info: Quartus Prime Fitter was successful. 0 errors, 6 warnings
    Info: Peak virtual memory: 2842 megabytes
    Info: Processing ended: Fri Nov 28 12:02:47 2025
    Info: Elapsed time: 00:00:52
    Info: Total CPU time (on all processors): 00:02:53


+----------------------------+
; Fitter Suppressed Messages ;
+----------------------------+
The suppressed messages can be found in /media/helios/DUALITY-GUARDIAN/DUALITY-ZERO-V2/fpga/de10-nano/projects/nrm_resonance/output_files/nrm_resonance.fit.smsg.


