Timing Analyzer report for nrm_resonance
Fri Nov 28 12:03:02 2025
Quartus Prime Version 24.1std.0 Build 1077 03/04/2025 SC Lite Edition


---------------------
; Table of Contents ;
---------------------
  1. Legal Notice
  2. Timing Analyzer Summary
  3. Parallel Compilation
  4. SDC File List
  5. Clocks
  6. Slow 1100mV 100C Model Fmax Summary
  7. Timing Closure Recommendations
  8. Slow 1100mV 100C Model Setup Summary
  9. Slow 1100mV 100C Model Hold Summary
 10. Slow 1100mV 100C Model Recovery Summary
 11. Slow 1100mV 100C Model Removal Summary
 12. Slow 1100mV 100C Model Minimum Pulse Width Summary
 13. Slow 1100mV 100C Model Metastability Summary
 14. Slow 1100mV -40C Model Fmax Summary
 15. Slow 1100mV -40C Model Setup Summary
 16. Slow 1100mV -40C Model Hold Summary
 17. Slow 1100mV -40C Model Recovery Summary
 18. Slow 1100mV -40C Model Removal Summary
 19. Slow 1100mV -40C Model Minimum Pulse Width Summary
 20. Slow 1100mV -40C Model Metastability Summary
 21. Fast 1100mV 100C Model Setup Summary
 22. Fast 1100mV 100C Model Hold Summary
 23. Fast 1100mV 100C Model Recovery Summary
 24. Fast 1100mV 100C Model Removal Summary
 25. Fast 1100mV 100C Model Minimum Pulse Width Summary
 26. Fast 1100mV 100C Model Metastability Summary
 27. Fast 1100mV -40C Model Setup Summary
 28. Fast 1100mV -40C Model Hold Summary
 29. Fast 1100mV -40C Model Recovery Summary
 30. Fast 1100mV -40C Model Removal Summary
 31. Fast 1100mV -40C Model Minimum Pulse Width Summary
 32. Fast 1100mV -40C Model Metastability Summary
 33. Multicorner Timing Analysis Summary
 34. Board Trace Model Assignments
 35. Input Transition Times
 36. Signal Integrity Metrics (Slow 1100mv n40c Model)
 37. Signal Integrity Metrics (Slow 1100mv 100c Model)
 38. Signal Integrity Metrics (Fast 1100mv n40c Model)
 39. Signal Integrity Metrics (Fast 1100mv 100c Model)
 40. Setup Transfers
 41. Hold Transfers
 42. Recovery Transfers
 43. Removal Transfers
 44. Report TCCS
 45. Report RSKM
 46. Unconstrained Paths Summary
 47. Clock Status Summary
 48. Unconstrained Input Ports
 49. Unconstrained Output Ports
 50. Unconstrained Input Ports
 51. Unconstrained Output Ports
 52. Timing Analyzer Messages



----------------
; Legal Notice ;
----------------
Copyright (C) 2025  Altera Corporation. All rights reserved.
Your use of Altera Corporation's design tools, logic functions 
and other software and tools, and any partner logic 
functions, and any output files from any of the foregoing 
(including device programming or simulation files), and any 
associated documentation or information are expressly subject 
to the terms and conditions of the Altera Program License 
Subscription Agreement, the Altera Quartus Prime License Agreement,
the Altera IP License Agreement, or other applicable license
agreement, including, without limitation, that your use is for
the sole purpose of programming logic devices manufactured by
Altera and sold by Altera or its authorized distributors.  Please
refer to the Altera Software License Subscription Agreements 
on the Quartus Prime software download page.



+---------------------------------------------------------------------------------+
; Timing Analyzer Summary                                                         ;
+-----------------------+---------------------------------------------------------+
; Quartus Prime Version ; Version 24.1std.0 Build 1077 03/04/2025 SC Lite Edition ;
; Timing Analyzer       ; Legacy Timing Analyzer                                  ;
; Revision Name         ; nrm_resonance                                           ;
; Device Family         ; Cyclone V                                               ;
; Device Name           ; 5CSEBA6U23I7                                            ;
; Timing Models         ; Final                                                   ;
; Delay Model           ; Combined                                                ;
; Rise/Fall Delays      ; Enabled                                                 ;
+-----------------------+---------------------------------------------------------+


+------------------------------------------+
; Parallel Compilation                     ;
+----------------------------+-------------+
; Processors                 ; Number      ;
+----------------------------+-------------+
; Number detected on machine ; 16          ;
; Maximum allowed            ; 16          ;
;                            ;             ;
; Average used               ; 2.00        ;
; Maximum used               ; 16          ;
;                            ;             ;
; Usage by Processor         ; % Time Used ;
;     Processor 1            ; 100.0%      ;
;     Processor 2            ;   7.3%      ;
;     Processor 3            ;   7.2%      ;
;     Processor 4            ;   7.2%      ;
;     Processor 5            ;   6.5%      ;
;     Processor 6            ;   6.5%      ;
;     Processor 7            ;   6.5%      ;
;     Processor 8            ;   6.5%      ;
;     Processor 9            ;   6.5%      ;
;     Processor 10           ;   6.5%      ;
;     Processor 11           ;   6.5%      ;
;     Processor 12           ;   6.5%      ;
;     Processor 13           ;   6.5%      ;
;     Processor 14           ;   6.5%      ;
;     Processor 15           ;   6.5%      ;
;     Processor 16           ;   6.5%      ;
+----------------------------+-------------+


+----------------------------------------------------------------------------------------------------------+
; SDC File List                                                                                            ;
+----------------------------------------------------------------------+--------+--------------------------+
; SDC File Path                                                        ; Status ; Read at                  ;
+----------------------------------------------------------------------+--------+--------------------------+
; jtag_system/synthesis/submodules/altera_reset_controller.sdc         ; OK     ; Fri Nov 28 12:02:56 2025 ;
; jtag_system/synthesis/submodules/altera_avalon_st_jtag_interface.sdc ; OK     ; Fri Nov 28 12:02:56 2025 ;
; nrm_resonance.sdc                                                    ; OK     ; Fri Nov 28 12:02:56 2025 ;
+----------------------------------------------------------------------+--------+--------------------------+


+----------------------------------------------------------------------------------------------------------------------------------------------------------------------------------------------------------+
; Clocks                                                                                                                                                                                                   ;
+---------------------+------+--------+-----------+-------+--------+------------+-----------+-------------+-------+--------+-----------+------------+----------+--------+--------+-------------------------+
; Clock Name          ; Type ; Period ; Frequency ; Rise  ; Fall   ; Duty Cycle ; Divide by ; Multiply by ; Phase ; Offset ; Edge List ; Edge Shift ; Inverted ; Master ; Source ; Targets                 ;
+---------------------+------+--------+-----------+-------+--------+------------+-----------+-------------+-------+--------+-----------+------------+----------+--------+--------+-------------------------+
; altera_reserved_tck ; Base ; 33.333 ; 30.0 MHz  ; 0.000 ; 16.666 ;            ;           ;             ;       ;        ;           ;            ;          ;        ;        ; { altera_reserved_tck } ;
; clk                 ; Base ; 20.000 ; 50.0 MHz  ; 0.000 ; 10.000 ;            ;           ;             ;       ;        ;           ;            ;          ;        ;        ; { clk }                 ;
+---------------------+------+--------+-----------+-------+--------+------------+-----------+-------------+-------+--------+-----------+------------+----------+--------+--------+-------------------------+


+----------------------------------------------------------+
; Slow 1100mV 100C Model Fmax Summary                      ;
+-----------+-----------------+---------------------+------+
; Fmax      ; Restricted Fmax ; Clock Name          ; Note ;
+-----------+-----------------+---------------------+------+
; 53.68 MHz ; 53.68 MHz       ; clk                 ;      ;
; 79.11 MHz ; 79.11 MHz       ; altera_reserved_tck ;      ;
+-----------+-----------------+---------------------+------+
This panel reports FMAX for every clock in the design, regardless of the user-specified clock periods.  FMAX is only computed for paths where the source and destination registers or ports are driven by the same clock.  Paths of different clocks, including generated clocks, are ignored.  For paths between a clock and its inversion, FMAX is computed as if the rising and falling edges are scaled along with FMAX, such that the duty cycle (in terms of a percentage) is maintained. Altera recommends that you always use clock constraints and other slack reports for sign-off analysis.


----------------------------------
; Timing Closure Recommendations ;
----------------------------------
HTML report is unavailable in plain text report export.


+----------------------------------------------+
; Slow 1100mV 100C Model Setup Summary         ;
+---------------------+--------+---------------+
; Clock               ; Slack  ; End Point TNS ;
+---------------------+--------+---------------+
; clk                 ; 1.370  ; 0.000         ;
; altera_reserved_tck ; 10.346 ; 0.000         ;
+---------------------+--------+---------------+


+---------------------------------------------+
; Slow 1100mV 100C Model Hold Summary         ;
+---------------------+-------+---------------+
; Clock               ; Slack ; End Point TNS ;
+---------------------+-------+---------------+
; clk                 ; 0.271 ; 0.000         ;
; altera_reserved_tck ; 0.495 ; 0.000         ;
+---------------------+-------+---------------+


+----------------------------------------------+
; Slow 1100mV 100C Model Recovery Summary      ;
+---------------------+--------+---------------+
; Clock               ; Slack  ; End Point TNS ;
+---------------------+--------+---------------+
; clk                 ; 16.959 ; 0.000         ;
; altera_reserved_tck ; 29.827 ; 0.000         ;
+---------------------+--------+---------------+


+---------------------------------------------+
; Slow 1100mV 100C Model Removal Summary      ;
+---------------------+-------+---------------+
; Clock               ; Slack ; End Point TNS ;
+---------------------+-------+---------------+
; clk                 ; 0.836 ; 0.000         ;
; altera_reserved_tck ; 1.060 ; 0.000         ;
+---------------------+-------+---------------+


+----------------------------------------------------+
; Slow 1100mV 100C Model Minimum Pulse Width Summary ;
+---------------------+--------+---------------------+
; Clock               ; Slack  ; End Point TNS       ;
+---------------------+--------+---------------------+
; clk                 ; 8.848  ; 0.000               ;
; altera_reserved_tck ; 15.399 ; 0.000               ;
+---------------------+--------+---------------------+


------------------------------------------------
; Slow 1100mV 100C Model Metastability Summary ;
------------------------------------------------
Worst-Case MTBF of Design is 1e+09 years or 3.15e+16 seconds.
Typical MTBF of Design is 1e+09 years or 3.15e+16 seconds.

Number of Synchronizer Chains Found: 17
Shortest Synchronizer Chain: 2 Registers
Fraction of Chains for which MTBFs Could Not be Calculated: 0.529
Worst Case Available Settling Time: 18.331 ns

Worst-Case MTBF values are calculated based on the worst-case silicon characteristics, with worst-case operating conditions.
  - Under worst-case conditions, an increase of 100ps in available settling time will increase MTBF values by a factor of 8.0
Typical MTBF values are calculated based on the nominal silicon characteristics, at nominal operating conditions.
  - Under typical conditions, an increase of 100ps in available settling time will increase MTBF values by a factor of 17.8



+----------------------------------------------------------+
; Slow 1100mV -40C Model Fmax Summary                      ;
+-----------+-----------------+---------------------+------+
; Fmax      ; Restricted Fmax ; Clock Name          ; Note ;
+-----------+-----------------+---------------------+------+
; 54.34 MHz ; 54.34 MHz       ; clk                 ;      ;
; 84.85 MHz ; 84.85 MHz       ; altera_reserved_tck ;      ;
+-----------+-----------------+---------------------+------+
This panel reports FMAX for every clock in the design, regardless of the user-specified clock periods.  FMAX is only computed for paths where the source and destination registers or ports are driven by the same clock.  Paths of different clocks, including generated clocks, are ignored.  For paths between a clock and its inversion, FMAX is computed as if the rising and falling edges are scaled along with FMAX, such that the duty cycle (in terms of a percentage) is maintained. Altera recommends that you always use clock constraints and other slack reports for sign-off analysis.


+----------------------------------------------+
; Slow 1100mV -40C Model Setup Summary         ;
+---------------------+--------+---------------+
; Clock               ; Slack  ; End Point TNS ;
+---------------------+--------+---------------+
; clk                 ; 1.597  ; 0.000         ;
; altera_reserved_tck ; 10.774 ; 0.000         ;
+---------------------+--------+---------------+


+---------------------------------------------+
; Slow 1100mV -40C Model Hold Summary         ;
+---------------------+-------+---------------+
; Clock               ; Slack ; End Point TNS ;
+---------------------+-------+---------------+
; clk                 ; 0.258 ; 0.000         ;
; altera_reserved_tck ; 0.546 ; 0.000         ;
+---------------------+-------+---------------+


+----------------------------------------------+
; Slow 1100mV -40C Model Recovery Summary      ;
+---------------------+--------+---------------+
; Clock               ; Slack  ; End Point TNS ;
+---------------------+--------+---------------+
; clk                 ; 17.090 ; 0.000         ;
; altera_reserved_tck ; 30.020 ; 0.000         ;
+---------------------+--------+---------------+


+---------------------------------------------+
; Slow 1100mV -40C Model Removal Summary      ;
+---------------------+-------+---------------+
; Clock               ; Slack ; End Point TNS ;
+---------------------+-------+---------------+
; clk                 ; 0.776 ; 0.000         ;
; altera_reserved_tck ; 0.994 ; 0.000         ;
+---------------------+-------+---------------+


+----------------------------------------------------+
; Slow 1100mV -40C Model Minimum Pulse Width Summary ;
+---------------------+--------+---------------------+
; Clock               ; Slack  ; End Point TNS       ;
+---------------------+--------+---------------------+
; clk                 ; 8.797  ; 0.000               ;
; altera_reserved_tck ; 15.420 ; 0.000               ;
+---------------------+--------+---------------------+


------------------------------------------------
; Slow 1100mV -40C Model Metastability Summary ;
------------------------------------------------
Worst-Case MTBF of Design is 1e+09 years or 3.15e+16 seconds.
Typical MTBF of Design is 1e+09 years or 3.15e+16 seconds.

Number of Synchronizer Chains Found: 17
Shortest Synchronizer Chain: 2 Registers
Fraction of Chains for which MTBFs Could Not be Calculated: 0.529
Worst Case Available Settling Time: 18.469 ns

Worst-Case MTBF values are calculated based on the worst-case silicon characteristics, with worst-case operating conditions.
  - Under worst-case conditions, an increase of 100ps in available settling time will increase MTBF values by a factor of 1.7
Typical MTBF values are calculated based on the nominal silicon characteristics, at nominal operating conditions.
  - Under typical conditions, an increase of 100ps in available settling time will increase MTBF values by a factor of 17.8



+----------------------------------------------+
; Fast 1100mV 100C Model Setup Summary         ;
+---------------------+--------+---------------+
; Clock               ; Slack  ; End Point TNS ;
+---------------------+--------+---------------+
; clk                 ; 5.288  ; 0.000         ;
; altera_reserved_tck ; 13.637 ; 0.000         ;
+---------------------+--------+---------------+


+---------------------------------------------+
; Fast 1100mV 100C Model Hold Summary         ;
+---------------------+-------+---------------+
; Clock               ; Slack ; End Point TNS ;
+---------------------+-------+---------------+
; clk                 ; 0.139 ; 0.000         ;
; altera_reserved_tck ; 0.157 ; 0.000         ;
+---------------------+-------+---------------+


+----------------------------------------------+
; Fast 1100mV 100C Model Recovery Summary      ;
+---------------------+--------+---------------+
; Clock               ; Slack  ; End Point TNS ;
+---------------------+--------+---------------+
; clk                 ; 18.259 ; 0.000         ;
; altera_reserved_tck ; 31.092 ; 0.000         ;
+---------------------+--------+---------------+


+---------------------------------------------+
; Fast 1100mV 100C Model Removal Summary      ;
+---------------------+-------+---------------+
; Clock               ; Slack ; End Point TNS ;
+---------------------+-------+---------------+
; clk                 ; 0.455 ; 0.000         ;
; altera_reserved_tck ; 0.460 ; 0.000         ;
+---------------------+-------+---------------+


+----------------------------------------------------+
; Fast 1100mV 100C Model Minimum Pulse Width Summary ;
+---------------------+--------+---------------------+
; Clock               ; Slack  ; End Point TNS       ;
+---------------------+--------+---------------------+
; clk                 ; 8.523  ; 0.000               ;
; altera_reserved_tck ; 15.360 ; 0.000               ;
+---------------------+--------+---------------------+


------------------------------------------------
; Fast 1100mV 100C Model Metastability Summary ;
------------------------------------------------
Worst-Case MTBF of Design is 1e+09 years or 3.15e+16 seconds.
Typical MTBF of Design is 1e+09 years or 3.15e+16 seconds.

Number of Synchronizer Chains Found: 17
Shortest Synchronizer Chain: 2 Registers
Fraction of Chains for which MTBFs Could Not be Calculated: 0.529
Worst Case Available Settling Time: 19.133 ns

Worst-Case MTBF values are calculated based on the worst-case silicon characteristics, with worst-case operating conditions.
  - Under worst-case conditions, an increase of 100ps in available settling time will increase MTBF values by a factor of 8.0
Typical MTBF values are calculated based on the nominal silicon characteristics, at nominal operating conditions.
  - Under typical conditions, an increase of 100ps in available settling time will increase MTBF values by a factor of 17.8



+----------------------------------------------+
; Fast 1100mV -40C Model Setup Summary         ;
+---------------------+--------+---------------+
; Clock               ; Slack  ; End Point TNS ;
+---------------------+--------+---------------+
; clk                 ; 5.796  ; 0.000         ;
; altera_reserved_tck ; 14.260 ; 0.000         ;
+---------------------+--------+---------------+


+---------------------------------------------+
; Fast 1100mV -40C Model Hold Summary         ;
+---------------------+-------+---------------+
; Clock               ; Slack ; End Point TNS ;
+---------------------+-------+---------------+
; clk                 ; 0.121 ; 0.000         ;
; altera_reserved_tck ; 0.137 ; 0.000         ;
+---------------------+-------+---------------+


+----------------------------------------------+
; Fast 1100mV -40C Model Recovery Summary      ;
+---------------------+--------+---------------+
; Clock               ; Slack  ; End Point TNS ;
+---------------------+--------+---------------+
; clk                 ; 18.544 ; 0.000         ;
; altera_reserved_tck ; 31.437 ; 0.000         ;
+---------------------+--------+---------------+


+---------------------------------------------+
; Fast 1100mV -40C Model Removal Summary      ;
+---------------------+-------+---------------+
; Clock               ; Slack ; End Point TNS ;
+---------------------+-------+---------------+
; clk                 ; 0.304 ; 0.000         ;
; altera_reserved_tck ; 0.381 ; 0.000         ;
+---------------------+-------+---------------+


+----------------------------------------------------+
; Fast 1100mV -40C Model Minimum Pulse Width Summary ;
+---------------------+--------+---------------------+
; Clock               ; Slack  ; End Point TNS       ;
+---------------------+--------+---------------------+
; clk                 ; 8.447  ; 0.000               ;
; altera_reserved_tck ; 15.372 ; 0.000               ;
+---------------------+--------+---------------------+


------------------------------------------------
; Fast 1100mV -40C Model Metastability Summary ;
------------------------------------------------
Worst-Case MTBF of Design is 1e+09 years or 3.15e+16 seconds.
Typical MTBF of Design is 1e+09 years or 3.15e+16 seconds.

Number of Synchronizer Chains Found: 17
Shortest Synchronizer Chain: 2 Registers
Fraction of Chains for which MTBFs Could Not be Calculated: 0.529
Worst Case Available Settling Time: 19.217 ns

Worst-Case MTBF values are calculated based on the worst-case silicon characteristics, with worst-case operating conditions.
  - Under worst-case conditions, an increase of 100ps in available settling time will increase MTBF values by a factor of 1.7
Typical MTBF values are calculated based on the nominal silicon characteristics, at nominal operating conditions.
  - Under typical conditions, an increase of 100ps in available settling time will increase MTBF values by a factor of 17.8



+----------------------------------------------------------------------------------+
; Multicorner Timing Analysis Summary                                              ;
+----------------------+--------+-------+----------+---------+---------------------+
; Clock                ; Setup  ; Hold  ; Recovery ; Removal ; Minimum Pulse Width ;
+----------------------+--------+-------+----------+---------+---------------------+
; Worst-case Slack     ; 1.370  ; 0.121 ; 16.959   ; 0.304   ; 8.447               ;
;  altera_reserved_tck ; 10.346 ; 0.137 ; 29.827   ; 0.381   ; 15.360              ;
;  clk                 ; 1.370  ; 0.121 ; 16.959   ; 0.304   ; 8.447               ;
; Design-wide TNS      ; 0.0    ; 0.0   ; 0.0      ; 0.0     ; 0.0                 ;
;  altera_reserved_tck ; 0.000  ; 0.000 ; 0.000    ; 0.000   ; 0.000               ;
;  clk                 ; 0.000  ; 0.000 ; 0.000    ; 0.000   ; 0.000               ;
+----------------------+--------+-------+----------+---------+---------------------+


+------------------------------------------------------------------------------------------------------------------------------------------------------------------------------------------------------------------------------------------------------------------------------------------------------------------------------------------------------------------------------------------------------------------------+
; Board Trace Model Assignments                                                                                                                                                                                                                                                                                                                                                                                          ;
+---------------------+--------------+-------------------+-------------------------+-------------------------+---------------+---------------------+----------------+------------------+--------+------------------+------------------------+------------------------+--------------+---------------+-----------------+-------+---------------------+--------------------+---------------+-----------------+-------------+
; Pin                 ; I/O Standard ; Near Tline Length ; Near Tline L per Length ; Near Tline C per Length ; Near Series R ; Near Differential R ; Near Pull-up R ; Near Pull-down R ; Near C ; Far Tline Length ; Far Tline L per Length ; Far Tline C per Length ; Far Series R ; Far Pull-up R ; Far Pull-down R ; Far C ; Termination Voltage ; Far Differential R ; EBD File Name ; EBD Signal Name ; EBD Far-end ;
+---------------------+--------------+-------------------+-------------------------+-------------------------+---------------+---------------------+----------------+------------------+--------+------------------+------------------------+------------------------+--------------+---------------+-----------------+-------+---------------------+--------------------+---------------+-----------------+-------------+
; led[0]              ; 3.3-V LVTTL  ; 0 in              ; 0 H/in                  ; 0 F/in                  ; short         ; -                   ; open           ; open             ; open   ; 0 in             ; 0 H/in                 ; 0 F/in                 ; short        ; open          ; open            ; open  ; 0 V                 ; -                  ; n/a           ; n/a             ; n/a         ;
; led[1]              ; 3.3-V LVTTL  ; 0 in              ; 0 H/in                  ; 0 F/in                  ; short         ; -                   ; open           ; open             ; open   ; 0 in             ; 0 H/in                 ; 0 F/in                 ; short        ; open          ; open            ; open  ; 0 V                 ; -                  ; n/a           ; n/a             ; n/a         ;
; led[2]              ; 3.3-V LVTTL  ; 0 in              ; 0 H/in                  ; 0 F/in                  ; short         ; -                   ; open           ; open             ; open   ; 0 in             ; 0 H/in                 ; 0 F/in                 ; short        ; open          ; open            ; open  ; 0 V                 ; -                  ; n/a           ; n/a             ; n/a         ;
; led[3]              ; 3.3-V LVTTL  ; 0 in              ; 0 H/in                  ; 0 F/in                  ; short         ; -                   ; open           ; open             ; open   ; 0 in             ; 0 H/in                 ; 0 F/in                 ; short        ; open          ; open            ; open  ; 0 V                 ; -                  ; n/a           ; n/a             ; n/a         ;
; led[4]              ; 3.3-V LVTTL  ; 0 in              ; 0 H/in                  ; 0 F/in                  ; short         ; -                   ; open           ; open             ; open   ; 0 in             ; 0 H/in                 ; 0 F/in                 ; short        ; open          ; open            ; open  ; 0 V                 ; -                  ; n/a           ; n/a             ; n/a         ;
; led[5]              ; 3.3-V LVTTL  ; 0 in              ; 0 H/in                  ; 0 F/in                  ; short         ; -                   ; open           ; open             ; open   ; 0 in             ; 0 H/in                 ; 0 F/in                 ; short        ; open          ; open            ; open  ; 0 V                 ; -                  ; n/a           ; n/a             ; n/a         ;
; led[6]              ; 3.3-V LVTTL  ; 0 in              ; 0 H/in                  ; 0 F/in                  ; short         ; -                   ; open           ; open             ; open   ; 0 in             ; 0 H/in                 ; 0 F/in                 ; short        ; open          ; open            ; open  ; 0 V                 ; -                  ; n/a           ; n/a             ; n/a         ;
; led[7]              ; 3.3-V LVTTL  ; 0 in              ; 0 H/in                  ; 0 F/in                  ; short         ; -                   ; open           ; open             ; open   ; 0 in             ; 0 H/in                 ; 0 F/in                 ; short        ; open          ; open            ; open  ; 0 V                 ; -                  ; n/a           ; n/a             ; n/a         ;
; resonance_detected  ; 3.3-V LVTTL  ; 0 in              ; 0 H/in                  ; 0 F/in                  ; short         ; -                   ; open           ; open             ; open   ; 0 in             ; 0 H/in                 ; 0 F/in                 ; short        ; open          ; open            ; open  ; 0 V                 ; -                  ; n/a           ; n/a             ; n/a         ;
; heartbeat           ; 3.3-V LVTTL  ; 0 in              ; 0 H/in                  ; 0 F/in                  ; short         ; -                   ; open           ; open             ; open   ; 0 in             ; 0 H/in                 ; 0 F/in                 ; short        ; open          ; open            ; open  ; 0 V                 ; -                  ; n/a           ; n/a             ; n/a         ;
; fuzz_out[0]         ; 3.3-V LVTTL  ; 0 in              ; 0 H/in                  ; 0 F/in                  ; short         ; -                   ; open           ; open             ; open   ; 0 in             ; 0 H/in                 ; 0 F/in                 ; short        ; open          ; open            ; open  ; 0 V                 ; -                  ; n/a           ; n/a             ; n/a         ;
; fuzz_out[1]         ; 3.3-V LVTTL  ; 0 in              ; 0 H/in                  ; 0 F/in                  ; short         ; -                   ; open           ; open             ; open   ; 0 in             ; 0 H/in                 ; 0 F/in                 ; short        ; open          ; open            ; open  ; 0 V                 ; -                  ; n/a           ; n/a             ; n/a         ;
; fuzz_out[2]         ; 3.3-V LVTTL  ; 0 in              ; 0 H/in                  ; 0 F/in                  ; short         ; -                   ; open           ; open             ; open   ; 0 in             ; 0 H/in                 ; 0 F/in                 ; short        ; open          ; open            ; open  ; 0 V                 ; -                  ; n/a           ; n/a             ; n/a         ;
; fuzz_out[3]         ; 3.3-V LVTTL  ; 0 in              ; 0 H/in                  ; 0 F/in                  ; short         ; -                   ; open           ; open             ; open   ; 0 in             ; 0 H/in                 ; 0 F/in                 ; short        ; open          ; open            ; open  ; 0 V                 ; -                  ; n/a           ; n/a             ; n/a         ;
; fuzz_out[4]         ; 3.3-V LVTTL  ; 0 in              ; 0 H/in                  ; 0 F/in                  ; short         ; -                   ; open           ; open             ; open   ; 0 in             ; 0 H/in                 ; 0 F/in                 ; short        ; open          ; open            ; open  ; 0 V                 ; -                  ; n/a           ; n/a             ; n/a         ;
; fuzz_out[5]         ; 3.3-V LVTTL  ; 0 in              ; 0 H/in                  ; 0 F/in                  ; short         ; -                   ; open           ; open             ; open   ; 0 in             ; 0 H/in                 ; 0 F/in                 ; short        ; open          ; open            ; open  ; 0 V                 ; -                  ; n/a           ; n/a             ; n/a         ;
; fuzz_out[6]         ; 3.3-V LVTTL  ; 0 in              ; 0 H/in                  ; 0 F/in                  ; short         ; -                   ; open           ; open             ; open   ; 0 in             ; 0 H/in                 ; 0 F/in                 ; short        ; open          ; open            ; open  ; 0 V                 ; -                  ; n/a           ; n/a             ; n/a         ;
; fuzz_out[7]         ; 3.3-V LVTTL  ; 0 in              ; 0 H/in                  ; 0 F/in                  ; short         ; -                   ; open           ; open             ; open   ; 0 in             ; 0 H/in                 ; 0 F/in                 ; short        ; open          ; open            ; open  ; 0 V                 ; -                  ; n/a           ; n/a             ; n/a         ;
; fuzz_out[8]         ; 3.3-V LVTTL  ; 0 in              ; 0 H/in                  ; 0 F/in                  ; short         ; -                   ; open           ; open             ; open   ; 0 in             ; 0 H/in                 ; 0 F/in                 ; short        ; open          ; open            ; open  ; 0 V                 ; -                  ; n/a           ; n/a             ; n/a         ;
; fuzz_out[9]         ; 3.3-V LVTTL  ; 0 in              ; 0 H/in                  ; 0 F/in                  ; short         ; -                   ; open           ; open             ; open   ; 0 in             ; 0 H/in                 ; 0 F/in                 ; short        ; open          ; open            ; open  ; 0 V                 ; -                  ; n/a           ; n/a             ; n/a         ;
; fuzz_out[10]        ; 3.3-V LVTTL  ; 0 in              ; 0 H/in                  ; 0 F/in                  ; short         ; -                   ; open           ; open             ; open   ; 0 in             ; 0 H/in                 ; 0 F/in                 ; short        ; open          ; open            ; open  ; 0 V                 ; -                  ; n/a           ; n/a             ; n/a         ;
; fuzz_out[11]        ; 3.3-V LVTTL  ; 0 in              ; 0 H/in                  ; 0 F/in                  ; short         ; -                   ; open           ; open             ; open   ; 0 in             ; 0 H/in                 ; 0 F/in                 ; short        ; open          ; open            ; open  ; 0 V                 ; -                  ; n/a           ; n/a             ; n/a         ;
; fuzz_out[12]        ; 3.3-V LVTTL  ; 0 in              ; 0 H/in                  ; 0 F/in                  ; short         ; -                   ; open           ; open             ; open   ; 0 in             ; 0 H/in                 ; 0 F/in                 ; short        ; open          ; open            ; open  ; 0 V                 ; -                  ; n/a           ; n/a             ; n/a         ;
; fuzz_out[13]        ; 3.3-V LVTTL  ; 0 in              ; 0 H/in                  ; 0 F/in                  ; short         ; -                   ; open           ; open             ; open   ; 0 in             ; 0 H/in                 ; 0 F/in                 ; short        ; open          ; open            ; open  ; 0 V                 ; -                  ; n/a           ; n/a             ; n/a         ;
; fuzz_out[14]        ; 3.3-V LVTTL  ; 0 in              ; 0 H/in                  ; 0 F/in                  ; short         ; -                   ; open           ; open             ; open   ; 0 in             ; 0 H/in                 ; 0 F/in                 ; short        ; open          ; open            ; open  ; 0 V                 ; -                  ; n/a           ; n/a             ; n/a         ;
; fuzz_out[15]        ; 3.3-V LVTTL  ; 0 in              ; 0 H/in                  ; 0 F/in                  ; short         ; -                   ; open           ; open             ; open   ; 0 in             ; 0 H/in                 ; 0 F/in                 ; short        ; open          ; open            ; open  ; 0 V                 ; -                  ; n/a           ; n/a             ; n/a         ;
; fuzz_out[16]        ; 3.3-V LVTTL  ; 0 in              ; 0 H/in                  ; 0 F/in                  ; short         ; -                   ; open           ; open             ; open   ; 0 in             ; 0 H/in                 ; 0 F/in                 ; short        ; open          ; open            ; open  ; 0 V                 ; -                  ; n/a           ; n/a             ; n/a         ;
; fuzz_out[17]        ; 3.3-V LVTTL  ; 0 in              ; 0 H/in                  ; 0 F/in                  ; short         ; -                   ; open           ; open             ; open   ; 0 in             ; 0 H/in                 ; 0 F/in                 ; short        ; open          ; open            ; open  ; 0 V                 ; -                  ; n/a           ; n/a             ; n/a         ;
; fuzz_out[18]        ; 3.3-V LVTTL  ; 0 in              ; 0 H/in                  ; 0 F/in                  ; short         ; -                   ; open           ; open             ; open   ; 0 in             ; 0 H/in                 ; 0 F/in                 ; short        ; open          ; open            ; open  ; 0 V                 ; -                  ; n/a           ; n/a             ; n/a         ;
; fuzz_out[19]        ; 3.3-V LVTTL  ; 0 in              ; 0 H/in                  ; 0 F/in                  ; short         ; -                   ; open           ; open             ; open   ; 0 in             ; 0 H/in                 ; 0 F/in                 ; short        ; open          ; open            ; open  ; 0 V                 ; -                  ; n/a           ; n/a             ; n/a         ;
; fuzz_out[20]        ; 3.3-V LVTTL  ; 0 in              ; 0 H/in                  ; 0 F/in                  ; short         ; -                   ; open           ; open             ; open   ; 0 in             ; 0 H/in                 ; 0 F/in                 ; short        ; open          ; open            ; open  ; 0 V                 ; -                  ; n/a           ; n/a             ; n/a         ;
; fuzz_out[21]        ; 3.3-V LVTTL  ; 0 in              ; 0 H/in                  ; 0 F/in                  ; short         ; -                   ; open           ; open             ; open   ; 0 in             ; 0 H/in                 ; 0 F/in                 ; short        ; open          ; open            ; open  ; 0 V                 ; -                  ; n/a           ; n/a             ; n/a         ;
; fuzz_out[22]        ; 3.3-V LVTTL  ; 0 in              ; 0 H/in                  ; 0 F/in                  ; short         ; -                   ; open           ; open             ; open   ; 0 in             ; 0 H/in                 ; 0 F/in                 ; short        ; open          ; open            ; open  ; 0 V                 ; -                  ; n/a           ; n/a             ; n/a         ;
; fuzz_out[23]        ; 3.3-V LVTTL  ; 0 in              ; 0 H/in                  ; 0 F/in                  ; short         ; -                   ; open           ; open             ; open   ; 0 in             ; 0 H/in                 ; 0 F/in                 ; short        ; open          ; open            ; open  ; 0 V                 ; -                  ; n/a           ; n/a             ; n/a         ;
; fuzz_out[24]        ; 3.3-V LVTTL  ; 0 in              ; 0 H/in                  ; 0 F/in                  ; short         ; -                   ; open           ; open             ; open   ; 0 in             ; 0 H/in                 ; 0 F/in                 ; short        ; open          ; open            ; open  ; 0 V                 ; -                  ; n/a           ; n/a             ; n/a         ;
; fuzz_out[25]        ; 3.3-V LVTTL  ; 0 in              ; 0 H/in                  ; 0 F/in                  ; short         ; -                   ; open           ; open             ; open   ; 0 in             ; 0 H/in                 ; 0 F/in                 ; short        ; open          ; open            ; open  ; 0 V                 ; -                  ; n/a           ; n/a             ; n/a         ;
; fuzz_out[26]        ; 3.3-V LVTTL  ; 0 in              ; 0 H/in                  ; 0 F/in                  ; short         ; -                   ; open           ; open             ; open   ; 0 in             ; 0 H/in                 ; 0 F/in                 ; short        ; open          ; open            ; open  ; 0 V                 ; -                  ; n/a           ; n/a             ; n/a         ;
; fuzz_out[27]        ; 3.3-V LVTTL  ; 0 in              ; 0 H/in                  ; 0 F/in                  ; short         ; -                   ; open           ; open             ; open   ; 0 in             ; 0 H/in                 ; 0 F/in                 ; short        ; open          ; open            ; open  ; 0 V                 ; -                  ; n/a           ; n/a             ; n/a         ;
; fuzz_out[28]        ; 3.3-V LVTTL  ; 0 in              ; 0 H/in                  ; 0 F/in                  ; short         ; -                   ; open           ; open             ; open   ; 0 in             ; 0 H/in                 ; 0 F/in                 ; short        ; open          ; open            ; open  ; 0 V                 ; -                  ; n/a           ; n/a             ; n/a         ;
; fuzz_out[29]        ; 3.3-V LVTTL  ; 0 in              ; 0 H/in                  ; 0 F/in                  ; short         ; -                   ; open           ; open             ; open   ; 0 in             ; 0 H/in                 ; 0 F/in                 ; short        ; open          ; open            ; open  ; 0 V                 ; -                  ; n/a           ; n/a             ; n/a         ;
; fuzz_out[30]        ; 3.3-V LVTTL  ; 0 in              ; 0 H/in                  ; 0 F/in                  ; short         ; -                   ; open           ; open             ; open   ; 0 in             ; 0 H/in                 ; 0 F/in                 ; short        ; open          ; open            ; open  ; 0 V                 ; -                  ; n/a           ; n/a             ; n/a         ;
; fuzz_out[31]        ; 3.3-V LVTTL  ; 0 in              ; 0 H/in                  ; 0 F/in                  ; short         ; -                   ; open           ; open             ; open   ; 0 in             ; 0 H/in                 ; 0 F/in                 ; short        ; open          ; open            ; open  ; 0 V                 ; -                  ; n/a           ; n/a             ; n/a         ;
; altera_reserved_tdo ; 3.3-V LVTTL  ; 0 in              ; 0 H/in                  ; 0 F/in                  ; short         ; -                   ; open           ; open             ; open   ; 0 in             ; 0 H/in                 ; 0 F/in                 ; short        ; open          ; open            ; open  ; 0 V                 ; -                  ; n/a           ; n/a             ; n/a         ;
+---------------------+--------------+-------------------+-------------------------+-------------------------+---------------+---------------------+----------------+------------------+--------+------------------+------------------------+------------------------+--------------+---------------+-----------------+-------+---------------------+--------------------+---------------+-----------------+-------------+


+------------------------------------------------------------------------+
; Input Transition Times                                                 ;
+---------------------+--------------+-----------------+-----------------+
; Pin                 ; I/O Standard ; 10-90 Rise Time ; 90-10 Fall Time ;
+---------------------+--------------+-----------------+-----------------+
; clk                 ; 3.3-V LVTTL  ; 2640 ps         ; 2640 ps         ;
; rst_n               ; 3.3-V LVTTL  ; 2640 ps         ; 2640 ps         ;
; altera_reserved_tms ; 3.3-V LVTTL  ; 2640 ps         ; 2640 ps         ;
; altera_reserved_tck ; 3.3-V LVTTL  ; 2640 ps         ; 2640 ps         ;
; altera_reserved_tdi ; 3.3-V LVTTL  ; 2640 ps         ; 2640 ps         ;
+---------------------+--------------+-----------------+-----------------+


+--------------------------------------------------------------------------------------------------------------------------------------------------------------------------------------------------------------------------------------------------------------------------------------------------------------------------------------------------------------------------------------------------------------------------------------------------------------------------------------------------------------------------------------------------------------------------------------------------------------------------------------------------------------------------------------------------+
; Signal Integrity Metrics (Slow 1100mv n40c Model)                                                                                                                                                                                                                                                                                                                                                                                                                                                                                                                                                                                                                                                ;
+---------------------+--------------+---------------------+---------------------+------------------------------+------------------------------+---------------------+---------------------+--------------------------------------+--------------------------------------+-----------------------------+-----------------------------+----------------------------+----------------------------+-----------------------------+-----------------------------+--------------------+--------------------+-------------------------------------+-------------------------------------+----------------------------+----------------------------+---------------------------+---------------------------+
; Pin                 ; I/O Standard ; Board Delay on Rise ; Board Delay on Fall ; Steady State Voh at FPGA Pin ; Steady State Vol at FPGA Pin ; Voh Max at FPGA Pin ; Vol Min at FPGA Pin ; Ringback Voltage on Rise at FPGA Pin ; Ringback Voltage on Fall at FPGA Pin ; 10-90 Rise Time at FPGA Pin ; 90-10 Fall Time at FPGA Pin ; Monotonic Rise at FPGA Pin ; Monotonic Fall at FPGA Pin ; Steady State Voh at Far-end ; Steady State Vol at Far-end ; Voh Max at Far-end ; Vol Min at Far-end ; Ringback Voltage on Rise at Far-end ; Ringback Voltage on Fall at Far-end ; 10-90 Rise Time at Far-end ; 90-10 Fall Time at Far-end ; Monotonic Rise at Far-end ; Monotonic Fall at Far-end ;
+---------------------+--------------+---------------------+---------------------+------------------------------+------------------------------+---------------------+---------------------+--------------------------------------+--------------------------------------+-----------------------------+-----------------------------+----------------------------+----------------------------+-----------------------------+-----------------------------+--------------------+--------------------+-------------------------------------+-------------------------------------+----------------------------+----------------------------+---------------------------+---------------------------+
; led[0]              ; 3.3-V LVTTL  ; 0 s                 ; 0 s                 ; 3.08 V                       ; 1.47e-08 V                   ; 3.11 V              ; -0.195 V            ; 0.108 V                              ; 0.32 V                               ; 4.03e-10 s                  ; 1.44e-10 s                  ; Yes                        ; No                         ; 3.08 V                      ; 1.47e-08 V                  ; 3.11 V             ; -0.195 V           ; 0.108 V                             ; 0.32 V                              ; 4.03e-10 s                 ; 1.44e-10 s                 ; Yes                       ; No                        ;
; led[1]              ; 3.3-V LVTTL  ; 0 s                 ; 0 s                 ; 3.08 V                       ; 1.91e-08 V                   ; 3.17 V              ; -0.306 V            ; 0.142 V                              ; 0.425 V                              ; 4.17e-10 s                  ; 1.36e-10 s                  ; Yes                        ; No                         ; 3.08 V                      ; 1.91e-08 V                  ; 3.17 V             ; -0.306 V           ; 0.142 V                             ; 0.425 V                             ; 4.17e-10 s                 ; 1.36e-10 s                 ; Yes                       ; No                        ;
; led[2]              ; 3.3-V LVTTL  ; 0 s                 ; 0 s                 ; 3.08 V                       ; 2e-08 V                      ; 3.17 V              ; -0.245 V            ; 0.166 V                              ; 0.398 V                              ; 4.33e-10 s                  ; 1.46e-10 s                  ; Yes                        ; No                         ; 3.08 V                      ; 2e-08 V                     ; 3.17 V             ; -0.245 V           ; 0.166 V                             ; 0.398 V                             ; 4.33e-10 s                 ; 1.46e-10 s                 ; Yes                       ; No                        ;
; led[3]              ; 3.3-V LVTTL  ; 0 s                 ; 0 s                 ; 3.08 V                       ; 1.47e-08 V                   ; 3.11 V              ; -0.195 V            ; 0.108 V                              ; 0.32 V                               ; 4.03e-10 s                  ; 1.44e-10 s                  ; Yes                        ; No                         ; 3.08 V                      ; 1.47e-08 V                  ; 3.11 V             ; -0.195 V           ; 0.108 V                             ; 0.32 V                              ; 4.03e-10 s                 ; 1.44e-10 s                 ; Yes                       ; No                        ;
; led[4]              ; 3.3-V LVTTL  ; 0 s                 ; 0 s                 ; 3.08 V                       ; 1.91e-08 V                   ; 3.17 V              ; -0.306 V            ; 0.142 V                              ; 0.425 V                              ; 4.17e-10 s                  ; 1.36e-10 s                  ; Yes                        ; No                         ; 3.08 V                      ; 1.91e-08 V                  ; 3.17 V             ; -0.306 V           ; 0.142 V                             ; 0.425 V                             ; 4.17e-10 s                 ; 1.36e-10 s                 ; Yes                       ; No                        ;
; led[5]              ; 3.3-V LVTTL  ; 0 s                 ; 0 s                 ; 3.08 V                       ; 1.91e-08 V                   ; 3.17 V              ; -0.311 V            ; 0.143 V                              ; 0.424 V                              ; 4.17e-10 s                  ; 1.36e-10 s                  ; Yes                        ; No                         ; 3.08 V                      ; 1.91e-08 V                  ; 3.17 V             ; -0.311 V           ; 0.143 V                             ; 0.424 V                             ; 4.17e-10 s                 ; 1.36e-10 s                 ; Yes                       ; No                        ;
; led[6]              ; 3.3-V LVTTL  ; 0 s                 ; 0 s                 ; 3.08 V                       ; 2e-08 V                      ; 3.17 V              ; -0.245 V            ; 0.166 V                              ; 0.398 V                              ; 4.33e-10 s                  ; 1.46e-10 s                  ; Yes                        ; No                         ; 3.08 V                      ; 2e-08 V                     ; 3.17 V             ; -0.245 V           ; 0.166 V                             ; 0.398 V                             ; 4.33e-10 s                 ; 1.46e-10 s                 ; Yes                       ; No                        ;
; led[7]              ; 3.3-V LVTTL  ; 0 s                 ; 0 s                 ; 3.08 V                       ; 1.91e-08 V                   ; 3.17 V              ; -0.311 V            ; 0.143 V                              ; 0.424 V                              ; 4.17e-10 s                  ; 1.36e-10 s                  ; Yes                        ; No                         ; 3.08 V                      ; 1.91e-08 V                  ; 3.17 V             ; -0.311 V           ; 0.143 V                             ; 0.424 V                             ; 4.17e-10 s                 ; 1.36e-10 s                 ; Yes                       ; No                        ;
; resonance_detected  ; 3.3-V LVTTL  ; 0 s                 ; 0 s                 ; 3.08 V                       ; 1.91e-08 V                   ; 3.17 V              ; -0.311 V            ; 0.143 V                              ; 0.424 V                              ; 4.17e-10 s                  ; 1.36e-10 s                  ; Yes                        ; No                         ; 3.08 V                      ; 1.91e-08 V                  ; 3.17 V             ; -0.311 V           ; 0.143 V                             ; 0.424 V                             ; 4.17e-10 s                 ; 1.36e-10 s                 ; Yes                       ; No                        ;
; heartbeat           ; 3.3-V LVTTL  ; 0 s                 ; 0 s                 ; 3.08 V                       ; 2e-08 V                      ; 3.17 V              ; -0.245 V            ; 0.166 V                              ; 0.398 V                              ; 4.33e-10 s                  ; 1.46e-10 s                  ; Yes                        ; No                         ; 3.08 V                      ; 2e-08 V                     ; 3.17 V             ; -0.245 V           ; 0.166 V                             ; 0.398 V                             ; 4.33e-10 s                 ; 1.46e-10 s                 ; Yes                       ; No                        ;
; fuzz_out[0]         ; 3.3-V LVTTL  ; 0 s                 ; 0 s                 ; 3.08 V                       ; 2e-08 V                      ; 3.17 V              ; -0.245 V            ; 0.166 V                              ; 0.398 V                              ; 4.33e-10 s                  ; 1.46e-10 s                  ; Yes                        ; No                         ; 3.08 V                      ; 2e-08 V                     ; 3.17 V             ; -0.245 V           ; 0.166 V                             ; 0.398 V                             ; 4.33e-10 s                 ; 1.46e-10 s                 ; Yes                       ; No                        ;
; fuzz_out[1]         ; 3.3-V LVTTL  ; 0 s                 ; 0 s                 ; 3.08 V                       ; 1.47e-08 V                   ; 3.11 V              ; -0.195 V            ; 0.108 V                              ; 0.32 V                               ; 4.03e-10 s                  ; 1.44e-10 s                  ; Yes                        ; No                         ; 3.08 V                      ; 1.47e-08 V                  ; 3.11 V             ; -0.195 V           ; 0.108 V                             ; 0.32 V                              ; 4.03e-10 s                 ; 1.44e-10 s                 ; Yes                       ; No                        ;
; fuzz_out[2]         ; 3.3-V LVTTL  ; 0 s                 ; 0 s                 ; 3.08 V                       ; 1.91e-08 V                   ; 3.17 V              ; -0.306 V            ; 0.142 V                              ; 0.425 V                              ; 4.17e-10 s                  ; 1.36e-10 s                  ; Yes                        ; No                         ; 3.08 V                      ; 1.91e-08 V                  ; 3.17 V             ; -0.306 V           ; 0.142 V                             ; 0.425 V                             ; 4.17e-10 s                 ; 1.36e-10 s                 ; Yes                       ; No                        ;
; fuzz_out[3]         ; 3.3-V LVTTL  ; 0 s                 ; 0 s                 ; 3.08 V                       ; 1.91e-08 V                   ; 3.17 V              ; -0.306 V            ; 0.142 V                              ; 0.425 V                              ; 4.17e-10 s                  ; 1.36e-10 s                  ; Yes                        ; No                         ; 3.08 V                      ; 1.91e-08 V                  ; 3.17 V             ; -0.306 V           ; 0.142 V                             ; 0.425 V                             ; 4.17e-10 s                 ; 1.36e-10 s                 ; Yes                       ; No                        ;
; fuzz_out[4]         ; 3.3-V LVTTL  ; 0 s                 ; 0 s                 ; 3.08 V                       ; 2e-08 V                      ; 3.17 V              ; -0.245 V            ; 0.166 V                              ; 0.398 V                              ; 4.33e-10 s                  ; 1.46e-10 s                  ; Yes                        ; No                         ; 3.08 V                      ; 2e-08 V                     ; 3.17 V             ; -0.245 V           ; 0.166 V                             ; 0.398 V                             ; 4.33e-10 s                 ; 1.46e-10 s                 ; Yes                       ; No                        ;
; fuzz_out[5]         ; 3.3-V LVTTL  ; 0 s                 ; 0 s                 ; 3.08 V                       ; 1.47e-08 V                   ; 3.11 V              ; -0.195 V            ; 0.108 V                              ; 0.32 V                               ; 4.03e-10 s                  ; 1.44e-10 s                  ; Yes                        ; No                         ; 3.08 V                      ; 1.47e-08 V                  ; 3.11 V             ; -0.195 V           ; 0.108 V                             ; 0.32 V                              ; 4.03e-10 s                 ; 1.44e-10 s                 ; Yes                       ; No                        ;
; fuzz_out[6]         ; 3.3-V LVTTL  ; 0 s                 ; 0 s                 ; 3.08 V                       ; 1.91e-08 V                   ; 3.17 V              ; -0.306 V            ; 0.142 V                              ; 0.425 V                              ; 4.17e-10 s                  ; 1.36e-10 s                  ; Yes                        ; No                         ; 3.08 V                      ; 1.91e-08 V                  ; 3.17 V             ; -0.306 V           ; 0.142 V                             ; 0.425 V                             ; 4.17e-10 s                 ; 1.36e-10 s                 ; Yes                       ; No                        ;
; fuzz_out[7]         ; 3.3-V LVTTL  ; 0 s                 ; 0 s                 ; 3.08 V                       ; 1.91e-08 V                   ; 3.17 V              ; -0.311 V            ; 0.143 V                              ; 0.424 V                              ; 4.17e-10 s                  ; 1.36e-10 s                  ; Yes                        ; No                         ; 3.08 V                      ; 1.91e-08 V                  ; 3.17 V             ; -0.311 V           ; 0.143 V                             ; 0.424 V                             ; 4.17e-10 s                 ; 1.36e-10 s                 ; Yes                       ; No                        ;
; fuzz_out[8]         ; 3.3-V LVTTL  ; 0 s                 ; 0 s                 ; 3.08 V                       ; 1.91e-08 V                   ; 3.17 V              ; -0.306 V            ; 0.142 V                              ; 0.425 V                              ; 4.17e-10 s                  ; 1.36e-10 s                  ; Yes                        ; No                         ; 3.08 V                      ; 1.91e-08 V                  ; 3.17 V             ; -0.306 V           ; 0.142 V                             ; 0.425 V                             ; 4.17e-10 s                 ; 1.36e-10 s                 ; Yes                       ; No                        ;
; fuzz_out[9]         ; 3.3-V LVTTL  ; 0 s                 ; 0 s                 ; 3.08 V                       ; 1.91e-08 V                   ; 3.17 V              ; -0.306 V            ; 0.142 V                              ; 0.425 V                              ; 4.17e-10 s                  ; 1.36e-10 s                  ; Yes                        ; No                         ; 3.08 V                      ; 1.91e-08 V                  ; 3.17 V             ; -0.306 V           ; 0.142 V                             ; 0.425 V                             ; 4.17e-10 s                 ; 1.36e-10 s                 ; Yes                       ; No                        ;
; fuzz_out[10]        ; 3.3-V LVTTL  ; 0 s                 ; 0 s                 ; 3.08 V                       ; 1.91e-08 V                   ; 3.17 V              ; -0.311 V            ; 0.143 V                              ; 0.424 V                              ; 4.17e-10 s                  ; 1.36e-10 s                  ; Yes                        ; No                         ; 3.08 V                      ; 1.91e-08 V                  ; 3.17 V             ; -0.311 V           ; 0.143 V                             ; 0.424 V                             ; 4.17e-10 s                 ; 1.36e-10 s                 ; Yes                       ; No                        ;
; fuzz_out[11]        ; 3.3-V LVTTL  ; 0 s                 ; 0 s                 ; 3.08 V                       ; 2e-08 V                      ; 3.17 V              ; -0.245 V            ; 0.166 V                              ; 0.398 V                              ; 4.33e-10 s                  ; 1.46e-10 s                  ; Yes                        ; No                         ; 3.08 V                      ; 2e-08 V                     ; 3.17 V             ; -0.245 V           ; 0.166 V                             ; 0.398 V                             ; 4.33e-10 s                 ; 1.46e-10 s                 ; Yes                       ; No                        ;
; fuzz_out[12]        ; 3.3-V LVTTL  ; 0 s                 ; 0 s                 ; 3.08 V                       ; 1.47e-08 V                   ; 3.11 V              ; -0.195 V            ; 0.108 V                              ; 0.32 V                               ; 4.03e-10 s                  ; 1.44e-10 s                  ; Yes                        ; No                         ; 3.08 V                      ; 1.47e-08 V                  ; 3.11 V             ; -0.195 V           ; 0.108 V                             ; 0.32 V                              ; 4.03e-10 s                 ; 1.44e-10 s                 ; Yes                       ; No                        ;
; fuzz_out[13]        ; 3.3-V LVTTL  ; 0 s                 ; 0 s                 ; 3.08 V                       ; 1.47e-08 V                   ; 3.11 V              ; -0.195 V            ; 0.108 V                              ; 0.32 V                               ; 4.03e-10 s                  ; 1.44e-10 s                  ; Yes                        ; No                         ; 3.08 V                      ; 1.47e-08 V                  ; 3.11 V             ; -0.195 V           ; 0.108 V                             ; 0.32 V                              ; 4.03e-10 s                 ; 1.44e-10 s                 ; Yes                       ; No                        ;
; fuzz_out[14]        ; 3.3-V LVTTL  ; 0 s                 ; 0 s                 ; 3.08 V                       ; 1.91e-08 V                   ; 3.17 V              ; -0.311 V            ; 0.143 V                              ; 0.424 V                              ; 4.17e-10 s                  ; 1.36e-10 s                  ; Yes                        ; No                         ; 3.08 V                      ; 1.91e-08 V                  ; 3.17 V             ; -0.311 V           ; 0.143 V                             ; 0.424 V                             ; 4.17e-10 s                 ; 1.36e-10 s                 ; Yes                       ; No                        ;
; fuzz_out[15]        ; 3.3-V LVTTL  ; 0 s                 ; 0 s                 ; 3.08 V                       ; 1.47e-08 V                   ; 3.11 V              ; -0.195 V            ; 0.108 V                              ; 0.32 V                               ; 4.03e-10 s                  ; 1.44e-10 s                  ; Yes                        ; No                         ; 3.08 V                      ; 1.47e-08 V                  ; 3.11 V             ; -0.195 V           ; 0.108 V                             ; 0.32 V                              ; 4.03e-10 s                 ; 1.44e-10 s                 ; Yes                       ; No                        ;
; fuzz_out[16]        ; 3.3-V LVTTL  ; 0 s                 ; 0 s                 ; 3.08 V                       ; 2e-08 V                      ; 3.17 V              ; -0.245 V            ; 0.166 V                              ; 0.398 V                              ; 4.33e-10 s                  ; 1.46e-10 s                  ; Yes                        ; No                         ; 3.08 V                      ; 2e-08 V                     ; 3.17 V             ; -0.245 V           ; 0.166 V                             ; 0.398 V                             ; 4.33e-10 s                 ; 1.46e-10 s                 ; Yes                       ; No                        ;
; fuzz_out[17]        ; 3.3-V LVTTL  ; 0 s                 ; 0 s                 ; 3.08 V                       ; 2e-08 V                      ; 3.17 V              ; -0.245 V            ; 0.166 V                              ; 0.398 V                              ; 4.33e-10 s                  ; 1.46e-10 s                  ; Yes                        ; No                         ; 3.08 V                      ; 2e-08 V                     ; 3.17 V             ; -0.245 V           ; 0.166 V                             ; 0.398 V                             ; 4.33e-10 s                 ; 1.46e-10 s                 ; Yes                       ; No                        ;
; fuzz_out[18]        ; 3.3-V LVTTL  ; 0 s                 ; 0 s                 ; 3.08 V                       ; 1.47e-08 V                   ; 3.11 V              ; -0.195 V            ; 0.108 V                              ; 0.32 V                               ; 4.03e-10 s                  ; 1.44e-10 s                  ; Yes                        ; No                         ; 3.08 V                      ; 1.47e-08 V                  ; 3.11 V             ; -0.195 V           ; 0.108 V                             ; 0.32 V                              ; 4.03e-10 s                 ; 1.44e-10 s                 ; Yes                       ; No                        ;
; fuzz_out[19]        ; 3.3-V LVTTL  ; 0 s                 ; 0 s                 ; 3.08 V                       ; 2e-08 V                      ; 3.17 V              ; -0.245 V            ; 0.166 V                              ; 0.398 V                              ; 4.33e-10 s                  ; 1.46e-10 s                  ; Yes                        ; No                         ; 3.08 V                      ; 2e-08 V                     ; 3.17 V             ; -0.245 V           ; 0.166 V                             ; 0.398 V                             ; 4.33e-10 s                 ; 1.46e-10 s                 ; Yes                       ; No                        ;
; fuzz_out[20]        ; 3.3-V LVTTL  ; 0 s                 ; 0 s                 ; 3.08 V                       ; 2e-08 V                      ; 3.17 V              ; -0.245 V            ; 0.166 V                              ; 0.398 V                              ; 4.33e-10 s                  ; 1.46e-10 s                  ; Yes                        ; No                         ; 3.08 V                      ; 2e-08 V                     ; 3.17 V             ; -0.245 V           ; 0.166 V                             ; 0.398 V                             ; 4.33e-10 s                 ; 1.46e-10 s                 ; Yes                       ; No                        ;
; fuzz_out[21]        ; 3.3-V LVTTL  ; 0 s                 ; 0 s                 ; 3.08 V                       ; 1.91e-08 V                   ; 3.17 V              ; -0.306 V            ; 0.142 V                              ; 0.425 V                              ; 4.17e-10 s                  ; 1.36e-10 s                  ; Yes                        ; No                         ; 3.08 V                      ; 1.91e-08 V                  ; 3.17 V             ; -0.306 V           ; 0.142 V                             ; 0.425 V                             ; 4.17e-10 s                 ; 1.36e-10 s                 ; Yes                       ; No                        ;
; fuzz_out[22]        ; 3.3-V LVTTL  ; 0 s                 ; 0 s                 ; 3.08 V                       ; 1.91e-08 V                   ; 3.17 V              ; -0.311 V            ; 0.143 V                              ; 0.424 V                              ; 4.17e-10 s                  ; 1.36e-10 s                  ; Yes                        ; No                         ; 3.08 V                      ; 1.91e-08 V                  ; 3.17 V             ; -0.311 V           ; 0.143 V                             ; 0.424 V                             ; 4.17e-10 s                 ; 1.36e-10 s                 ; Yes                       ; No                        ;
; fuzz_out[23]        ; 3.3-V LVTTL  ; 0 s                 ; 0 s                 ; 3.08 V                       ; 1.91e-08 V                   ; 3.17 V              ; -0.311 V            ; 0.143 V                              ; 0.424 V                              ; 4.17e-10 s                  ; 1.36e-10 s                  ; Yes                        ; No                         ; 3.08 V                      ; 1.91e-08 V                  ; 3.17 V             ; -0.311 V           ; 0.143 V                             ; 0.424 V                             ; 4.17e-10 s                 ; 1.36e-10 s                 ; Yes                       ; No                        ;
; fuzz_out[24]        ; 3.3-V LVTTL  ; 0 s                 ; 0 s                 ; 3.08 V                       ; 1.91e-08 V                   ; 3.17 V              ; -0.306 V            ; 0.142 V                              ; 0.425 V                              ; 4.17e-10 s                  ; 1.36e-10 s                  ; Yes                        ; No                         ; 3.08 V                      ; 1.91e-08 V                  ; 3.17 V             ; -0.306 V           ; 0.142 V                             ; 0.425 V                             ; 4.17e-10 s                 ; 1.36e-10 s                 ; Yes                       ; No                        ;
; fuzz_out[25]        ; 3.3-V LVTTL  ; 0 s                 ; 0 s                 ; 3.08 V                       ; 1.91e-08 V                   ; 3.17 V              ; -0.306 V            ; 0.142 V                              ; 0.425 V                              ; 4.17e-10 s                  ; 1.36e-10 s                  ; Yes                        ; No                         ; 3.08 V                      ; 1.91e-08 V                  ; 3.17 V             ; -0.306 V           ; 0.142 V                             ; 0.425 V                             ; 4.17e-10 s                 ; 1.36e-10 s                 ; Yes                       ; No                        ;
; fuzz_out[26]        ; 3.3-V LVTTL  ; 0 s                 ; 0 s                 ; 3.08 V                       ; 2e-08 V                      ; 3.17 V              ; -0.245 V            ; 0.166 V                              ; 0.398 V                              ; 4.33e-10 s                  ; 1.46e-10 s                  ; Yes                        ; No                         ; 3.08 V                      ; 2e-08 V                     ; 3.17 V             ; -0.245 V           ; 0.166 V                             ; 0.398 V                             ; 4.33e-10 s                 ; 1.46e-10 s                 ; Yes                       ; No                        ;
; fuzz_out[27]        ; 3.3-V LVTTL  ; 0 s                 ; 0 s                 ; 3.08 V                       ; 1.91e-08 V                   ; 3.17 V              ; -0.311 V            ; 0.143 V                              ; 0.424 V                              ; 4.17e-10 s                  ; 1.36e-10 s                  ; Yes                        ; No                         ; 3.08 V                      ; 1.91e-08 V                  ; 3.17 V             ; -0.311 V           ; 0.143 V                             ; 0.424 V                             ; 4.17e-10 s                 ; 1.36e-10 s                 ; Yes                       ; No                        ;
; fuzz_out[28]        ; 3.3-V LVTTL  ; 0 s                 ; 0 s                 ; 3.08 V                       ; 1.91e-08 V                   ; 3.17 V              ; -0.306 V            ; 0.142 V                              ; 0.425 V                              ; 4.17e-10 s                  ; 1.36e-10 s                  ; Yes                        ; No                         ; 3.08 V                      ; 1.91e-08 V                  ; 3.17 V             ; -0.306 V           ; 0.142 V                             ; 0.425 V                             ; 4.17e-10 s                 ; 1.36e-10 s                 ; Yes                       ; No                        ;
; fuzz_out[29]        ; 3.3-V LVTTL  ; 0 s                 ; 0 s                 ; 3.08 V                       ; 1.47e-08 V                   ; 3.11 V              ; -0.195 V            ; 0.108 V                              ; 0.32 V                               ; 4.03e-10 s                  ; 1.44e-10 s                  ; Yes                        ; No                         ; 3.08 V                      ; 1.47e-08 V                  ; 3.11 V             ; -0.195 V           ; 0.108 V                             ; 0.32 V                              ; 4.03e-10 s                 ; 1.44e-10 s                 ; Yes                       ; No                        ;
; fuzz_out[30]        ; 3.3-V LVTTL  ; 0 s                 ; 0 s                 ; 3.08 V                       ; 1.47e-08 V                   ; 3.11 V              ; -0.195 V            ; 0.108 V                              ; 0.32 V                               ; 4.03e-10 s                  ; 1.44e-10 s                  ; Yes                        ; No                         ; 3.08 V                      ; 1.47e-08 V                  ; 3.11 V             ; -0.195 V           ; 0.108 V                             ; 0.32 V                              ; 4.03e-10 s                 ; 1.44e-10 s                 ; Yes                       ; No                        ;
; fuzz_out[31]        ; 3.3-V LVTTL  ; 0 s                 ; 0 s                 ; 3.08 V                       ; 1.91e-08 V                   ; 3.17 V              ; -0.306 V            ; 0.142 V                              ; 0.425 V                              ; 4.17e-10 s                  ; 1.36e-10 s                  ; Yes                        ; No                         ; 3.08 V                      ; 1.91e-08 V                  ; 3.17 V             ; -0.306 V           ; 0.142 V                             ; 0.425 V                             ; 4.17e-10 s                 ; 1.36e-10 s                 ; Yes                       ; No                        ;
; altera_reserved_tdo ; 3.3-V LVTTL  ; 0 s                 ; 0 s                 ; 3.08 V                       ; 2.56e-08 V                   ; 3.11 V              ; -0.0792 V           ; 0.135 V                              ; 0.16 V                               ; 5.59e-10 s                  ; 2.59e-10 s                  ; Yes                        ; Yes                        ; 3.08 V                      ; 2.56e-08 V                  ; 3.11 V             ; -0.0792 V          ; 0.135 V                             ; 0.16 V                              ; 5.59e-10 s                 ; 2.59e-10 s                 ; Yes                       ; Yes                       ;
+---------------------+--------------+---------------------+---------------------+------------------------------+------------------------------+---------------------+---------------------+--------------------------------------+--------------------------------------+-----------------------------+-----------------------------+----------------------------+----------------------------+-----------------------------+-----------------------------+--------------------+--------------------+-------------------------------------+-------------------------------------+----------------------------+----------------------------+---------------------------+---------------------------+


+--------------------------------------------------------------------------------------------------------------------------------------------------------------------------------------------------------------------------------------------------------------------------------------------------------------------------------------------------------------------------------------------------------------------------------------------------------------------------------------------------------------------------------------------------------------------------------------------------------------------------------------------------------------------------------------------------+
; Signal Integrity Metrics (Slow 1100mv 100c Model)                                                                                                                                                                                                                                                                                                                                                                                                                                                                                                                                                                                                                                                ;
+---------------------+--------------+---------------------+---------------------+------------------------------+------------------------------+---------------------+---------------------+--------------------------------------+--------------------------------------+-----------------------------+-----------------------------+----------------------------+----------------------------+-----------------------------+-----------------------------+--------------------+--------------------+-------------------------------------+-------------------------------------+----------------------------+----------------------------+---------------------------+---------------------------+
; Pin                 ; I/O Standard ; Board Delay on Rise ; Board Delay on Fall ; Steady State Voh at FPGA Pin ; Steady State Vol at FPGA Pin ; Voh Max at FPGA Pin ; Vol Min at FPGA Pin ; Ringback Voltage on Rise at FPGA Pin ; Ringback Voltage on Fall at FPGA Pin ; 10-90 Rise Time at FPGA Pin ; 90-10 Fall Time at FPGA Pin ; Monotonic Rise at FPGA Pin ; Monotonic Fall at FPGA Pin ; Steady State Voh at Far-end ; Steady State Vol at Far-end ; Voh Max at Far-end ; Vol Min at Far-end ; Ringback Voltage on Rise at Far-end ; Ringback Voltage on Fall at Far-end ; 10-90 Rise Time at Far-end ; 90-10 Fall Time at Far-end ; Monotonic Rise at Far-end ; Monotonic Fall at Far-end ;
+---------------------+--------------+---------------------+---------------------+------------------------------+------------------------------+---------------------+---------------------+--------------------------------------+--------------------------------------+-----------------------------+-----------------------------+----------------------------+----------------------------+-----------------------------+-----------------------------+--------------------+--------------------+-------------------------------------+-------------------------------------+----------------------------+----------------------------+---------------------------+---------------------------+
; led[0]              ; 3.3-V LVTTL  ; 0 s                 ; 0 s                 ; 3.08 V                       ; 3.09e-05 V                   ; 3.09 V              ; -0.0462 V           ; 0.045 V                              ; 0.085 V                              ; 5.49e-10 s                  ; 3.06e-10 s                  ; Yes                        ; Yes                        ; 3.08 V                      ; 3.09e-05 V                  ; 3.09 V             ; -0.0462 V          ; 0.045 V                             ; 0.085 V                             ; 5.49e-10 s                 ; 3.06e-10 s                 ; Yes                       ; Yes                       ;
; led[1]              ; 3.3-V LVTTL  ; 0 s                 ; 0 s                 ; 3.08 V                       ; 3.73e-05 V                   ; 3.11 V              ; -0.104 V            ; 0.101 V                              ; 0.139 V                              ; 5.54e-10 s                  ; 3.16e-10 s                  ; Yes                        ; Yes                        ; 3.08 V                      ; 3.73e-05 V                  ; 3.11 V             ; -0.104 V           ; 0.101 V                             ; 0.139 V                             ; 5.54e-10 s                 ; 3.16e-10 s                 ; Yes                       ; Yes                       ;
; led[2]              ; 3.3-V LVTTL  ; 0 s                 ; 0 s                 ; 3.08 V                       ; 3.87e-05 V                   ; 3.11 V              ; -0.0814 V           ; 0.131 V                              ; 0.136 V                              ; 5.88e-10 s                  ; 3.2e-10 s                   ; Yes                        ; Yes                        ; 3.08 V                      ; 3.87e-05 V                  ; 3.11 V             ; -0.0814 V          ; 0.131 V                             ; 0.136 V                             ; 5.88e-10 s                 ; 3.2e-10 s                  ; Yes                       ; Yes                       ;
; led[3]              ; 3.3-V LVTTL  ; 0 s                 ; 0 s                 ; 3.08 V                       ; 3.09e-05 V                   ; 3.09 V              ; -0.0462 V           ; 0.045 V                              ; 0.085 V                              ; 5.49e-10 s                  ; 3.06e-10 s                  ; Yes                        ; Yes                        ; 3.08 V                      ; 3.09e-05 V                  ; 3.09 V             ; -0.0462 V          ; 0.045 V                             ; 0.085 V                             ; 5.49e-10 s                 ; 3.06e-10 s                 ; Yes                       ; Yes                       ;
; led[4]              ; 3.3-V LVTTL  ; 0 s                 ; 0 s                 ; 3.08 V                       ; 3.73e-05 V                   ; 3.11 V              ; -0.104 V            ; 0.101 V                              ; 0.139 V                              ; 5.54e-10 s                  ; 3.16e-10 s                  ; Yes                        ; Yes                        ; 3.08 V                      ; 3.73e-05 V                  ; 3.11 V             ; -0.104 V           ; 0.101 V                             ; 0.139 V                             ; 5.54e-10 s                 ; 3.16e-10 s                 ; Yes                       ; Yes                       ;
; led[5]              ; 3.3-V LVTTL  ; 0 s                 ; 0 s                 ; 3.08 V                       ; 3.73e-05 V                   ; 3.11 V              ; -0.105 V            ; 0.101 V                              ; 0.142 V                              ; 5.54e-10 s                  ; 3.16e-10 s                  ; Yes                        ; Yes                        ; 3.08 V                      ; 3.73e-05 V                  ; 3.11 V             ; -0.105 V           ; 0.101 V                             ; 0.142 V                             ; 5.54e-10 s                 ; 3.16e-10 s                 ; Yes                       ; Yes                       ;
; led[6]              ; 3.3-V LVTTL  ; 0 s                 ; 0 s                 ; 3.08 V                       ; 3.87e-05 V                   ; 3.11 V              ; -0.0814 V           ; 0.131 V                              ; 0.136 V                              ; 5.88e-10 s                  ; 3.2e-10 s                   ; Yes                        ; Yes                        ; 3.08 V                      ; 3.87e-05 V                  ; 3.11 V             ; -0.0814 V          ; 0.131 V                             ; 0.136 V                             ; 5.88e-10 s                 ; 3.2e-10 s                  ; Yes                       ; Yes                       ;
; led[7]              ; 3.3-V LVTTL  ; 0 s                 ; 0 s                 ; 3.08 V                       ; 3.73e-05 V                   ; 3.11 V              ; -0.105 V            ; 0.101 V                              ; 0.142 V                              ; 5.54e-10 s                  ; 3.16e-10 s                  ; Yes                        ; Yes                        ; 3.08 V                      ; 3.73e-05 V                  ; 3.11 V             ; -0.105 V           ; 0.101 V                             ; 0.142 V                             ; 5.54e-10 s                 ; 3.16e-10 s                 ; Yes                       ; Yes                       ;
; resonance_detected  ; 3.3-V LVTTL  ; 0 s                 ; 0 s                 ; 3.08 V                       ; 3.73e-05 V                   ; 3.11 V              ; -0.105 V            ; 0.101 V                              ; 0.142 V                              ; 5.54e-10 s                  ; 3.16e-10 s                  ; Yes                        ; Yes                        ; 3.08 V                      ; 3.73e-05 V                  ; 3.11 V             ; -0.105 V           ; 0.101 V                             ; 0.142 V                             ; 5.54e-10 s                 ; 3.16e-10 s                 ; Yes                       ; Yes                       ;
; heartbeat           ; 3.3-V LVTTL  ; 0 s                 ; 0 s                 ; 3.08 V                       ; 3.87e-05 V                   ; 3.11 V              ; -0.0814 V           ; 0.131 V                              ; 0.136 V                              ; 5.88e-10 s                  ; 3.2e-10 s                   ; Yes                        ; Yes                        ; 3.08 V                      ; 3.87e-05 V                  ; 3.11 V             ; -0.0814 V          ; 0.131 V                             ; 0.136 V                             ; 5.88e-10 s                 ; 3.2e-10 s                  ; Yes                       ; Yes                       ;
; fuzz_out[0]         ; 3.3-V LVTTL  ; 0 s                 ; 0 s                 ; 3.08 V                       ; 3.87e-05 V                   ; 3.11 V              ; -0.0814 V           ; 0.131 V                              ; 0.136 V                              ; 5.88e-10 s                  ; 3.2e-10 s                   ; Yes                        ; Yes                        ; 3.08 V                      ; 3.87e-05 V                  ; 3.11 V             ; -0.0814 V          ; 0.131 V                             ; 0.136 V                             ; 5.88e-10 s                 ; 3.2e-10 s                  ; Yes                       ; Yes                       ;
; fuzz_out[1]         ; 3.3-V LVTTL  ; 0 s                 ; 0 s                 ; 3.08 V                       ; 3.09e-05 V                   ; 3.09 V              ; -0.0462 V           ; 0.045 V                              ; 0.085 V                              ; 5.49e-10 s                  ; 3.06e-10 s                  ; Yes                        ; Yes                        ; 3.08 V                      ; 3.09e-05 V                  ; 3.09 V             ; -0.0462 V          ; 0.045 V                             ; 0.085 V                             ; 5.49e-10 s                 ; 3.06e-10 s                 ; Yes                       ; Yes                       ;
; fuzz_out[2]         ; 3.3-V LVTTL  ; 0 s                 ; 0 s                 ; 3.08 V                       ; 3.73e-05 V                   ; 3.11 V              ; -0.104 V            ; 0.101 V                              ; 0.139 V                              ; 5.54e-10 s                  ; 3.16e-10 s                  ; Yes                        ; Yes                        ; 3.08 V                      ; 3.73e-05 V                  ; 3.11 V             ; -0.104 V           ; 0.101 V                             ; 0.139 V                             ; 5.54e-10 s                 ; 3.16e-10 s                 ; Yes                       ; Yes                       ;
; fuzz_out[3]         ; 3.3-V LVTTL  ; 0 s                 ; 0 s                 ; 3.08 V                       ; 3.73e-05 V                   ; 3.11 V              ; -0.104 V            ; 0.101 V                              ; 0.139 V                              ; 5.54e-10 s                  ; 3.16e-10 s                  ; Yes                        ; Yes                        ; 3.08 V                      ; 3.73e-05 V                  ; 3.11 V             ; -0.104 V           ; 0.101 V                             ; 0.139 V                             ; 5.54e-10 s                 ; 3.16e-10 s                 ; Yes                       ; Yes                       ;
; fuzz_out[4]         ; 3.3-V LVTTL  ; 0 s                 ; 0 s                 ; 3.08 V                       ; 3.87e-05 V                   ; 3.11 V              ; -0.0814 V           ; 0.131 V                              ; 0.136 V                              ; 5.88e-10 s                  ; 3.2e-10 s                   ; Yes                        ; Yes                        ; 3.08 V                      ; 3.87e-05 V                  ; 3.11 V             ; -0.0814 V          ; 0.131 V                             ; 0.136 V                             ; 5.88e-10 s                 ; 3.2e-10 s                  ; Yes                       ; Yes                       ;
; fuzz_out[5]         ; 3.3-V LVTTL  ; 0 s                 ; 0 s                 ; 3.08 V                       ; 3.09e-05 V                   ; 3.09 V              ; -0.0462 V           ; 0.045 V                              ; 0.085 V                              ; 5.49e-10 s                  ; 3.06e-10 s                  ; Yes                        ; Yes                        ; 3.08 V                      ; 3.09e-05 V                  ; 3.09 V             ; -0.0462 V          ; 0.045 V                             ; 0.085 V                             ; 5.49e-10 s                 ; 3.06e-10 s                 ; Yes                       ; Yes                       ;
; fuzz_out[6]         ; 3.3-V LVTTL  ; 0 s                 ; 0 s                 ; 3.08 V                       ; 3.73e-05 V                   ; 3.11 V              ; -0.104 V            ; 0.101 V                              ; 0.139 V                              ; 5.54e-10 s                  ; 3.16e-10 s                  ; Yes                        ; Yes                        ; 3.08 V                      ; 3.73e-05 V                  ; 3.11 V             ; -0.104 V           ; 0.101 V                             ; 0.139 V                             ; 5.54e-10 s                 ; 3.16e-10 s                 ; Yes                       ; Yes                       ;
; fuzz_out[7]         ; 3.3-V LVTTL  ; 0 s                 ; 0 s                 ; 3.08 V                       ; 3.73e-05 V                   ; 3.11 V              ; -0.105 V            ; 0.101 V                              ; 0.142 V                              ; 5.54e-10 s                  ; 3.16e-10 s                  ; Yes                        ; Yes                        ; 3.08 V                      ; 3.73e-05 V                  ; 3.11 V             ; -0.105 V           ; 0.101 V                             ; 0.142 V                             ; 5.54e-10 s                 ; 3.16e-10 s                 ; Yes                       ; Yes                       ;
; fuzz_out[8]         ; 3.3-V LVTTL  ; 0 s                 ; 0 s                 ; 3.08 V                       ; 3.73e-05 V                   ; 3.11 V              ; -0.104 V            ; 0.101 V                              ; 0.139 V                              ; 5.54e-10 s                  ; 3.16e-10 s                  ; Yes                        ; Yes                        ; 3.08 V                      ; 3.73e-05 V                  ; 3.11 V             ; -0.104 V           ; 0.101 V                             ; 0.139 V                             ; 5.54e-10 s                 ; 3.16e-10 s                 ; Yes                       ; Yes                       ;
; fuzz_out[9]         ; 3.3-V LVTTL  ; 0 s                 ; 0 s                 ; 3.08 V                       ; 3.73e-05 V                   ; 3.11 V              ; -0.104 V            ; 0.101 V                              ; 0.139 V                              ; 5.54e-10 s                  ; 3.16e-10 s                  ; Yes                        ; Yes                        ; 3.08 V                      ; 3.73e-05 V                  ; 3.11 V             ; -0.104 V           ; 0.101 V                             ; 0.139 V                             ; 5.54e-10 s                 ; 3.16e-10 s                 ; Yes                       ; Yes                       ;
; fuzz_out[10]        ; 3.3-V LVTTL  ; 0 s                 ; 0 s                 ; 3.08 V                       ; 3.73e-05 V                   ; 3.11 V              ; -0.105 V            ; 0.101 V                              ; 0.142 V                              ; 5.54e-10 s                  ; 3.16e-10 s                  ; Yes                        ; Yes                        ; 3.08 V                      ; 3.73e-05 V                  ; 3.11 V             ; -0.105 V           ; 0.101 V                             ; 0.142 V                             ; 5.54e-10 s                 ; 3.16e-10 s                 ; Yes                       ; Yes                       ;
; fuzz_out[11]        ; 3.3-V LVTTL  ; 0 s                 ; 0 s                 ; 3.08 V                       ; 3.87e-05 V                   ; 3.11 V              ; -0.0814 V           ; 0.131 V                              ; 0.136 V                              ; 5.88e-10 s                  ; 3.2e-10 s                   ; Yes                        ; Yes                        ; 3.08 V                      ; 3.87e-05 V                  ; 3.11 V             ; -0.0814 V          ; 0.131 V                             ; 0.136 V                             ; 5.88e-10 s                 ; 3.2e-10 s                  ; Yes                       ; Yes                       ;
; fuzz_out[12]        ; 3.3-V LVTTL  ; 0 s                 ; 0 s                 ; 3.08 V                       ; 3.09e-05 V                   ; 3.09 V              ; -0.0462 V           ; 0.045 V                              ; 0.085 V                              ; 5.49e-10 s                  ; 3.06e-10 s                  ; Yes                        ; Yes                        ; 3.08 V                      ; 3.09e-05 V                  ; 3.09 V             ; -0.0462 V          ; 0.045 V                             ; 0.085 V                             ; 5.49e-10 s                 ; 3.06e-10 s                 ; Yes                       ; Yes                       ;
; fuzz_out[13]        ; 3.3-V LVTTL  ; 0 s                 ; 0 s                 ; 3.08 V                       ; 3.09e-05 V                   ; 3.09 V              ; -0.0462 V           ; 0.045 V                              ; 0.085 V                              ; 5.49e-10 s                  ; 3.06e-10 s                  ; Yes                        ; Yes                        ; 3.08 V                      ; 3.09e-05 V                  ; 3.09 V             ; -0.0462 V          ; 0.045 V                             ; 0.085 V                             ; 5.49e-10 s                 ; 3.06e-10 s                 ; Yes                       ; Yes                       ;
; fuzz_out[14]        ; 3.3-V LVTTL  ; 0 s                 ; 0 s                 ; 3.08 V                       ; 3.73e-05 V                   ; 3.11 V              ; -0.105 V            ; 0.101 V                              ; 0.142 V                              ; 5.54e-10 s                  ; 3.16e-10 s                  ; Yes                        ; Yes                        ; 3.08 V                      ; 3.73e-05 V                  ; 3.11 V             ; -0.105 V           ; 0.101 V                             ; 0.142 V                             ; 5.54e-10 s                 ; 3.16e-10 s                 ; Yes                       ; Yes                       ;
; fuzz_out[15]        ; 3.3-V LVTTL  ; 0 s                 ; 0 s                 ; 3.08 V                       ; 3.09e-05 V                   ; 3.09 V              ; -0.0462 V           ; 0.045 V                              ; 0.085 V                              ; 5.49e-10 s                  ; 3.06e-10 s                  ; Yes                        ; Yes                        ; 3.08 V                      ; 3.09e-05 V                  ; 3.09 V             ; -0.0462 V          ; 0.045 V                             ; 0.085 V                             ; 5.49e-10 s                 ; 3.06e-10 s                 ; Yes                       ; Yes                       ;
; fuzz_out[16]        ; 3.3-V LVTTL  ; 0 s                 ; 0 s                 ; 3.08 V                       ; 3.87e-05 V                   ; 3.11 V              ; -0.0814 V           ; 0.131 V                              ; 0.136 V                              ; 5.88e-10 s                  ; 3.2e-10 s                   ; Yes                        ; Yes                        ; 3.08 V                      ; 3.87e-05 V                  ; 3.11 V             ; -0.0814 V          ; 0.131 V                             ; 0.136 V                             ; 5.88e-10 s                 ; 3.2e-10 s                  ; Yes                       ; Yes                       ;
; fuzz_out[17]        ; 3.3-V LVTTL  ; 0 s                 ; 0 s                 ; 3.08 V                       ; 3.87e-05 V                   ; 3.11 V              ; -0.0814 V           ; 0.131 V                              ; 0.136 V                              ; 5.88e-10 s                  ; 3.2e-10 s                   ; Yes                        ; Yes                        ; 3.08 V                      ; 3.87e-05 V                  ; 3.11 V             ; -0.0814 V          ; 0.131 V                             ; 0.136 V                             ; 5.88e-10 s                 ; 3.2e-10 s                  ; Yes                       ; Yes                       ;
; fuzz_out[18]        ; 3.3-V LVTTL  ; 0 s                 ; 0 s                 ; 3.08 V                       ; 3.09e-05 V                   ; 3.09 V              ; -0.0462 V           ; 0.045 V                              ; 0.085 V                              ; 5.49e-10 s                  ; 3.06e-10 s                  ; Yes                        ; Yes                        ; 3.08 V                      ; 3.09e-05 V                  ; 3.09 V             ; -0.0462 V          ; 0.045 V                             ; 0.085 V                             ; 5.49e-10 s                 ; 3.06e-10 s                 ; Yes                       ; Yes                       ;
; fuzz_out[19]        ; 3.3-V LVTTL  ; 0 s                 ; 0 s                 ; 3.08 V                       ; 3.87e-05 V                   ; 3.11 V              ; -0.0814 V           ; 0.131 V                              ; 0.136 V                              ; 5.88e-10 s                  ; 3.2e-10 s                   ; Yes                        ; Yes                        ; 3.08 V                      ; 3.87e-05 V                  ; 3.11 V             ; -0.0814 V          ; 0.131 V                             ; 0.136 V                             ; 5.88e-10 s                 ; 3.2e-10 s                  ; Yes                       ; Yes                       ;
; fuzz_out[20]        ; 3.3-V LVTTL  ; 0 s                 ; 0 s                 ; 3.08 V                       ; 3.87e-05 V                   ; 3.11 V              ; -0.0814 V           ; 0.131 V                              ; 0.136 V                              ; 5.88e-10 s                  ; 3.2e-10 s                   ; Yes                        ; Yes                        ; 3.08 V                      ; 3.87e-05 V                  ; 3.11 V             ; -0.0814 V          ; 0.131 V                             ; 0.136 V                             ; 5.88e-10 s                 ; 3.2e-10 s                  ; Yes                       ; Yes                       ;
; fuzz_out[21]        ; 3.3-V LVTTL  ; 0 s                 ; 0 s                 ; 3.08 V                       ; 3.73e-05 V                   ; 3.11 V              ; -0.104 V            ; 0.101 V                              ; 0.139 V                              ; 5.54e-10 s                  ; 3.16e-10 s                  ; Yes                        ; Yes                        ; 3.08 V                      ; 3.73e-05 V                  ; 3.11 V             ; -0.104 V           ; 0.101 V                             ; 0.139 V                             ; 5.54e-10 s                 ; 3.16e-10 s                 ; Yes                       ; Yes                       ;
; fuzz_out[22]        ; 3.3-V LVTTL  ; 0 s                 ; 0 s                 ; 3.08 V                       ; 3.73e-05 V                   ; 3.11 V              ; -0.105 V            ; 0.101 V                              ; 0.142 V                              ; 5.54e-10 s                  ; 3.16e-10 s                  ; Yes                        ; Yes                        ; 3.08 V                      ; 3.73e-05 V                  ; 3.11 V             ; -0.105 V           ; 0.101 V                             ; 0.142 V                             ; 5.54e-10 s                 ; 3.16e-10 s                 ; Yes                       ; Yes                       ;
; fuzz_out[23]        ; 3.3-V LVTTL  ; 0 s                 ; 0 s                 ; 3.08 V                       ; 3.73e-05 V                   ; 3.11 V              ; -0.105 V            ; 0.101 V                              ; 0.142 V                              ; 5.54e-10 s                  ; 3.16e-10 s                  ; Yes                        ; Yes                        ; 3.08 V                      ; 3.73e-05 V                  ; 3.11 V             ; -0.105 V           ; 0.101 V                             ; 0.142 V                             ; 5.54e-10 s                 ; 3.16e-10 s                 ; Yes                       ; Yes                       ;
; fuzz_out[24]        ; 3.3-V LVTTL  ; 0 s                 ; 0 s                 ; 3.08 V                       ; 3.73e-05 V                   ; 3.11 V              ; -0.104 V            ; 0.101 V                              ; 0.139 V                              ; 5.54e-10 s                  ; 3.16e-10 s                  ; Yes                        ; Yes                        ; 3.08 V                      ; 3.73e-05 V                  ; 3.11 V             ; -0.104 V           ; 0.101 V                             ; 0.139 V                             ; 5.54e-10 s                 ; 3.16e-10 s                 ; Yes                       ; Yes                       ;
; fuzz_out[25]        ; 3.3-V LVTTL  ; 0 s                 ; 0 s                 ; 3.08 V                       ; 3.73e-05 V                   ; 3.11 V              ; -0.104 V            ; 0.101 V                              ; 0.139 V                              ; 5.54e-10 s                  ; 3.16e-10 s                  ; Yes                        ; Yes                        ; 3.08 V                      ; 3.73e-05 V                  ; 3.11 V             ; -0.104 V           ; 0.101 V                             ; 0.139 V                             ; 5.54e-10 s                 ; 3.16e-10 s                 ; Yes                       ; Yes                       ;
; fuzz_out[26]        ; 3.3-V LVTTL  ; 0 s                 ; 0 s                 ; 3.08 V                       ; 3.87e-05 V                   ; 3.11 V              ; -0.0814 V           ; 0.131 V                              ; 0.136 V                              ; 5.88e-10 s                  ; 3.2e-10 s                   ; Yes                        ; Yes                        ; 3.08 V                      ; 3.87e-05 V                  ; 3.11 V             ; -0.0814 V          ; 0.131 V                             ; 0.136 V                             ; 5.88e-10 s                 ; 3.2e-10 s                  ; Yes                       ; Yes                       ;
; fuzz_out[27]        ; 3.3-V LVTTL  ; 0 s                 ; 0 s                 ; 3.08 V                       ; 3.73e-05 V                   ; 3.11 V              ; -0.105 V            ; 0.101 V                              ; 0.142 V                              ; 5.54e-10 s                  ; 3.16e-10 s                  ; Yes                        ; Yes                        ; 3.08 V                      ; 3.73e-05 V                  ; 3.11 V             ; -0.105 V           ; 0.101 V                             ; 0.142 V                             ; 5.54e-10 s                 ; 3.16e-10 s                 ; Yes                       ; Yes                       ;
; fuzz_out[28]        ; 3.3-V LVTTL  ; 0 s                 ; 0 s                 ; 3.08 V                       ; 3.73e-05 V                   ; 3.11 V              ; -0.104 V            ; 0.101 V                              ; 0.139 V                              ; 5.54e-10 s                  ; 3.16e-10 s                  ; Yes                        ; Yes                        ; 3.08 V                      ; 3.73e-05 V                  ; 3.11 V             ; -0.104 V           ; 0.101 V                             ; 0.139 V                             ; 5.54e-10 s                 ; 3.16e-10 s                 ; Yes                       ; Yes                       ;
; fuzz_out[29]        ; 3.3-V LVTTL  ; 0 s                 ; 0 s                 ; 3.08 V                       ; 3.09e-05 V                   ; 3.09 V              ; -0.0462 V           ; 0.045 V                              ; 0.085 V                              ; 5.49e-10 s                  ; 3.06e-10 s                  ; Yes                        ; Yes                        ; 3.08 V                      ; 3.09e-05 V                  ; 3.09 V             ; -0.0462 V          ; 0.045 V                             ; 0.085 V                             ; 5.49e-10 s                 ; 3.06e-10 s                 ; Yes                       ; Yes                       ;
; fuzz_out[30]        ; 3.3-V LVTTL  ; 0 s                 ; 0 s                 ; 3.08 V                       ; 3.09e-05 V                   ; 3.09 V              ; -0.0462 V           ; 0.045 V                              ; 0.085 V                              ; 5.49e-10 s                  ; 3.06e-10 s                  ; Yes                        ; Yes                        ; 3.08 V                      ; 3.09e-05 V                  ; 3.09 V             ; -0.0462 V          ; 0.045 V                             ; 0.085 V                             ; 5.49e-10 s                 ; 3.06e-10 s                 ; Yes                       ; Yes                       ;
; fuzz_out[31]        ; 3.3-V LVTTL  ; 0 s                 ; 0 s                 ; 3.08 V                       ; 3.73e-05 V                   ; 3.11 V              ; -0.104 V            ; 0.101 V                              ; 0.139 V                              ; 5.54e-10 s                  ; 3.16e-10 s                  ; Yes                        ; Yes                        ; 3.08 V                      ; 3.73e-05 V                  ; 3.11 V             ; -0.104 V           ; 0.101 V                             ; 0.139 V                             ; 5.54e-10 s                 ; 3.16e-10 s                 ; Yes                       ; Yes                       ;
; altera_reserved_tdo ; 3.3-V LVTTL  ; 0 s                 ; 0 s                 ; 3.08 V                       ; 5.15e-05 V                   ; 3.12 V              ; -0.037 V            ; 0.165 V                              ; 0.109 V                              ; 7.77e-10 s                  ; 4.14e-10 s                  ; No                         ; Yes                        ; 3.08 V                      ; 5.15e-05 V                  ; 3.12 V             ; -0.037 V           ; 0.165 V                             ; 0.109 V                             ; 7.77e-10 s                 ; 4.14e-10 s                 ; No                        ; Yes                       ;
+---------------------+--------------+---------------------+---------------------+------------------------------+------------------------------+---------------------+---------------------+--------------------------------------+--------------------------------------+-----------------------------+-----------------------------+----------------------------+----------------------------+-----------------------------+-----------------------------+--------------------+--------------------+-------------------------------------+-------------------------------------+----------------------------+----------------------------+---------------------------+---------------------------+


+--------------------------------------------------------------------------------------------------------------------------------------------------------------------------------------------------------------------------------------------------------------------------------------------------------------------------------------------------------------------------------------------------------------------------------------------------------------------------------------------------------------------------------------------------------------------------------------------------------------------------------------------------------------------------------------------------+
; Signal Integrity Metrics (Fast 1100mv n40c Model)                                                                                                                                                                                                                                                                                                                                                                                                                                                                                                                                                                                                                                                ;
+---------------------+--------------+---------------------+---------------------+------------------------------+------------------------------+---------------------+---------------------+--------------------------------------+--------------------------------------+-----------------------------+-----------------------------+----------------------------+----------------------------+-----------------------------+-----------------------------+--------------------+--------------------+-------------------------------------+-------------------------------------+----------------------------+----------------------------+---------------------------+---------------------------+
; Pin                 ; I/O Standard ; Board Delay on Rise ; Board Delay on Fall ; Steady State Voh at FPGA Pin ; Steady State Vol at FPGA Pin ; Voh Max at FPGA Pin ; Vol Min at FPGA Pin ; Ringback Voltage on Rise at FPGA Pin ; Ringback Voltage on Fall at FPGA Pin ; 10-90 Rise Time at FPGA Pin ; 90-10 Fall Time at FPGA Pin ; Monotonic Rise at FPGA Pin ; Monotonic Fall at FPGA Pin ; Steady State Voh at Far-end ; Steady State Vol at Far-end ; Voh Max at Far-end ; Vol Min at Far-end ; Ringback Voltage on Rise at Far-end ; Ringback Voltage on Fall at Far-end ; 10-90 Rise Time at Far-end ; 90-10 Fall Time at Far-end ; Monotonic Rise at Far-end ; Monotonic Fall at Far-end ;
+---------------------+--------------+---------------------+---------------------+------------------------------+------------------------------+---------------------+---------------------+--------------------------------------+--------------------------------------+-----------------------------+-----------------------------+----------------------------+----------------------------+-----------------------------+-----------------------------+--------------------+--------------------+-------------------------------------+-------------------------------------+----------------------------+----------------------------+---------------------------+---------------------------+
; led[0]              ; 3.3-V LVTTL  ; 0 s                 ; 0 s                 ; 3.63 V                       ; 3.38e-07 V                   ; 3.67 V              ; -0.403 V            ; 0.084 V                              ; 0.542 V                              ; 3.5e-10 s                   ; 1.32e-10 s                  ; Yes                        ; No                         ; 3.63 V                      ; 3.38e-07 V                  ; 3.67 V             ; -0.403 V           ; 0.084 V                             ; 0.542 V                             ; 3.5e-10 s                  ; 1.32e-10 s                 ; Yes                       ; No                        ;
; led[1]              ; 3.3-V LVTTL  ; 0 s                 ; 0 s                 ; 3.63 V                       ; 4.42e-07 V                   ; 3.75 V              ; -0.588 V            ; 0.329 V                              ; 0.704 V                              ; 2.77e-10 s                  ; 1.3e-10 s                   ; Yes                        ; No                         ; 3.63 V                      ; 4.42e-07 V                  ; 3.75 V             ; -0.588 V           ; 0.329 V                             ; 0.704 V                             ; 2.77e-10 s                 ; 1.3e-10 s                  ; Yes                       ; No                        ;
; led[2]              ; 3.3-V LVTTL  ; 0 s                 ; 0 s                 ; 3.63 V                       ; 4.64e-07 V                   ; 3.74 V              ; -0.508 V            ; 0.391 V                              ; 0.647 V                              ; 3.08e-10 s                  ; 1.34e-10 s                  ; No                         ; No                         ; 3.63 V                      ; 4.64e-07 V                  ; 3.74 V             ; -0.508 V           ; 0.391 V                             ; 0.647 V                             ; 3.08e-10 s                 ; 1.34e-10 s                 ; No                        ; No                        ;
; led[3]              ; 3.3-V LVTTL  ; 0 s                 ; 0 s                 ; 3.63 V                       ; 3.38e-07 V                   ; 3.67 V              ; -0.403 V            ; 0.084 V                              ; 0.542 V                              ; 3.5e-10 s                   ; 1.32e-10 s                  ; Yes                        ; No                         ; 3.63 V                      ; 3.38e-07 V                  ; 3.67 V             ; -0.403 V           ; 0.084 V                             ; 0.542 V                             ; 3.5e-10 s                  ; 1.32e-10 s                 ; Yes                       ; No                        ;
; led[4]              ; 3.3-V LVTTL  ; 0 s                 ; 0 s                 ; 3.63 V                       ; 4.42e-07 V                   ; 3.75 V              ; -0.588 V            ; 0.329 V                              ; 0.704 V                              ; 2.77e-10 s                  ; 1.3e-10 s                   ; Yes                        ; No                         ; 3.63 V                      ; 4.42e-07 V                  ; 3.75 V             ; -0.588 V           ; 0.329 V                             ; 0.704 V                             ; 2.77e-10 s                 ; 1.3e-10 s                  ; Yes                       ; No                        ;
; led[5]              ; 3.3-V LVTTL  ; 0 s                 ; 0 s                 ; 3.63 V                       ; 4.42e-07 V                   ; 3.75 V              ; -0.589 V            ; 0.329 V                              ; 0.706 V                              ; 2.77e-10 s                  ; 1.3e-10 s                   ; Yes                        ; No                         ; 3.63 V                      ; 4.42e-07 V                  ; 3.75 V             ; -0.589 V           ; 0.329 V                             ; 0.706 V                             ; 2.77e-10 s                 ; 1.3e-10 s                  ; Yes                       ; No                        ;
; led[6]              ; 3.3-V LVTTL  ; 0 s                 ; 0 s                 ; 3.63 V                       ; 4.64e-07 V                   ; 3.74 V              ; -0.508 V            ; 0.391 V                              ; 0.647 V                              ; 3.08e-10 s                  ; 1.34e-10 s                  ; No                         ; No                         ; 3.63 V                      ; 4.64e-07 V                  ; 3.74 V             ; -0.508 V           ; 0.391 V                             ; 0.647 V                             ; 3.08e-10 s                 ; 1.34e-10 s                 ; No                        ; No                        ;
; led[7]              ; 3.3-V LVTTL  ; 0 s                 ; 0 s                 ; 3.63 V                       ; 4.42e-07 V                   ; 3.75 V              ; -0.589 V            ; 0.329 V                              ; 0.706 V                              ; 2.77e-10 s                  ; 1.3e-10 s                   ; Yes                        ; No                         ; 3.63 V                      ; 4.42e-07 V                  ; 3.75 V             ; -0.589 V           ; 0.329 V                             ; 0.706 V                             ; 2.77e-10 s                 ; 1.3e-10 s                  ; Yes                       ; No                        ;
; resonance_detected  ; 3.3-V LVTTL  ; 0 s                 ; 0 s                 ; 3.63 V                       ; 4.42e-07 V                   ; 3.75 V              ; -0.589 V            ; 0.329 V                              ; 0.706 V                              ; 2.77e-10 s                  ; 1.3e-10 s                   ; Yes                        ; No                         ; 3.63 V                      ; 4.42e-07 V                  ; 3.75 V             ; -0.589 V           ; 0.329 V                             ; 0.706 V                             ; 2.77e-10 s                 ; 1.3e-10 s                  ; Yes                       ; No                        ;
; heartbeat           ; 3.3-V LVTTL  ; 0 s                 ; 0 s                 ; 3.63 V                       ; 4.64e-07 V                   ; 3.74 V              ; -0.508 V            ; 0.391 V                              ; 0.647 V                              ; 3.08e-10 s                  ; 1.34e-10 s                  ; No                         ; No                         ; 3.63 V                      ; 4.64e-07 V                  ; 3.74 V             ; -0.508 V           ; 0.391 V                             ; 0.647 V                             ; 3.08e-10 s                 ; 1.34e-10 s                 ; No                        ; No                        ;
; fuzz_out[0]         ; 3.3-V LVTTL  ; 0 s                 ; 0 s                 ; 3.63 V                       ; 4.64e-07 V                   ; 3.74 V              ; -0.508 V            ; 0.391 V                              ; 0.647 V                              ; 3.08e-10 s                  ; 1.34e-10 s                  ; No                         ; No                         ; 3.63 V                      ; 4.64e-07 V                  ; 3.74 V             ; -0.508 V           ; 0.391 V                             ; 0.647 V                             ; 3.08e-10 s                 ; 1.34e-10 s                 ; No                        ; No                        ;
; fuzz_out[1]         ; 3.3-V LVTTL  ; 0 s                 ; 0 s                 ; 3.63 V                       ; 3.38e-07 V                   ; 3.67 V              ; -0.403 V            ; 0.084 V                              ; 0.542 V                              ; 3.5e-10 s                   ; 1.32e-10 s                  ; Yes                        ; No                         ; 3.63 V                      ; 3.38e-07 V                  ; 3.67 V             ; -0.403 V           ; 0.084 V                             ; 0.542 V                             ; 3.5e-10 s                  ; 1.32e-10 s                 ; Yes                       ; No                        ;
; fuzz_out[2]         ; 3.3-V LVTTL  ; 0 s                 ; 0 s                 ; 3.63 V                       ; 4.42e-07 V                   ; 3.75 V              ; -0.588 V            ; 0.329 V                              ; 0.704 V                              ; 2.77e-10 s                  ; 1.3e-10 s                   ; Yes                        ; No                         ; 3.63 V                      ; 4.42e-07 V                  ; 3.75 V             ; -0.588 V           ; 0.329 V                             ; 0.704 V                             ; 2.77e-10 s                 ; 1.3e-10 s                  ; Yes                       ; No                        ;
; fuzz_out[3]         ; 3.3-V LVTTL  ; 0 s                 ; 0 s                 ; 3.63 V                       ; 4.42e-07 V                   ; 3.75 V              ; -0.588 V            ; 0.329 V                              ; 0.704 V                              ; 2.77e-10 s                  ; 1.3e-10 s                   ; Yes                        ; No                         ; 3.63 V                      ; 4.42e-07 V                  ; 3.75 V             ; -0.588 V           ; 0.329 V                             ; 0.704 V                             ; 2.77e-10 s                 ; 1.3e-10 s                  ; Yes                       ; No                        ;
; fuzz_out[4]         ; 3.3-V LVTTL  ; 0 s                 ; 0 s                 ; 3.63 V                       ; 4.64e-07 V                   ; 3.74 V              ; -0.508 V            ; 0.391 V                              ; 0.647 V                              ; 3.08e-10 s                  ; 1.34e-10 s                  ; No                         ; No                         ; 3.63 V                      ; 4.64e-07 V                  ; 3.74 V             ; -0.508 V           ; 0.391 V                             ; 0.647 V                             ; 3.08e-10 s                 ; 1.34e-10 s                 ; No                        ; No                        ;
; fuzz_out[5]         ; 3.3-V LVTTL  ; 0 s                 ; 0 s                 ; 3.63 V                       ; 3.38e-07 V                   ; 3.67 V              ; -0.403 V            ; 0.084 V                              ; 0.542 V                              ; 3.5e-10 s                   ; 1.32e-10 s                  ; Yes                        ; No                         ; 3.63 V                      ; 3.38e-07 V                  ; 3.67 V             ; -0.403 V           ; 0.084 V                             ; 0.542 V                             ; 3.5e-10 s                  ; 1.32e-10 s                 ; Yes                       ; No                        ;
; fuzz_out[6]         ; 3.3-V LVTTL  ; 0 s                 ; 0 s                 ; 3.63 V                       ; 4.42e-07 V                   ; 3.75 V              ; -0.588 V            ; 0.329 V                              ; 0.704 V                              ; 2.77e-10 s                  ; 1.3e-10 s                   ; Yes                        ; No                         ; 3.63 V                      ; 4.42e-07 V                  ; 3.75 V             ; -0.588 V           ; 0.329 V                             ; 0.704 V                             ; 2.77e-10 s                 ; 1.3e-10 s                  ; Yes                       ; No                        ;
; fuzz_out[7]         ; 3.3-V LVTTL  ; 0 s                 ; 0 s                 ; 3.63 V                       ; 4.42e-07 V                   ; 3.75 V              ; -0.589 V            ; 0.329 V                              ; 0.706 V                              ; 2.77e-10 s                  ; 1.3e-10 s                   ; Yes                        ; No                         ; 3.63 V                      ; 4.42e-07 V                  ; 3.75 V             ; -0.589 V           ; 0.329 V                             ; 0.706 V                             ; 2.77e-10 s                 ; 1.3e-10 s                  ; Yes                       ; No                        ;
; fuzz_out[8]         ; 3.3-V LVTTL  ; 0 s                 ; 0 s                 ; 3.63 V                       ; 4.42e-07 V                   ; 3.75 V              ; -0.588 V            ; 0.329 V                              ; 0.704 V                              ; 2.77e-10 s                  ; 1.3e-10 s                   ; Yes                        ; No                         ; 3.63 V                      ; 4.42e-07 V                  ; 3.75 V             ; -0.588 V           ; 0.329 V                             ; 0.704 V                             ; 2.77e-10 s                 ; 1.3e-10 s                  ; Yes                       ; No                        ;
; fuzz_out[9]         ; 3.3-V LVTTL  ; 0 s                 ; 0 s                 ; 3.63 V                       ; 4.42e-07 V                   ; 3.75 V              ; -0.588 V            ; 0.329 V                              ; 0.704 V                              ; 2.77e-10 s                  ; 1.3e-10 s                   ; Yes                        ; No                         ; 3.63 V                      ; 4.42e-07 V                  ; 3.75 V             ; -0.588 V           ; 0.329 V                             ; 0.704 V                             ; 2.77e-10 s                 ; 1.3e-10 s                  ; Yes                       ; No                        ;
; fuzz_out[10]        ; 3.3-V LVTTL  ; 0 s                 ; 0 s                 ; 3.63 V                       ; 4.42e-07 V                   ; 3.75 V              ; -0.589 V            ; 0.329 V                              ; 0.706 V                              ; 2.77e-10 s                  ; 1.3e-10 s                   ; Yes                        ; No                         ; 3.63 V                      ; 4.42e-07 V                  ; 3.75 V             ; -0.589 V           ; 0.329 V                             ; 0.706 V                             ; 2.77e-10 s                 ; 1.3e-10 s                  ; Yes                       ; No                        ;
; fuzz_out[11]        ; 3.3-V LVTTL  ; 0 s                 ; 0 s                 ; 3.63 V                       ; 4.64e-07 V                   ; 3.74 V              ; -0.508 V            ; 0.391 V                              ; 0.647 V                              ; 3.08e-10 s                  ; 1.34e-10 s                  ; No                         ; No                         ; 3.63 V                      ; 4.64e-07 V                  ; 3.74 V             ; -0.508 V           ; 0.391 V                             ; 0.647 V                             ; 3.08e-10 s                 ; 1.34e-10 s                 ; No                        ; No                        ;
; fuzz_out[12]        ; 3.3-V LVTTL  ; 0 s                 ; 0 s                 ; 3.63 V                       ; 3.38e-07 V                   ; 3.67 V              ; -0.403 V            ; 0.084 V                              ; 0.542 V                              ; 3.5e-10 s                   ; 1.32e-10 s                  ; Yes                        ; No                         ; 3.63 V                      ; 3.38e-07 V                  ; 3.67 V             ; -0.403 V           ; 0.084 V                             ; 0.542 V                             ; 3.5e-10 s                  ; 1.32e-10 s                 ; Yes                       ; No                        ;
; fuzz_out[13]        ; 3.3-V LVTTL  ; 0 s                 ; 0 s                 ; 3.63 V                       ; 3.38e-07 V                   ; 3.67 V              ; -0.403 V            ; 0.084 V                              ; 0.542 V                              ; 3.5e-10 s                   ; 1.32e-10 s                  ; Yes                        ; No                         ; 3.63 V                      ; 3.38e-07 V                  ; 3.67 V             ; -0.403 V           ; 0.084 V                             ; 0.542 V                             ; 3.5e-10 s                  ; 1.32e-10 s                 ; Yes                       ; No                        ;
; fuzz_out[14]        ; 3.3-V LVTTL  ; 0 s                 ; 0 s                 ; 3.63 V                       ; 4.42e-07 V                   ; 3.75 V              ; -0.589 V            ; 0.329 V                              ; 0.706 V                              ; 2.77e-10 s                  ; 1.3e-10 s                   ; Yes                        ; No                         ; 3.63 V                      ; 4.42e-07 V                  ; 3.75 V             ; -0.589 V           ; 0.329 V                             ; 0.706 V                             ; 2.77e-10 s                 ; 1.3e-10 s                  ; Yes                       ; No                        ;
; fuzz_out[15]        ; 3.3-V LVTTL  ; 0 s                 ; 0 s                 ; 3.63 V                       ; 3.38e-07 V                   ; 3.67 V              ; -0.403 V            ; 0.084 V                              ; 0.542 V                              ; 3.5e-10 s                   ; 1.32e-10 s                  ; Yes                        ; No                         ; 3.63 V                      ; 3.38e-07 V                  ; 3.67 V             ; -0.403 V           ; 0.084 V                             ; 0.542 V                             ; 3.5e-10 s                  ; 1.32e-10 s                 ; Yes                       ; No                        ;
; fuzz_out[16]        ; 3.3-V LVTTL  ; 0 s                 ; 0 s                 ; 3.63 V                       ; 4.64e-07 V                   ; 3.74 V              ; -0.508 V            ; 0.391 V                              ; 0.647 V                              ; 3.08e-10 s                  ; 1.34e-10 s                  ; No                         ; No                         ; 3.63 V                      ; 4.64e-07 V                  ; 3.74 V             ; -0.508 V           ; 0.391 V                             ; 0.647 V                             ; 3.08e-10 s                 ; 1.34e-10 s                 ; No                        ; No                        ;
; fuzz_out[17]        ; 3.3-V LVTTL  ; 0 s                 ; 0 s                 ; 3.63 V                       ; 4.64e-07 V                   ; 3.74 V              ; -0.508 V            ; 0.391 V                              ; 0.647 V                              ; 3.08e-10 s                  ; 1.34e-10 s                  ; No                         ; No                         ; 3.63 V                      ; 4.64e-07 V                  ; 3.74 V             ; -0.508 V           ; 0.391 V                             ; 0.647 V                             ; 3.08e-10 s                 ; 1.34e-10 s                 ; No                        ; No                        ;
; fuzz_out[18]        ; 3.3-V LVTTL  ; 0 s                 ; 0 s                 ; 3.63 V                       ; 3.38e-07 V                   ; 3.67 V              ; -0.403 V            ; 0.084 V                              ; 0.542 V                              ; 3.5e-10 s                   ; 1.32e-10 s                  ; Yes                        ; No                         ; 3.63 V                      ; 3.38e-07 V                  ; 3.67 V             ; -0.403 V           ; 0.084 V                             ; 0.542 V                             ; 3.5e-10 s                  ; 1.32e-10 s                 ; Yes                       ; No                        ;
; fuzz_out[19]        ; 3.3-V LVTTL  ; 0 s                 ; 0 s                 ; 3.63 V                       ; 4.64e-07 V                   ; 3.74 V              ; -0.508 V            ; 0.391 V                              ; 0.647 V                              ; 3.08e-10 s                  ; 1.34e-10 s                  ; No                         ; No                         ; 3.63 V                      ; 4.64e-07 V                  ; 3.74 V             ; -0.508 V           ; 0.391 V                             ; 0.647 V                             ; 3.08e-10 s                 ; 1.34e-10 s                 ; No                        ; No                        ;
; fuzz_out[20]        ; 3.3-V LVTTL  ; 0 s                 ; 0 s                 ; 3.63 V                       ; 4.64e-07 V                   ; 3.74 V              ; -0.508 V            ; 0.391 V                              ; 0.647 V                              ; 3.08e-10 s                  ; 1.34e-10 s                  ; No                         ; No                         ; 3.63 V                      ; 4.64e-07 V                  ; 3.74 V             ; -0.508 V           ; 0.391 V                             ; 0.647 V                             ; 3.08e-10 s                 ; 1.34e-10 s                 ; No                        ; No                        ;
; fuzz_out[21]        ; 3.3-V LVTTL  ; 0 s                 ; 0 s                 ; 3.63 V                       ; 4.42e-07 V                   ; 3.75 V              ; -0.588 V            ; 0.329 V                              ; 0.704 V                              ; 2.77e-10 s                  ; 1.3e-10 s                   ; Yes                        ; No                         ; 3.63 V                      ; 4.42e-07 V                  ; 3.75 V             ; -0.588 V           ; 0.329 V                             ; 0.704 V                             ; 2.77e-10 s                 ; 1.3e-10 s                  ; Yes                       ; No                        ;
; fuzz_out[22]        ; 3.3-V LVTTL  ; 0 s                 ; 0 s                 ; 3.63 V                       ; 4.42e-07 V                   ; 3.75 V              ; -0.589 V            ; 0.329 V                              ; 0.706 V                              ; 2.77e-10 s                  ; 1.3e-10 s                   ; Yes                        ; No                         ; 3.63 V                      ; 4.42e-07 V                  ; 3.75 V             ; -0.589 V           ; 0.329 V                             ; 0.706 V                             ; 2.77e-10 s                 ; 1.3e-10 s                  ; Yes                       ; No                        ;
; fuzz_out[23]        ; 3.3-V LVTTL  ; 0 s                 ; 0 s                 ; 3.63 V                       ; 4.42e-07 V                   ; 3.75 V              ; -0.589 V            ; 0.329 V                              ; 0.706 V                              ; 2.77e-10 s                  ; 1.3e-10 s                   ; Yes                        ; No                         ; 3.63 V                      ; 4.42e-07 V                  ; 3.75 V             ; -0.589 V           ; 0.329 V                             ; 0.706 V                             ; 2.77e-10 s                 ; 1.3e-10 s                  ; Yes                       ; No                        ;
; fuzz_out[24]        ; 3.3-V LVTTL  ; 0 s                 ; 0 s                 ; 3.63 V                       ; 4.42e-07 V                   ; 3.75 V              ; -0.588 V            ; 0.329 V                              ; 0.704 V                              ; 2.77e-10 s                  ; 1.3e-10 s                   ; Yes                        ; No                         ; 3.63 V                      ; 4.42e-07 V                  ; 3.75 V             ; -0.588 V           ; 0.329 V                             ; 0.704 V                             ; 2.77e-10 s                 ; 1.3e-10 s                  ; Yes                       ; No                        ;
; fuzz_out[25]        ; 3.3-V LVTTL  ; 0 s                 ; 0 s                 ; 3.63 V                       ; 4.42e-07 V                   ; 3.75 V              ; -0.588 V            ; 0.329 V                              ; 0.704 V                              ; 2.77e-10 s                  ; 1.3e-10 s                   ; Yes                        ; No                         ; 3.63 V                      ; 4.42e-07 V                  ; 3.75 V             ; -0.588 V           ; 0.329 V                             ; 0.704 V                             ; 2.77e-10 s                 ; 1.3e-10 s                  ; Yes                       ; No                        ;
; fuzz_out[26]        ; 3.3-V LVTTL  ; 0 s                 ; 0 s                 ; 3.63 V                       ; 4.64e-07 V                   ; 3.74 V              ; -0.508 V            ; 0.391 V                              ; 0.647 V                              ; 3.08e-10 s                  ; 1.34e-10 s                  ; No                         ; No                         ; 3.63 V                      ; 4.64e-07 V                  ; 3.74 V             ; -0.508 V           ; 0.391 V                             ; 0.647 V                             ; 3.08e-10 s                 ; 1.34e-10 s                 ; No                        ; No                        ;
; fuzz_out[27]        ; 3.3-V LVTTL  ; 0 s                 ; 0 s                 ; 3.63 V                       ; 4.42e-07 V                   ; 3.75 V              ; -0.589 V            ; 0.329 V                              ; 0.706 V                              ; 2.77e-10 s                  ; 1.3e-10 s                   ; Yes                        ; No                         ; 3.63 V                      ; 4.42e-07 V                  ; 3.75 V             ; -0.589 V           ; 0.329 V                             ; 0.706 V                             ; 2.77e-10 s                 ; 1.3e-10 s                  ; Yes                       ; No                        ;
; fuzz_out[28]        ; 3.3-V LVTTL  ; 0 s                 ; 0 s                 ; 3.63 V                       ; 4.42e-07 V                   ; 3.75 V              ; -0.588 V            ; 0.329 V                              ; 0.704 V                              ; 2.77e-10 s                  ; 1.3e-10 s                   ; Yes                        ; No                         ; 3.63 V                      ; 4.42e-07 V                  ; 3.75 V             ; -0.588 V           ; 0.329 V                             ; 0.704 V                             ; 2.77e-10 s                 ; 1.3e-10 s                  ; Yes                       ; No                        ;
; fuzz_out[29]        ; 3.3-V LVTTL  ; 0 s                 ; 0 s                 ; 3.63 V                       ; 3.38e-07 V                   ; 3.67 V              ; -0.403 V            ; 0.084 V                              ; 0.542 V                              ; 3.5e-10 s                   ; 1.32e-10 s                  ; Yes                        ; No                         ; 3.63 V                      ; 3.38e-07 V                  ; 3.67 V             ; -0.403 V           ; 0.084 V                             ; 0.542 V                             ; 3.5e-10 s                  ; 1.32e-10 s                 ; Yes                       ; No                        ;
; fuzz_out[30]        ; 3.3-V LVTTL  ; 0 s                 ; 0 s                 ; 3.63 V                       ; 3.38e-07 V                   ; 3.67 V              ; -0.403 V            ; 0.084 V                              ; 0.542 V                              ; 3.5e-10 s                   ; 1.32e-10 s                  ; Yes                        ; No                         ; 3.63 V                      ; 3.38e-07 V                  ; 3.67 V             ; -0.403 V           ; 0.084 V                             ; 0.542 V                             ; 3.5e-10 s                  ; 1.32e-10 s                 ; Yes                       ; No                        ;
; fuzz_out[31]        ; 3.3-V LVTTL  ; 0 s                 ; 0 s                 ; 3.63 V                       ; 4.42e-07 V                   ; 3.75 V              ; -0.588 V            ; 0.329 V                              ; 0.704 V                              ; 2.77e-10 s                  ; 1.3e-10 s                   ; Yes                        ; No                         ; 3.63 V                      ; 4.42e-07 V                  ; 3.75 V             ; -0.588 V           ; 0.329 V                             ; 0.704 V                             ; 2.77e-10 s                 ; 1.3e-10 s                  ; Yes                       ; No                        ;
; altera_reserved_tdo ; 3.3-V LVTTL  ; 0 s                 ; 0 s                 ; 3.63 V                       ; 5.9e-07 V                    ; 3.68 V              ; -0.193 V            ; 0.293 V                              ; 0.245 V                              ; 4.06e-10 s                  ; 2.62e-10 s                  ; Yes                        ; No                         ; 3.63 V                      ; 5.9e-07 V                   ; 3.68 V             ; -0.193 V           ; 0.293 V                             ; 0.245 V                             ; 4.06e-10 s                 ; 2.62e-10 s                 ; Yes                       ; No                        ;
+---------------------+--------------+---------------------+---------------------+------------------------------+------------------------------+---------------------+---------------------+--------------------------------------+--------------------------------------+-----------------------------+-----------------------------+----------------------------+----------------------------+-----------------------------+-----------------------------+--------------------+--------------------+-------------------------------------+-------------------------------------+----------------------------+----------------------------+---------------------------+---------------------------+


+--------------------------------------------------------------------------------------------------------------------------------------------------------------------------------------------------------------------------------------------------------------------------------------------------------------------------------------------------------------------------------------------------------------------------------------------------------------------------------------------------------------------------------------------------------------------------------------------------------------------------------------------------------------------------------------------------+
; Signal Integrity Metrics (Fast 1100mv 100c Model)                                                                                                                                                                                                                                                                                                                                                                                                                                                                                                                                                                                                                                                ;
+---------------------+--------------+---------------------+---------------------+------------------------------+------------------------------+---------------------+---------------------+--------------------------------------+--------------------------------------+-----------------------------+-----------------------------+----------------------------+----------------------------+-----------------------------+-----------------------------+--------------------+--------------------+-------------------------------------+-------------------------------------+----------------------------+----------------------------+---------------------------+---------------------------+
; Pin                 ; I/O Standard ; Board Delay on Rise ; Board Delay on Fall ; Steady State Voh at FPGA Pin ; Steady State Vol at FPGA Pin ; Voh Max at FPGA Pin ; Vol Min at FPGA Pin ; Ringback Voltage on Rise at FPGA Pin ; Ringback Voltage on Fall at FPGA Pin ; 10-90 Rise Time at FPGA Pin ; 90-10 Fall Time at FPGA Pin ; Monotonic Rise at FPGA Pin ; Monotonic Fall at FPGA Pin ; Steady State Voh at Far-end ; Steady State Vol at Far-end ; Voh Max at Far-end ; Vol Min at Far-end ; Ringback Voltage on Rise at Far-end ; Ringback Voltage on Fall at Far-end ; 10-90 Rise Time at Far-end ; 90-10 Fall Time at Far-end ; Monotonic Rise at Far-end ; Monotonic Fall at Far-end ;
+---------------------+--------------+---------------------+---------------------+------------------------------+------------------------------+---------------------+---------------------+--------------------------------------+--------------------------------------+-----------------------------+-----------------------------+----------------------------+----------------------------+-----------------------------+-----------------------------+--------------------+--------------------+-------------------------------------+-------------------------------------+----------------------------+----------------------------+---------------------------+---------------------------+
; led[0]              ; 3.3-V LVTTL  ; 0 s                 ; 0 s                 ; 3.63 V                       ; 0.000307 V                   ; 3.64 V              ; -0.165 V            ; 0.022 V                              ; 0.425 V                              ; 4.58e-10 s                  ; 2e-10 s                     ; Yes                        ; No                         ; 3.63 V                      ; 0.000307 V                  ; 3.64 V             ; -0.165 V           ; 0.022 V                             ; 0.425 V                             ; 4.58e-10 s                 ; 2e-10 s                    ; Yes                       ; No                        ;
; led[1]              ; 3.3-V LVTTL  ; 0 s                 ; 0 s                 ; 3.63 V                       ; 0.000379 V                   ; 3.65 V              ; -0.289 V            ; 0.051 V                              ; 0.523 V                              ; 4.36e-10 s                  ; 1.95e-10 s                  ; Yes                        ; No                         ; 3.63 V                      ; 0.000379 V                  ; 3.65 V             ; -0.289 V           ; 0.051 V                             ; 0.523 V                             ; 4.36e-10 s                 ; 1.95e-10 s                 ; Yes                       ; No                        ;
; led[2]              ; 3.3-V LVTTL  ; 0 s                 ; 0 s                 ; 3.63 V                       ; 0.000395 V                   ; 3.65 V              ; -0.232 V            ; 0.065 V                              ; 0.547 V                              ; 4.68e-10 s                  ; 2.07e-10 s                  ; Yes                        ; No                         ; 3.63 V                      ; 0.000395 V                  ; 3.65 V             ; -0.232 V           ; 0.065 V                             ; 0.547 V                             ; 4.68e-10 s                 ; 2.07e-10 s                 ; Yes                       ; No                        ;
; led[3]              ; 3.3-V LVTTL  ; 0 s                 ; 0 s                 ; 3.63 V                       ; 0.000307 V                   ; 3.64 V              ; -0.165 V            ; 0.022 V                              ; 0.425 V                              ; 4.58e-10 s                  ; 2e-10 s                     ; Yes                        ; No                         ; 3.63 V                      ; 0.000307 V                  ; 3.64 V             ; -0.165 V           ; 0.022 V                             ; 0.425 V                             ; 4.58e-10 s                 ; 2e-10 s                    ; Yes                       ; No                        ;
; led[4]              ; 3.3-V LVTTL  ; 0 s                 ; 0 s                 ; 3.63 V                       ; 0.000379 V                   ; 3.65 V              ; -0.289 V            ; 0.051 V                              ; 0.523 V                              ; 4.36e-10 s                  ; 1.95e-10 s                  ; Yes                        ; No                         ; 3.63 V                      ; 0.000379 V                  ; 3.65 V             ; -0.289 V           ; 0.051 V                             ; 0.523 V                             ; 4.36e-10 s                 ; 1.95e-10 s                 ; Yes                       ; No                        ;
; led[5]              ; 3.3-V LVTTL  ; 0 s                 ; 0 s                 ; 3.63 V                       ; 0.000379 V                   ; 3.65 V              ; -0.292 V            ; 0.053 V                              ; 0.524 V                              ; 4.36e-10 s                  ; 1.95e-10 s                  ; Yes                        ; No                         ; 3.63 V                      ; 0.000379 V                  ; 3.65 V             ; -0.292 V           ; 0.053 V                             ; 0.524 V                             ; 4.36e-10 s                 ; 1.95e-10 s                 ; Yes                       ; No                        ;
; led[6]              ; 3.3-V LVTTL  ; 0 s                 ; 0 s                 ; 3.63 V                       ; 0.000395 V                   ; 3.65 V              ; -0.232 V            ; 0.065 V                              ; 0.547 V                              ; 4.68e-10 s                  ; 2.07e-10 s                  ; Yes                        ; No                         ; 3.63 V                      ; 0.000395 V                  ; 3.65 V             ; -0.232 V           ; 0.065 V                             ; 0.547 V                             ; 4.68e-10 s                 ; 2.07e-10 s                 ; Yes                       ; No                        ;
; led[7]              ; 3.3-V LVTTL  ; 0 s                 ; 0 s                 ; 3.63 V                       ; 0.000379 V                   ; 3.65 V              ; -0.292 V            ; 0.053 V                              ; 0.524 V                              ; 4.36e-10 s                  ; 1.95e-10 s                  ; Yes                        ; No                         ; 3.63 V                      ; 0.000379 V                  ; 3.65 V             ; -0.292 V           ; 0.053 V                             ; 0.524 V                             ; 4.36e-10 s                 ; 1.95e-10 s                 ; Yes                       ; No                        ;
; resonance_detected  ; 3.3-V LVTTL  ; 0 s                 ; 0 s                 ; 3.63 V                       ; 0.000379 V                   ; 3.65 V              ; -0.292 V            ; 0.053 V                              ; 0.524 V                              ; 4.36e-10 s                  ; 1.95e-10 s                  ; Yes                        ; No                         ; 3.63 V                      ; 0.000379 V                  ; 3.65 V             ; -0.292 V           ; 0.053 V                             ; 0.524 V                             ; 4.36e-10 s                 ; 1.95e-10 s                 ; Yes                       ; No                        ;
; heartbeat           ; 3.3-V LVTTL  ; 0 s                 ; 0 s                 ; 3.63 V                       ; 0.000395 V                   ; 3.65 V              ; -0.232 V            ; 0.065 V                              ; 0.547 V                              ; 4.68e-10 s                  ; 2.07e-10 s                  ; Yes                        ; No                         ; 3.63 V                      ; 0.000395 V                  ; 3.65 V             ; -0.232 V           ; 0.065 V                             ; 0.547 V                             ; 4.68e-10 s                 ; 2.07e-10 s                 ; Yes                       ; No                        ;
; fuzz_out[0]         ; 3.3-V LVTTL  ; 0 s                 ; 0 s                 ; 3.63 V                       ; 0.000395 V                   ; 3.65 V              ; -0.232 V            ; 0.065 V                              ; 0.547 V                              ; 4.68e-10 s                  ; 2.07e-10 s                  ; Yes                        ; No                         ; 3.63 V                      ; 0.000395 V                  ; 3.65 V             ; -0.232 V           ; 0.065 V                             ; 0.547 V                             ; 4.68e-10 s                 ; 2.07e-10 s                 ; Yes                       ; No                        ;
; fuzz_out[1]         ; 3.3-V LVTTL  ; 0 s                 ; 0 s                 ; 3.63 V                       ; 0.000307 V                   ; 3.64 V              ; -0.165 V            ; 0.022 V                              ; 0.425 V                              ; 4.58e-10 s                  ; 2e-10 s                     ; Yes                        ; No                         ; 3.63 V                      ; 0.000307 V                  ; 3.64 V             ; -0.165 V           ; 0.022 V                             ; 0.425 V                             ; 4.58e-10 s                 ; 2e-10 s                    ; Yes                       ; No                        ;
; fuzz_out[2]         ; 3.3-V LVTTL  ; 0 s                 ; 0 s                 ; 3.63 V                       ; 0.000379 V                   ; 3.65 V              ; -0.289 V            ; 0.051 V                              ; 0.523 V                              ; 4.36e-10 s                  ; 1.95e-10 s                  ; Yes                        ; No                         ; 3.63 V                      ; 0.000379 V                  ; 3.65 V             ; -0.289 V           ; 0.051 V                             ; 0.523 V                             ; 4.36e-10 s                 ; 1.95e-10 s                 ; Yes                       ; No                        ;
; fuzz_out[3]         ; 3.3-V LVTTL  ; 0 s                 ; 0 s                 ; 3.63 V                       ; 0.000379 V                   ; 3.65 V              ; -0.289 V            ; 0.051 V                              ; 0.523 V                              ; 4.36e-10 s                  ; 1.95e-10 s                  ; Yes                        ; No                         ; 3.63 V                      ; 0.000379 V                  ; 3.65 V             ; -0.289 V           ; 0.051 V                             ; 0.523 V                             ; 4.36e-10 s                 ; 1.95e-10 s                 ; Yes                       ; No                        ;
; fuzz_out[4]         ; 3.3-V LVTTL  ; 0 s                 ; 0 s                 ; 3.63 V                       ; 0.000395 V                   ; 3.65 V              ; -0.232 V            ; 0.065 V                              ; 0.547 V                              ; 4.68e-10 s                  ; 2.07e-10 s                  ; Yes                        ; No                         ; 3.63 V                      ; 0.000395 V                  ; 3.65 V             ; -0.232 V           ; 0.065 V                             ; 0.547 V                             ; 4.68e-10 s                 ; 2.07e-10 s                 ; Yes                       ; No                        ;
; fuzz_out[5]         ; 3.3-V LVTTL  ; 0 s                 ; 0 s                 ; 3.63 V                       ; 0.000307 V                   ; 3.64 V              ; -0.165 V            ; 0.022 V                              ; 0.425 V                              ; 4.58e-10 s                  ; 2e-10 s                     ; Yes                        ; No                         ; 3.63 V                      ; 0.000307 V                  ; 3.64 V             ; -0.165 V           ; 0.022 V                             ; 0.425 V                             ; 4.58e-10 s                 ; 2e-10 s                    ; Yes                       ; No                        ;
; fuzz_out[6]         ; 3.3-V LVTTL  ; 0 s                 ; 0 s                 ; 3.63 V                       ; 0.000379 V                   ; 3.65 V              ; -0.289 V            ; 0.051 V                              ; 0.523 V                              ; 4.36e-10 s                  ; 1.95e-10 s                  ; Yes                        ; No                         ; 3.63 V                      ; 0.000379 V                  ; 3.65 V             ; -0.289 V           ; 0.051 V                             ; 0.523 V                             ; 4.36e-10 s                 ; 1.95e-10 s                 ; Yes                       ; No                        ;
; fuzz_out[7]         ; 3.3-V LVTTL  ; 0 s                 ; 0 s                 ; 3.63 V                       ; 0.000379 V                   ; 3.65 V              ; -0.292 V            ; 0.053 V                              ; 0.524 V                              ; 4.36e-10 s                  ; 1.95e-10 s                  ; Yes                        ; No                         ; 3.63 V                      ; 0.000379 V                  ; 3.65 V             ; -0.292 V           ; 0.053 V                             ; 0.524 V                             ; 4.36e-10 s                 ; 1.95e-10 s                 ; Yes                       ; No                        ;
; fuzz_out[8]         ; 3.3-V LVTTL  ; 0 s                 ; 0 s                 ; 3.63 V                       ; 0.000379 V                   ; 3.65 V              ; -0.289 V            ; 0.051 V                              ; 0.523 V                              ; 4.36e-10 s                  ; 1.95e-10 s                  ; Yes                        ; No                         ; 3.63 V                      ; 0.000379 V                  ; 3.65 V             ; -0.289 V           ; 0.051 V                             ; 0.523 V                             ; 4.36e-10 s                 ; 1.95e-10 s                 ; Yes                       ; No                        ;
; fuzz_out[9]         ; 3.3-V LVTTL  ; 0 s                 ; 0 s                 ; 3.63 V                       ; 0.000379 V                   ; 3.65 V              ; -0.289 V            ; 0.051 V                              ; 0.523 V                              ; 4.36e-10 s                  ; 1.95e-10 s                  ; Yes                        ; No                         ; 3.63 V                      ; 0.000379 V                  ; 3.65 V             ; -0.289 V           ; 0.051 V                             ; 0.523 V                             ; 4.36e-10 s                 ; 1.95e-10 s                 ; Yes                       ; No                        ;
; fuzz_out[10]        ; 3.3-V LVTTL  ; 0 s                 ; 0 s                 ; 3.63 V                       ; 0.000379 V                   ; 3.65 V              ; -0.292 V            ; 0.053 V                              ; 0.524 V                              ; 4.36e-10 s                  ; 1.95e-10 s                  ; Yes                        ; No                         ; 3.63 V                      ; 0.000379 V                  ; 3.65 V             ; -0.292 V           ; 0.053 V                             ; 0.524 V                             ; 4.36e-10 s                 ; 1.95e-10 s                 ; Yes                       ; No                        ;
; fuzz_out[11]        ; 3.3-V LVTTL  ; 0 s                 ; 0 s                 ; 3.63 V                       ; 0.000395 V                   ; 3.65 V              ; -0.232 V            ; 0.065 V                              ; 0.547 V                              ; 4.68e-10 s                  ; 2.07e-10 s                  ; Yes                        ; No                         ; 3.63 V                      ; 0.000395 V                  ; 3.65 V             ; -0.232 V           ; 0.065 V                             ; 0.547 V                             ; 4.68e-10 s                 ; 2.07e-10 s                 ; Yes                       ; No                        ;
; fuzz_out[12]        ; 3.3-V LVTTL  ; 0 s                 ; 0 s                 ; 3.63 V                       ; 0.000307 V                   ; 3.64 V              ; -0.165 V            ; 0.022 V                              ; 0.425 V                              ; 4.58e-10 s                  ; 2e-10 s                     ; Yes                        ; No                         ; 3.63 V                      ; 0.000307 V                  ; 3.64 V             ; -0.165 V           ; 0.022 V                             ; 0.425 V                             ; 4.58e-10 s                 ; 2e-10 s                    ; Yes                       ; No                        ;
; fuzz_out[13]        ; 3.3-V LVTTL  ; 0 s                 ; 0 s                 ; 3.63 V                       ; 0.000307 V                   ; 3.64 V              ; -0.165 V            ; 0.022 V                              ; 0.425 V                              ; 4.58e-10 s                  ; 2e-10 s                     ; Yes                        ; No                         ; 3.63 V                      ; 0.000307 V                  ; 3.64 V             ; -0.165 V           ; 0.022 V                             ; 0.425 V                             ; 4.58e-10 s                 ; 2e-10 s                    ; Yes                       ; No                        ;
; fuzz_out[14]        ; 3.3-V LVTTL  ; 0 s                 ; 0 s                 ; 3.63 V                       ; 0.000379 V                   ; 3.65 V              ; -0.292 V            ; 0.053 V                              ; 0.524 V                              ; 4.36e-10 s                  ; 1.95e-10 s                  ; Yes                        ; No                         ; 3.63 V                      ; 0.000379 V                  ; 3.65 V             ; -0.292 V           ; 0.053 V                             ; 0.524 V                             ; 4.36e-10 s                 ; 1.95e-10 s                 ; Yes                       ; No                        ;
; fuzz_out[15]        ; 3.3-V LVTTL  ; 0 s                 ; 0 s                 ; 3.63 V                       ; 0.000307 V                   ; 3.64 V              ; -0.165 V            ; 0.022 V                              ; 0.425 V                              ; 4.58e-10 s                  ; 2e-10 s                     ; Yes                        ; No                         ; 3.63 V                      ; 0.000307 V                  ; 3.64 V             ; -0.165 V           ; 0.022 V                             ; 0.425 V                             ; 4.58e-10 s                 ; 2e-10 s                    ; Yes                       ; No                        ;
; fuzz_out[16]        ; 3.3-V LVTTL  ; 0 s                 ; 0 s                 ; 3.63 V                       ; 0.000395 V                   ; 3.65 V              ; -0.232 V            ; 0.065 V                              ; 0.547 V                              ; 4.68e-10 s                  ; 2.07e-10 s                  ; Yes                        ; No                         ; 3.63 V                      ; 0.000395 V                  ; 3.65 V             ; -0.232 V           ; 0.065 V                             ; 0.547 V                             ; 4.68e-10 s                 ; 2.07e-10 s                 ; Yes                       ; No                        ;
; fuzz_out[17]        ; 3.3-V LVTTL  ; 0 s                 ; 0 s                 ; 3.63 V                       ; 0.000395 V                   ; 3.65 V              ; -0.232 V            ; 0.065 V                              ; 0.547 V                              ; 4.68e-10 s                  ; 2.07e-10 s                  ; Yes                        ; No                         ; 3.63 V                      ; 0.000395 V                  ; 3.65 V             ; -0.232 V           ; 0.065 V                             ; 0.547 V                             ; 4.68e-10 s                 ; 2.07e-10 s                 ; Yes                       ; No                        ;
; fuzz_out[18]        ; 3.3-V LVTTL  ; 0 s                 ; 0 s                 ; 3.63 V                       ; 0.000307 V                   ; 3.64 V              ; -0.165 V            ; 0.022 V                              ; 0.425 V                              ; 4.58e-10 s                  ; 2e-10 s                     ; Yes                        ; No                         ; 3.63 V                      ; 0.000307 V                  ; 3.64 V             ; -0.165 V           ; 0.022 V                             ; 0.425 V                             ; 4.58e-10 s                 ; 2e-10 s                    ; Yes                       ; No                        ;
; fuzz_out[19]        ; 3.3-V LVTTL  ; 0 s                 ; 0 s                 ; 3.63 V                       ; 0.000395 V                   ; 3.65 V              ; -0.232 V            ; 0.065 V                              ; 0.547 V                              ; 4.68e-10 s                  ; 2.07e-10 s                  ; Yes                        ; No                         ; 3.63 V                      ; 0.000395 V                  ; 3.65 V             ; -0.232 V           ; 0.065 V                             ; 0.547 V                             ; 4.68e-10 s                 ; 2.07e-10 s                 ; Yes                       ; No                        ;
; fuzz_out[20]        ; 3.3-V LVTTL  ; 0 s                 ; 0 s                 ; 3.63 V                       ; 0.000395 V                   ; 3.65 V              ; -0.232 V            ; 0.065 V                              ; 0.547 V                              ; 4.68e-10 s                  ; 2.07e-10 s                  ; Yes                        ; No                         ; 3.63 V                      ; 0.000395 V                  ; 3.65 V             ; -0.232 V           ; 0.065 V                             ; 0.547 V                             ; 4.68e-10 s                 ; 2.07e-10 s                 ; Yes                       ; No                        ;
; fuzz_out[21]        ; 3.3-V LVTTL  ; 0 s                 ; 0 s                 ; 3.63 V                       ; 0.000379 V                   ; 3.65 V              ; -0.289 V            ; 0.051 V                              ; 0.523 V                              ; 4.36e-10 s                  ; 1.95e-10 s                  ; Yes                        ; No                         ; 3.63 V                      ; 0.000379 V                  ; 3.65 V             ; -0.289 V           ; 0.051 V                             ; 0.523 V                             ; 4.36e-10 s                 ; 1.95e-10 s                 ; Yes                       ; No                        ;
; fuzz_out[22]        ; 3.3-V LVTTL  ; 0 s                 ; 0 s                 ; 3.63 V                       ; 0.000379 V                   ; 3.65 V              ; -0.292 V            ; 0.053 V                              ; 0.524 V                              ; 4.36e-10 s                  ; 1.95e-10 s                  ; Yes                        ; No                         ; 3.63 V                      ; 0.000379 V                  ; 3.65 V             ; -0.292 V           ; 0.053 V                             ; 0.524 V                             ; 4.36e-10 s                 ; 1.95e-10 s                 ; Yes                       ; No                        ;
; fuzz_out[23]        ; 3.3-V LVTTL  ; 0 s                 ; 0 s                 ; 3.63 V                       ; 0.000379 V                   ; 3.65 V              ; -0.292 V            ; 0.053 V                              ; 0.524 V                              ; 4.36e-10 s                  ; 1.95e-10 s                  ; Yes                        ; No                         ; 3.63 V                      ; 0.000379 V                  ; 3.65 V             ; -0.292 V           ; 0.053 V                             ; 0.524 V                             ; 4.36e-10 s                 ; 1.95e-10 s                 ; Yes                       ; No                        ;
; fuzz_out[24]        ; 3.3-V LVTTL  ; 0 s                 ; 0 s                 ; 3.63 V                       ; 0.000379 V                   ; 3.65 V              ; -0.289 V            ; 0.051 V                              ; 0.523 V                              ; 4.36e-10 s                  ; 1.95e-10 s                  ; Yes                        ; No                         ; 3.63 V                      ; 0.000379 V                  ; 3.65 V             ; -0.289 V           ; 0.051 V                             ; 0.523 V                             ; 4.36e-10 s                 ; 1.95e-10 s                 ; Yes                       ; No                        ;
; fuzz_out[25]        ; 3.3-V LVTTL  ; 0 s                 ; 0 s                 ; 3.63 V                       ; 0.000379 V                   ; 3.65 V              ; -0.289 V            ; 0.051 V                              ; 0.523 V                              ; 4.36e-10 s                  ; 1.95e-10 s                  ; Yes                        ; No                         ; 3.63 V                      ; 0.000379 V                  ; 3.65 V             ; -0.289 V           ; 0.051 V                             ; 0.523 V                             ; 4.36e-10 s                 ; 1.95e-10 s                 ; Yes                       ; No                        ;
; fuzz_out[26]        ; 3.3-V LVTTL  ; 0 s                 ; 0 s                 ; 3.63 V                       ; 0.000395 V                   ; 3.65 V              ; -0.232 V            ; 0.065 V                              ; 0.547 V                              ; 4.68e-10 s                  ; 2.07e-10 s                  ; Yes                        ; No                         ; 3.63 V                      ; 0.000395 V                  ; 3.65 V             ; -0.232 V           ; 0.065 V                             ; 0.547 V                             ; 4.68e-10 s                 ; 2.07e-10 s                 ; Yes                       ; No                        ;
; fuzz_out[27]        ; 3.3-V LVTTL  ; 0 s                 ; 0 s                 ; 3.63 V                       ; 0.000379 V                   ; 3.65 V              ; -0.292 V            ; 0.053 V                              ; 0.524 V                              ; 4.36e-10 s                  ; 1.95e-10 s                  ; Yes                        ; No                         ; 3.63 V                      ; 0.000379 V                  ; 3.65 V             ; -0.292 V           ; 0.053 V                             ; 0.524 V                             ; 4.36e-10 s                 ; 1.95e-10 s                 ; Yes                       ; No                        ;
; fuzz_out[28]        ; 3.3-V LVTTL  ; 0 s                 ; 0 s                 ; 3.63 V                       ; 0.000379 V                   ; 3.65 V              ; -0.289 V            ; 0.051 V                              ; 0.523 V                              ; 4.36e-10 s                  ; 1.95e-10 s                  ; Yes                        ; No                         ; 3.63 V                      ; 0.000379 V                  ; 3.65 V             ; -0.289 V           ; 0.051 V                             ; 0.523 V                             ; 4.36e-10 s                 ; 1.95e-10 s                 ; Yes                       ; No                        ;
; fuzz_out[29]        ; 3.3-V LVTTL  ; 0 s                 ; 0 s                 ; 3.63 V                       ; 0.000307 V                   ; 3.64 V              ; -0.165 V            ; 0.022 V                              ; 0.425 V                              ; 4.58e-10 s                  ; 2e-10 s                     ; Yes                        ; No                         ; 3.63 V                      ; 0.000307 V                  ; 3.64 V             ; -0.165 V           ; 0.022 V                             ; 0.425 V                             ; 4.58e-10 s                 ; 2e-10 s                    ; Yes                       ; No                        ;
; fuzz_out[30]        ; 3.3-V LVTTL  ; 0 s                 ; 0 s                 ; 3.63 V                       ; 0.000307 V                   ; 3.64 V              ; -0.165 V            ; 0.022 V                              ; 0.425 V                              ; 4.58e-10 s                  ; 2e-10 s                     ; Yes                        ; No                         ; 3.63 V                      ; 0.000307 V                  ; 3.64 V             ; -0.165 V           ; 0.022 V                             ; 0.425 V                             ; 4.58e-10 s                 ; 2e-10 s                    ; Yes                       ; No                        ;
; fuzz_out[31]        ; 3.3-V LVTTL  ; 0 s                 ; 0 s                 ; 3.63 V                       ; 0.000379 V                   ; 3.65 V              ; -0.289 V            ; 0.051 V                              ; 0.523 V                              ; 4.36e-10 s                  ; 1.95e-10 s                  ; Yes                        ; No                         ; 3.63 V                      ; 0.000379 V                  ; 3.65 V             ; -0.289 V           ; 0.051 V                             ; 0.523 V                             ; 4.36e-10 s                 ; 1.95e-10 s                 ; Yes                       ; No                        ;
; altera_reserved_tdo ; 3.3-V LVTTL  ; 0 s                 ; 0 s                 ; 3.63 V                       ; 0.000519 V                   ; 3.68 V              ; -0.039 V            ; 0.235 V                              ; 0.074 V                              ; 6e-10 s                     ; 3e-10 s                     ; No                         ; Yes                        ; 3.63 V                      ; 0.000519 V                  ; 3.68 V             ; -0.039 V           ; 0.235 V                             ; 0.074 V                             ; 6e-10 s                    ; 3e-10 s                    ; No                        ; Yes                       ;
+---------------------+--------------+---------------------+---------------------+------------------------------+------------------------------+---------------------+---------------------+--------------------------------------+--------------------------------------+-----------------------------+-----------------------------+----------------------------+----------------------------+-----------------------------+-----------------------------+--------------------+--------------------+-------------------------------------+-------------------------------------+----------------------------+----------------------------+---------------------------+---------------------------+


+-----------------------------------------------------------------------------------------+
; Setup Transfers                                                                         ;
+---------------------+---------------------+------------+----------+----------+----------+
; From Clock          ; To Clock            ; RR Paths   ; FR Paths ; RF Paths ; FF Paths ;
+---------------------+---------------------+------------+----------+----------+----------+
; altera_reserved_tck ; altera_reserved_tck ; 6041       ; 0        ; 41       ; 0        ;
; clk                 ; altera_reserved_tck ; false path ; 0        ; 0        ; 0        ;
; altera_reserved_tck ; clk                 ; false path ; 0        ; 0        ; 0        ;
; clk                 ; clk                 ; 125630     ; 0        ; 0        ; 0        ;
+---------------------+---------------------+------------+----------+----------+----------+
Entries labeled "false path" only account for clock-to-clock false paths and not path-based false paths. As a result, actual path counts may be lower than reported.


+-----------------------------------------------------------------------------------------+
; Hold Transfers                                                                          ;
+---------------------+---------------------+------------+----------+----------+----------+
; From Clock          ; To Clock            ; RR Paths   ; FR Paths ; RF Paths ; FF Paths ;
+---------------------+---------------------+------------+----------+----------+----------+
; altera_reserved_tck ; altera_reserved_tck ; 6041       ; 0        ; 41       ; 0        ;
; clk                 ; altera_reserved_tck ; false path ; 0        ; 0        ; 0        ;
; altera_reserved_tck ; clk                 ; false path ; 0        ; 0        ; 0        ;
; clk                 ; clk                 ; 125630     ; 0        ; 0        ; 0        ;
+---------------------+---------------------+------------+----------+----------+----------+
Entries labeled "false path" only account for clock-to-clock false paths and not path-based false paths. As a result, actual path counts may be lower than reported.


+-----------------------------------------------------------------------------------------+
; Recovery Transfers                                                                      ;
+---------------------+---------------------+------------+----------+----------+----------+
; From Clock          ; To Clock            ; RR Paths   ; FR Paths ; RF Paths ; FF Paths ;
+---------------------+---------------------+------------+----------+----------+----------+
; altera_reserved_tck ; altera_reserved_tck ; 70         ; 0        ; 0        ; 0        ;
; clk                 ; altera_reserved_tck ; false path ; 0        ; 0        ; 0        ;
; altera_reserved_tck ; clk                 ; false path ; 0        ; 0        ; 0        ;
; clk                 ; clk                 ; 221        ; 0        ; 0        ; 0        ;
+---------------------+---------------------+------------+----------+----------+----------+
Entries labeled "false path" only account for clock-to-clock false paths and not path-based false paths. As a result, actual path counts may be lower than reported.


+-----------------------------------------------------------------------------------------+
; Removal Transfers                                                                       ;
+---------------------+---------------------+------------+----------+----------+----------+
; From Clock          ; To Clock            ; RR Paths   ; FR Paths ; RF Paths ; FF Paths ;
+---------------------+---------------------+------------+----------+----------+----------+
; altera_reserved_tck ; altera_reserved_tck ; 70         ; 0        ; 0        ; 0        ;
; clk                 ; altera_reserved_tck ; false path ; 0        ; 0        ; 0        ;
; altera_reserved_tck ; clk                 ; false path ; 0        ; 0        ; 0        ;
; clk                 ; clk                 ; 221        ; 0        ; 0        ; 0        ;
+---------------------+---------------------+------------+----------+----------+----------+
Entries labeled "false path" only account for clock-to-clock false paths and not path-based false paths. As a result, actual path counts may be lower than reported.


---------------
; Report TCCS ;
---------------
No dedicated SERDES Transmitter circuitry present in device or used in design


---------------
; Report RSKM ;
---------------
No non-DPA dedicated SERDES Receiver circuitry present in device or used in design


+------------------------------------------------+
; Unconstrained Paths Summary                    ;
+---------------------------------+-------+------+
; Property                        ; Setup ; Hold ;
+---------------------------------+-------+------+
; Illegal Clocks                  ; 0     ; 0    ;
; Unconstrained Clocks            ; 0     ; 0    ;
; Unconstrained Input Ports       ; 2     ; 2    ;
; Unconstrained Input Port Paths  ; 47    ; 47   ;
; Unconstrained Output Ports      ; 35    ; 35   ;
; Unconstrained Output Port Paths ; 54    ; 54   ;
+---------------------------------+-------+------+


+----------------------------------------------------------------+
; Clock Status Summary                                           ;
+---------------------+---------------------+------+-------------+
; Target              ; Clock               ; Type ; Status      ;
+---------------------+---------------------+------+-------------+
; altera_reserved_tck ; altera_reserved_tck ; Base ; Constrained ;
; clk                 ; clk                 ; Base ; Constrained ;
+---------------------+---------------------+------+-------------+


+------------------------------------------------------------------------------------------------------------+
; Unconstrained Input Ports                                                                                  ;
+---------------------+--------------------------------------------------------------------------------------+
; Input Port          ; Comment                                                                              ;
+---------------------+--------------------------------------------------------------------------------------+
; altera_reserved_tdi ; No input delay, min/max delays, false-path exceptions, or max skew assignments found ;
; altera_reserved_tms ; No input delay, min/max delays, false-path exceptions, or max skew assignments found ;
+---------------------+--------------------------------------------------------------------------------------+


+-------------------------------------------------------------------------------------------------------------+
; Unconstrained Output Ports                                                                                  ;
+---------------------+---------------------------------------------------------------------------------------+
; Output Port         ; Comment                                                                               ;
+---------------------+---------------------------------------------------------------------------------------+
; altera_reserved_tdo ; No output delay, min/max delays, false-path exceptions, or max skew assignments found ;
; fuzz_out[0]         ; No output delay, min/max delays, false-path exceptions, or max skew assignments found ;
; fuzz_out[1]         ; No output delay, min/max delays, false-path exceptions, or max skew assignments found ;
; fuzz_out[2]         ; No output delay, min/max delays, false-path exceptions, or max skew assignments found ;
; fuzz_out[3]         ; No output delay, min/max delays, false-path exceptions, or max skew assignments found ;
; fuzz_out[4]         ; No output delay, min/max delays, false-path exceptions, or max skew assignments found ;
; fuzz_out[5]         ; No output delay, min/max delays, false-path exceptions, or max skew assignments found ;
; fuzz_out[6]         ; No output delay, min/max delays, false-path exceptions, or max skew assignments found ;
; fuzz_out[7]         ; No output delay, min/max delays, false-path exceptions, or max skew assignments found ;
; fuzz_out[8]         ; No output delay, min/max delays, false-path exceptions, or max skew assignments found ;
; fuzz_out[9]         ; No output delay, min/max delays, false-path exceptions, or max skew assignments found ;
; fuzz_out[10]        ; No output delay, min/max delays, false-path exceptions, or max skew assignments found ;
; fuzz_out[11]        ; No output delay, min/max delays, false-path exceptions, or max skew assignments found ;
; fuzz_out[12]        ; No output delay, min/max delays, false-path exceptions, or max skew assignments found ;
; fuzz_out[13]        ; No output delay, min/max delays, false-path exceptions, or max skew assignments found ;
; fuzz_out[14]        ; No output delay, min/max delays, false-path exceptions, or max skew assignments found ;
; fuzz_out[15]        ; No output delay, min/max delays, false-path exceptions, or max skew assignments found ;
; fuzz_out[16]        ; No output delay, min/max delays, false-path exceptions, or max skew assignments found ;
; fuzz_out[17]        ; No output delay, min/max delays, false-path exceptions, or max skew assignments found ;
; fuzz_out[18]        ; No output delay, min/max delays, false-path exceptions, or max skew assignments found ;
; fuzz_out[19]        ; No output delay, min/max delays, false-path exceptions, or max skew assignments found ;
; fuzz_out[20]        ; No output delay, min/max delays, false-path exceptions, or max skew assignments found ;
; fuzz_out[21]        ; No output delay, min/max delays, false-path exceptions, or max skew assignments found ;
; fuzz_out[22]        ; No output delay, min/max delays, false-path exceptions, or max skew assignments found ;
; fuzz_out[23]        ; No output delay, min/max delays, false-path exceptions, or max skew assignments found ;
; fuzz_out[24]        ; No output delay, min/max delays, false-path exceptions, or max skew assignments found ;
; fuzz_out[25]        ; No output delay, min/max delays, false-path exceptions, or max skew assignments found ;
; fuzz_out[26]        ; No output delay, min/max delays, false-path exceptions, or max skew assignments found ;
; fuzz_out[27]        ; No output delay, min/max delays, false-path exceptions, or max skew assignments found ;
; fuzz_out[28]        ; No output delay, min/max delays, false-path exceptions, or max skew assignments found ;
; fuzz_out[29]        ; No output delay, min/max delays, false-path exceptions, or max skew assignments found ;
; fuzz_out[30]        ; No output delay, min/max delays, false-path exceptions, or max skew assignments found ;
; fuzz_out[31]        ; No output delay, min/max delays, false-path exceptions, or max skew assignments found ;
; heartbeat           ; No output delay, min/max delays, false-path exceptions, or max skew assignments found ;
; resonance_detected  ; No output delay, min/max delays, false-path exceptions, or max skew assignments found ;
+---------------------+---------------------------------------------------------------------------------------+


+------------------------------------------------------------------------------------------------------------+
; Unconstrained Input Ports                                                                                  ;
+---------------------+--------------------------------------------------------------------------------------+
; Input Port          ; Comment                                                                              ;
+---------------------+--------------------------------------------------------------------------------------+
; altera_reserved_tdi ; No input delay, min/max delays, false-path exceptions, or max skew assignments found ;
; altera_reserved_tms ; No input delay, min/max delays, false-path exceptions, or max skew assignments found ;
+---------------------+--------------------------------------------------------------------------------------+


+-------------------------------------------------------------------------------------------------------------+
; Unconstrained Output Ports                                                                                  ;
+---------------------+---------------------------------------------------------------------------------------+
; Output Port         ; Comment                                                                               ;
+---------------------+---------------------------------------------------------------------------------------+
; altera_reserved_tdo ; No output delay, min/max delays, false-path exceptions, or max skew assignments found ;
; fuzz_out[0]         ; No output delay, min/max delays, false-path exceptions, or max skew assignments found ;
; fuzz_out[1]         ; No output delay, min/max delays, false-path exceptions, or max skew assignments found ;
; fuzz_out[2]         ; No output delay, min/max delays, false-path exceptions, or max skew assignments found ;
; fuzz_out[3]         ; No output delay, min/max delays, false-path exceptions, or max skew assignments found ;
; fuzz_out[4]         ; No output delay, min/max delays, false-path exceptions, or max skew assignments found ;
; fuzz_out[5]         ; No output delay, min/max delays, false-path exceptions, or max skew assignments found ;
; fuzz_out[6]         ; No output delay, min/max delays, false-path exceptions, or max skew assignments found ;
; fuzz_out[7]         ; No output delay, min/max delays, false-path exceptions, or max skew assignments found ;
; fuzz_out[8]         ; No output delay, min/max delays, false-path exceptions, or max skew assignments found ;
; fuzz_out[9]         ; No output delay, min/max delays, false-path exceptions, or max skew assignments found ;
; fuzz_out[10]        ; No output delay, min/max delays, false-path exceptions, or max skew assignments found ;
; fuzz_out[11]        ; No output delay, min/max delays, false-path exceptions, or max skew assignments found ;
; fuzz_out[12]        ; No output delay, min/max delays, false-path exceptions, or max skew assignments found ;
; fuzz_out[13]        ; No output delay, min/max delays, false-path exceptions, or max skew assignments found ;
; fuzz_out[14]        ; No output delay, min/max delays, false-path exceptions, or max skew assignments found ;
; fuzz_out[15]        ; No output delay, min/max delays, false-path exceptions, or max skew assignments found ;
; fuzz_out[16]        ; No output delay, min/max delays, false-path exceptions, or max skew assignments found ;
; fuzz_out[17]        ; No output delay, min/max delays, false-path exceptions, or max skew assignments found ;
; fuzz_out[18]        ; No output delay, min/max delays, false-path exceptions, or max skew assignments found ;
; fuzz_out[19]        ; No output delay, min/max delays, false-path exceptions, or max skew assignments found ;
; fuzz_out[20]        ; No output delay, min/max delays, false-path exceptions, or max skew assignments found ;
; fuzz_out[21]        ; No output delay, min/max delays, false-path exceptions, or max skew assignments found ;
; fuzz_out[22]        ; No output delay, min/max delays, false-path exceptions, or max skew assignments found ;
; fuzz_out[23]        ; No output delay, min/max delays, false-path exceptions, or max skew assignments found ;
; fuzz_out[24]        ; No output delay, min/max delays, false-path exceptions, or max skew assignments found ;
; fuzz_out[25]        ; No output delay, min/max delays, false-path exceptions, or max skew assignments found ;
; fuzz_out[26]        ; No output delay, min/max delays, false-path exceptions, or max skew assignments found ;
; fuzz_out[27]        ; No output delay, min/max delays, false-path exceptions, or max skew assignments found ;
; fuzz_out[28]        ; No output delay, min/max delays, false-path exceptions, or max skew assignments found ;
; fuzz_out[29]        ; No output delay, min/max delays, false-path exceptions, or max skew assignments found ;
; fuzz_out[30]        ; No output delay, min/max delays, false-path exceptions, or max skew assignments found ;
; fuzz_out[31]        ; No output delay, min/max delays, false-path exceptions, or max skew assignments found ;
; heartbeat           ; No output delay, min/max delays, false-path exceptions, or max skew assignments found ;
; resonance_detected  ; No output delay, min/max delays, false-path exceptions, or max skew assignments found ;
+---------------------+---------------------------------------------------------------------------------------+


+--------------------------+
; Timing Analyzer Messages ;
+--------------------------+
Info: *******************************************************************
Info: Running Quartus Prime Timing Analyzer
    Info: Version 24.1std.0 Build 1077 03/04/2025 SC Lite Edition
    Info: Processing started: Fri Nov 28 12:02:55 2025
Info: Command: quartus_sta nrm_resonance -c nrm_resonance
Info: qsta_default_script.tcl version: #1
Warning (18236): Number of processors has not been specified which may cause overloading on shared machines.  Set the global assignment NUM_PARALLEL_PROCESSORS in your QSF to an appropriate value for best performance.
Info (20030): Parallel compilation is enabled and will use 16 of the 16 processors detected
Info (21077): Low junction temperature is -40 degrees C
Info (21077): High junction temperature is 100 degrees C
Info (332164): Evaluating HDL-embedded SDC commands
    Info (332165): Entity altera_std_synchronizer
        Info (332166): set_false_path -to [get_keepers {*altera_std_synchronizer:*|din_s1}]
    Info (332165): Entity sld_hub
        Info (332166): create_clock -name altera_reserved_tck [get_ports {altera_reserved_tck}] -period 30MHz   
        Info (332166): if { [string equal quartus_fit $::TimeQuestInfo(nameofexecutable)] } { set_max_delay -to [get_ports { altera_reserved_tdo } ] 0 }
        Info (332166): set_clock_groups -asynchronous -group {altera_reserved_tck}
Info (332104): Reading SDC File: 'jtag_system/synthesis/submodules/altera_reset_controller.sdc'
Info (332104): Reading SDC File: 'jtag_system/synthesis/submodules/altera_avalon_st_jtag_interface.sdc'
Info (332104): Reading SDC File: 'nrm_resonance.sdc'
Info (332151): Clock uncertainty is not calculated until you update the timing netlist.
Info (332123): Deriving Clock Uncertainty. Please refer to report_sdc in the Timing Analyzer to see clock uncertainties.
Info: Found TIMING_ANALYZER_REPORT_SCRIPT_INCLUDE_DEFAULT_ANALYSIS = ON
Info: Analyzing Slow 1100mV 100C Model
Info (332146): Worst-case setup slack is 1.370
    Info (332119):     Slack       End Point TNS Clock 
    Info (332119): ========= =================== =====================
    Info (332119):     1.370               0.000 clk 
    Info (332119):    10.346               0.000 altera_reserved_tck 
Info (332146): Worst-case hold slack is 0.271
    Info (332119):     Slack       End Point TNS Clock 
    Info (332119): ========= =================== =====================
    Info (332119):     0.271               0.000 clk 
    Info (332119):     0.495               0.000 altera_reserved_tck 
Info (332146): Worst-case recovery slack is 16.959
    Info (332119):     Slack       End Point TNS Clock 
    Info (332119): ========= =================== =====================
    Info (332119):    16.959               0.000 clk 
    Info (332119):    29.827               0.000 altera_reserved_tck 
Info (332146): Worst-case removal slack is 0.836
    Info (332119):     Slack       End Point TNS Clock 
    Info (332119): ========= =================== =====================
    Info (332119):     0.836               0.000 clk 
    Info (332119):     1.060               0.000 altera_reserved_tck 
Info (332146): Worst-case minimum pulse width slack is 8.848
    Info (332119):     Slack       End Point TNS Clock 
    Info (332119): ========= =================== =====================
    Info (332119):     8.848               0.000 clk 
    Info (332119):    15.399               0.000 altera_reserved_tck 
Info (332114): Report Metastability: Found 17 synchronizer chains.
    Info (332114): Worst-Case MTBF of Design is 1e+09 years or 3.15e+16 seconds.
    Info (332114): Typical MTBF of Design is 1e+09 years or 3.15e+16 seconds.

    Info (332114): Number of Synchronizer Chains Found: 17
    Info (332114): Shortest Synchronizer Chain: 2 Registers
    Info (332114): Fraction of Chains for which MTBFs Could Not be Calculated: 0.529
    Info (332114): Worst Case Available Settling Time: 18.331 ns
    Info (332114): 
    Info (332114): Worst-Case MTBF values are calculated based on the worst-case silicon characteristics, with worst-case operating conditions.
    Info (332114):   - Under worst-case conditions, an increase of 100ps in available settling time will increase MTBF values by a factor of 8.0
    Info (332114): Typical MTBF values are calculated based on the nominal silicon characteristics, at nominal operating conditions.
    Info (332114):   - Under typical conditions, an increase of 100ps in available settling time will increase MTBF values by a factor of 17.8
Info: Analyzing Slow 1100mV -40C Model
Info (334003): Started post-fitting delay annotation
Info (334004): Delay annotation completed successfully
Info (332123): Deriving Clock Uncertainty. Please refer to report_sdc in the Timing Analyzer to see clock uncertainties.
Info (332146): Worst-case setup slack is 1.597
    Info (332119):     Slack       End Point TNS Clock 
    Info (332119): ========= =================== =====================
    Info (332119):     1.597               0.000 clk 
    Info (332119):    10.774               0.000 altera_reserved_tck 
Info (332146): Worst-case hold slack is 0.258
    Info (332119):     Slack       End Point TNS Clock 
    Info (332119): ========= =================== =====================
    Info (332119):     0.258               0.000 clk 
    Info (332119):     0.546               0.000 altera_reserved_tck 
Info (332146): Worst-case recovery slack is 17.090
    Info (332119):     Slack       End Point TNS Clock 
    Info (332119): ========= =================== =====================
    Info (332119):    17.090               0.000 clk 
    Info (332119):    30.020               0.000 altera_reserved_tck 
Info (332146): Worst-case removal slack is 0.776
    Info (332119):     Slack       End Point TNS Clock 
    Info (332119): ========= =================== =====================
    Info (332119):     0.776               0.000 clk 
    Info (332119):     0.994               0.000 altera_reserved_tck 
Info (332146): Worst-case minimum pulse width slack is 8.797
    Info (332119):     Slack       End Point TNS Clock 
    Info (332119): ========= =================== =====================
    Info (332119):     8.797               0.000 clk 
    Info (332119):    15.420               0.000 altera_reserved_tck 
Info (332114): Report Metastability: Found 17 synchronizer chains.
    Info (332114): Worst-Case MTBF of Design is 1e+09 years or 3.15e+16 seconds.
    Info (332114): Typical MTBF of Design is 1e+09 years or 3.15e+16 seconds.

    Info (332114): Number of Synchronizer Chains Found: 17
    Info (332114): Shortest Synchronizer Chain: 2 Registers
    Info (332114): Fraction of Chains for which MTBFs Could Not be Calculated: 0.529
    Info (332114): Worst Case Available Settling Time: 18.469 ns
    Info (332114): 
    Info (332114): Worst-Case MTBF values are calculated based on the worst-case silicon characteristics, with worst-case operating conditions.
    Info (332114):   - Under worst-case conditions, an increase of 100ps in available settling time will increase MTBF values by a factor of 1.7
    Info (332114): Typical MTBF values are calculated based on the nominal silicon characteristics, at nominal operating conditions.
    Info (332114):   - Under typical conditions, an increase of 100ps in available settling time will increase MTBF values by a factor of 17.8
Info: Analyzing Fast 1100mV 100C Model
Info (334003): Started post-fitting delay annotation
Info (334004): Delay annotation completed successfully
Info (332123): Deriving Clock Uncertainty. Please refer to report_sdc in the Timing Analyzer to see clock uncertainties.
Info (332146): Worst-case setup slack is 5.288
    Info (332119):     Slack       End Point TNS Clock 
    Info (332119): ========= =================== =====================
    Info (332119):     5.288               0.000 clk 
    Info (332119):    13.637               0.000 altera_reserved_tck 
Info (332146): Worst-case hold slack is 0.139
    Info (332119):     Slack       End Point TNS Clock 
    Info (332119): ========= =================== =====================
    Info (332119):     0.139               0.000 clk 
    Info (332119):     0.157               0.000 altera_reserved_tck 
Info (332146): Worst-case recovery slack is 18.259
    Info (332119):     Slack       End Point TNS Clock 
    Info (332119): ========= =================== =====================
    Info (332119):    18.259               0.000 clk 
    Info (332119):    31.092               0.000 altera_reserved_tck 
Info (332146): Worst-case removal slack is 0.455
    Info (332119):     Slack       End Point TNS Clock 
    Info (332119): ========= =================== =====================
    Info (332119):     0.455               0.000 clk 
    Info (332119):     0.460               0.000 altera_reserved_tck 
Info (332146): Worst-case minimum pulse width slack is 8.523
    Info (332119):     Slack       End Point TNS Clock 
    Info (332119): ========= =================== =====================
    Info (332119):     8.523               0.000 clk 
    Info (332119):    15.360               0.000 altera_reserved_tck 
Info (332114): Report Metastability: Found 17 synchronizer chains.
    Info (332114): Worst-Case MTBF of Design is 1e+09 years or 3.15e+16 seconds.
    Info (332114): Typical MTBF of Design is 1e+09 years or 3.15e+16 seconds.

    Info (332114): Number of Synchronizer Chains Found: 17
    Info (332114): Shortest Synchronizer Chain: 2 Registers
    Info (332114): Fraction of Chains for which MTBFs Could Not be Calculated: 0.529
    Info (332114): Worst Case Available Settling Time: 19.133 ns
    Info (332114): 
    Info (332114): Worst-Case MTBF values are calculated based on the worst-case silicon characteristics, with worst-case operating conditions.
    Info (332114):   - Under worst-case conditions, an increase of 100ps in available settling time will increase MTBF values by a factor of 8.0
    Info (332114): Typical MTBF values are calculated based on the nominal silicon characteristics, at nominal operating conditions.
    Info (332114):   - Under typical conditions, an increase of 100ps in available settling time will increase MTBF values by a factor of 17.8
Info: Analyzing Fast 1100mV -40C Model
Info (332123): Deriving Clock Uncertainty. Please refer to report_sdc in the Timing Analyzer to see clock uncertainties.
Info (332146): Worst-case setup slack is 5.796
    Info (332119):     Slack       End Point TNS Clock 
    Info (332119): ========= =================== =====================
    Info (332119):     5.796               0.000 clk 
    Info (332119):    14.260               0.000 altera_reserved_tck 
Info (332146): Worst-case hold slack is 0.121
    Info (332119):     Slack       End Point TNS Clock 
    Info (332119): ========= =================== =====================
    Info (332119):     0.121               0.000 clk 
    Info (332119):     0.137               0.000 altera_reserved_tck 
Info (332146): Worst-case recovery slack is 18.544
    Info (332119):     Slack       End Point TNS Clock 
    Info (332119): ========= =================== =====================
    Info (332119):    18.544               0.000 clk 
    Info (332119):    31.437               0.000 altera_reserved_tck 
Info (332146): Worst-case removal slack is 0.304
    Info (332119):     Slack       End Point TNS Clock 
    Info (332119): ========= =================== =====================
    Info (332119):     0.304               0.000 clk 
    Info (332119):     0.381               0.000 altera_reserved_tck 
Info (332146): Worst-case minimum pulse width slack is 8.447
    Info (332119):     Slack       End Point TNS Clock 
    Info (332119): ========= =================== =====================
    Info (332119):     8.447               0.000 clk 
    Info (332119):    15.372               0.000 altera_reserved_tck 
Info (332114): Report Metastability: Found 17 synchronizer chains.
    Info (332114): Worst-Case MTBF of Design is 1e+09 years or 3.15e+16 seconds.
    Info (332114): Typical MTBF of Design is 1e+09 years or 3.15e+16 seconds.

    Info (332114): Number of Synchronizer Chains Found: 17
    Info (332114): Shortest Synchronizer Chain: 2 Registers
    Info (332114): Fraction of Chains for which MTBFs Could Not be Calculated: 0.529
    Info (332114): Worst Case Available Settling Time: 19.217 ns
    Info (332114): 
    Info (332114): Worst-Case MTBF values are calculated based on the worst-case silicon characteristics, with worst-case operating conditions.
    Info (332114):   - Under worst-case conditions, an increase of 100ps in available settling time will increase MTBF values by a factor of 1.7
    Info (332114): Typical MTBF values are calculated based on the nominal silicon characteristics, at nominal operating conditions.
    Info (332114):   - Under typical conditions, an increase of 100ps in available settling time will increase MTBF values by a factor of 17.8
Info (332102): Design is not fully constrained for setup requirements
Info (332102): Design is not fully constrained for hold requirements
Info: Quartus Prime Timing Analyzer was successful. 0 errors, 1 warning
    Info: Peak virtual memory: 1077 megabytes
    Info: Processing ended: Fri Nov 28 12:03:02 2025
    Info: Elapsed time: 00:00:07
    Info: Total CPU time (on all processors): 00:00:12


