{
  "conditions": [
    {
      "warmup": false,
      "accuracy": 0.9960000000000001
    },
    {
      "warmup": true,
      "accuracy": 0.9960000000000001
    }
  ]
}