{
  "distributions": {
    "random": {
      "mean": 0.027716399716077197,
      "std": 0.013894379947632485,
      "max": 0.07958293637660348
    },
    "pi_self": {
      "mean": 1.0,
      "std": 1.4766383598692854e-16,
      "max": 1.0000000000000004
    },
    "pi_phi": {
      "mean": 0.0003721032921665802,
      "std": 2.5697609913422514e-11,
      "max": 0.0003721033469891093
    }
  }
}