{
  "avg_similarity": 0.9966951060770143,
  "trials": [
    0.9968132607909264,
    0.9965247928722667,
    0.9966846583185086,
    0.9967451205182098,
    0.9965897017893809,
    0.9965772110571933,
    0.9968928410313082,
    0.9967522653604829,
    0.9966319848512365,
    0.9967392241806287
  ]
}