{
  "avg_similarity": 1.0,
  "trials": [
    1.0,
    1.0,
    1.0,
    0.9999999999999999,
    1.0,
    0.9999999999999999,
    1.0,
    1.0,
    1.0,
    1.0
  ]
}