{
  "meta_info": {
    "analysis_date": "2025-10-25",
    "cycles_analyzed": [
      133,
      134,
      135,
      136,
      137,
      138,
      139,
      140,
      141,
      142,
      143,
      144,
      145,
      147,
      148,
      149,
      150,
      151,
      152,
      153,
      154,
      155,
      156,
      157,
      158,
      159,
      160,
      161
    ],
    "total_cycles": 28,
    "total_experiments": 682
  },
  "temporal_evolution": {
    "cycle_sequence": [
      133,
      135,
      136,
      137,
      138,
      139,
      140,
      141,
      142,
      144,
      145,
      147,
      148,
      149,
      150,
      151,
      152,
      153,
      154,
      155,
      156,
      157,
      158,
      159,
      160,
      161
    ],
    "composition_evolution": [
      1.0,
      1.0,
      0.76,
      0.9450000000000001,
      1.0,
      1.0,
      2.2,
      1.5083333333333335,
      1.0,
      2.4253333333333336,
      2.2966666666666664
    ],
    "spawn_accuracy_evolution": [
      99.88000000000001,
      99.93333333333332
    ],
    "basin_a_evolution": [
      8.571428571428571,
      0.0,
      0.0,
      0.0,
      50.0,
      22.22222222222222,
      5.714285714285714,
      30.0,
      25.0,
      2.7777777777777777,
      14.285714285714285,
      41.66666666666667,
      33.9622641509434,
      33.33333333333333,
      54.54545454545454,
      0.0,
      0.0,
      0.0,
      0.0,
      0.0,
      0.0,
      0.0,
      0.0,
      0.0,
      0.0,
      33.33333333333333
    ],
    "experiment_count_evolution": [
      35,
      20,
      15,
      6,
      10,
      18,
      35,
      30,
      20,
      36,
      35,
      12,
      53,
      12,
      11,
      21,
      18,
      15,
      60,
      57,
      55,
      30,
      12,
      48,
      15,
      3
    ],
    "composition_trend": {
      "slope": 0.13846666666666668,
      "r_squared": 0.5383874499615086,
      "p_value": 0.010160489627878693,
      "significant": true,
      "direction": "increasing"
    }
  },
  "parameter_space_coverage": {
    "frequencies": [],
    "seeds": [
      42,
      123,
      456,
      789,
      1011,
      1024
    ],
    "thresholds": [
      300,
      400,
      500,
      600,
      625,
      650,
      675,
      700,
      725,
      800,
      900
    ],
    "agent_caps": [
      10,
      15,
      20,
      30
    ],
    "n_frequencies": 0,
    "n_seeds": 6,
    "n_thresholds": 11,
    "n_agent_caps": 4
  },
  "discovery_timeline": {
    "discoveries": [
      {
        "cycle": 133,
        "discovery": "Threshold-diversity grid mapping",
        "significance": "Established parameter space exploration framework"
      },
      {
        "cycle": 134,
        "discovery": "Ultra-longterm stability validation",
        "significance": "Confirmed system stability over extended runtimes"
      },
      {
        "cycle": 140,
        "discovery": "Resonance region refinement",
        "significance": "Identified harmonic frequency bands"
      },
      {
        "cycle": 157,
        "discovery": "Harmonic discovery mechanism",
        "significance": "First systematic harmonic detection"
      },
      {
        "cycle": 160,
        "discovery": "Bug #1: Corrected spawning calculation",
        "significance": "Fixed inverted spawn_interval, achieved 99.7% accuracy"
      },
      {
        "cycle": 161,
        "discovery": "Bug #2: Threshold calibration",
        "significance": "Recalibrated from 700 to 2.5, discovered Basin A (33%)"
      }
    ],
    "bug_fixes": [],
    "phase_transitions": [
      {
        "cycle": 138,
        "shift": 50.0,
        "from_pct": 0.0,
        "to_pct": 50.0
      },
      {
        "cycle": 139,
        "shift": -27.77777777777778,
        "from_pct": 50.0,
        "to_pct": 22.22222222222222
      },
      {
        "cycle": 141,
        "shift": 24.285714285714285,
        "from_pct": 5.714285714285714,
        "to_pct": 30.0
      },
      {
        "cycle": 144,
        "shift": -22.22222222222222,
        "from_pct": 25.0,
        "to_pct": 2.7777777777777777
      },
      {
        "cycle": 147,
        "shift": 27.380952380952387,
        "from_pct": 14.285714285714285,
        "to_pct": 41.66666666666667
      },
      {
        "cycle": 150,
        "shift": 21.21212121212121,
        "from_pct": 33.33333333333333,
        "to_pct": 54.54545454545454
      },
      {
        "cycle": 151,
        "shift": -54.54545454545454,
        "from_pct": 54.54545454545454,
        "to_pct": 0.0
      },
      {
        "cycle": 161,
        "shift": 33.33333333333333,
        "from_pct": 0.0,
        "to_pct": 33.33333333333333
      }
    ]
  },
  "publication_summary": {
    "research_scope": {
      "total_cycles": 28,
      "cycle_range": "133-161",
      "total_experiments": 682
    },
    "key_findings": [
      {
        "finding": "Composition events show increasing trend",
        "statistical_support": "R\u00b2=0.538, p=0.0102",
        "significance": "Demonstrates systematic evolution of system behavior"
      },
      {
        "finding": "Basin A convergence: 0.0% \u2192 54.5%",
        "statistical_support": "Range: 54.5% change",
        "significance": "Reveals bistable attractor structure through iterative correction"
      }
    ],
    "parameter_space_exploration": {
      "frequencies": [],
      "seeds": [
        42,
        123,
        456,
        789,
        1011,
        1024
      ],
      "thresholds": [
        300,
        400,
        500,
        600,
        625,
        650,
        675,
        700,
        725,
        800,
        900
      ],
      "agent_caps": [
        10,
        15,
        20,
        30
      ],
      "n_frequencies": 0,
      "n_seeds": 6,
      "n_thresholds": 11,
      "n_agent_caps": 4
    },
    "temporal_evolution": {
      "cycle_sequence": [
        133,
        135,
        136,
        137,
        138,
        139,
        140,
        141,
        142,
        144,
        145,
        147,
        148,
        149,
        150,
        151,
        152,
        153,
        154,
        155,
        156,
        157,
        158,
        159,
        160,
        161
      ],
      "composition_evolution": [
        1.0,
        1.0,
        0.76,
        0.9450000000000001,
        1.0,
        1.0,
        2.2,
        1.5083333333333335,
        1.0,
        2.4253333333333336,
        2.2966666666666664
      ],
      "spawn_accuracy_evolution": [
        99.88000000000001,
        99.93333333333332
      ],
      "basin_a_evolution": [
        8.571428571428571,
        0.0,
        0.0,
        0.0,
        50.0,
        22.22222222222222,
        5.714285714285714,
        30.0,
        25.0,
        2.7777777777777777,
        14.285714285714285,
        41.66666666666667,
        33.9622641509434,
        33.33333333333333,
        54.54545454545454,
        0.0,
        0.0,
        0.0,
        0.0,
        0.0,
        0.0,
        0.0,
        0.0,
        0.0,
        0.0,
        33.33333333333333
      ],
      "experiment_count_evolution": [
        35,
        20,
        15,
        6,
        10,
        18,
        35,
        30,
        20,
        36,
        35,
        12,
        53,
        12,
        11,
        21,
        18,
        15,
        60,
        57,
        55,
        30,
        12,
        48,
        15,
        3
      ],
      "composition_trend": {
        "slope": 0.13846666666666668,
        "r_squared": 0.5383874499615086,
        "p_value": 0.010160489627878693,
        "significant": true,
        "direction": "increasing"
      }
    },
    "discovery_timeline": {
      "discoveries": [
        {
          "cycle": 133,
          "discovery": "Threshold-diversity grid mapping",
          "significance": "Established parameter space exploration framework"
        },
        {
          "cycle": 134,