{
  "metadata": {
    "git_sha": "cdc568180183646bcb3f0c4579ced015b1c46525",
    "generated_at": "2025-10-27T00:51:45.703032",
    "script": "analysis_script.py",
    "analysis_type": "corrected_experiments_analysis",
    "nrm_version": "6.7",
    "metadata_added_retrospectively": true
  },
  "total_experiments": 18,
  "cycles_analyzed": [
    160,
    161
  ],
  "composition_stats": {
    "mean": 2.403888888888889,
    "median": 2.4299999999999997,
    "std": 0.21351916096398804,
    "min": 2.1,
    "max": 2.76
  },
  "threshold_analysis": {
    "1.5": {
      "count": 18,
      "pct": 100.0
    },
    "2.0": {
      "count": 18,
      "pct": 100.0
    },
    "2.5": {
      "count": 7,
      "pct": 38.88888888888889
    },
    "3.0": {
      "count": 0,
      "pct": 0.0
    },
    "5.0": {
      "count": 0,
      "pct": 0.0
    },
    "7.0": {
      "count": 0,
      "pct": 0.0
    }
  },
  "optimal_threshold": 2.5
}