{
  "condition_results": {
    "BASELINE": {
      "condition": "BASELINE",
      "n_experiments": 10,
      "population": {
        "mean": 0.49399999999999994,
        "std": 5.851389114294502e-17,
        "cv": 1.1844917235413973e-14,
        "min": 0.494,
        "max": 0.494,
        "range": 0.0
      },
      "composition": {
        "mean": 1.2666666666666664,
        "std": 2.340555645717801e-16,
        "cv": 1.84780708872458e-14
      },
      "basin": {
        "basin_a_pct": 0.0,
        "basin_a_count": 0,
        "basin_b_count": 10
      },
      "homeostatic": 