{
  "basin_comparison": {
    "cycle_162": {
      "total": 45,
      "basin_a": 15,
      "basin_b": 30,
      "basin_a_pct": 33.33333333333333
    },
    "cycle_163": {
      "total": 50,
      "basin_a": 50,
      "basin_b": 0,
      "basin_a_pct": 100.0
    },
    "shift": {
      "delta_basin_a": 35,
      "delta_basin_a_pct": 66.66666666666667
    }
  },
  "frequency_comparison": {
    "cycle_162_frequencies": [
      1,
      5,
      10,
      15,
      20,
      25,
      30,
      40,
      50,
      60,
      70,
      80,
      90,
      95,
      99
    ],
    "cycle_163_frequencies": [
      5,
      25,
      50,
      75,
      95
    ],
    "common_frequencies": [
      5,
      25,
      50,
      95
    ],
    "cycle_162_unique": [
      1,
      10,
      15,
      20,
      30,
      40,
      60,
      70,
      80,
      90,
      99
    ],
    "cycle_163_unique": []
  },
  "common_frequency_analysis": [
    {
      "frequency": 5,
      "cycle_162": {
        "n": 3,
        "basin_a": 2,
        "basin_a_pct": 66.66666666666666
      },
      "cycle_163": {
        "n": 10,
        "basin_a": 10,
        "basin_a_pct": 100.0
      },
      "delta_pct": 33.33333333333334
    },
    {
      "frequency": 25,
      "cycle_162": {
        "n": 3,
        "basin_a": 1,
        "basin_a_pct": 33.33333333333333
      },
      "cycle_163": {
        "n": 10,
        "basin_a": 10,
        "basin_a_pct": 100.0
      },
      "delta_pct": 66.66666666666667
    },
    {
      "frequency": 50,
      "cycle_162": {
        "n": 3,
        "basin_a": 1,
        "basin_a_pct": 33.33333333333333
      },
      "cycle_163": {
        "n": 10,
        "basin_a": 10,
        "basin_a_pct": 100.0
      },
      "delta_pct": 66.66666666666667
    },
    {
      "frequency": 95,
      "cycle_162": {
        "n": 3,
        "basin_a": 2,
        "basin_a_pct": 66.66666666666666
      },
      "cycle_163": {
        "n": 10,
        "basin_a": 10,
        "basin_a_pct": 100.0
      },
      "delta_pct": 33.33333333333334
    }
  ],
  "interpretation": {
    "cycle_163_universal_basin_a": true,
    "average_delta_pct": 50.00000000000001
  }
}