{
  "param_name": "r",
  "param_values": [
    0.05,
    0.055128205128205134,
    0.06025641025641026,
    0.06538461538461539,
    0.07051282051282051,
    0.07564102564102565,
    0.08076923076923077,
    0.0858974358974359,
    0.09102564102564104,
    0.09615384615384616,
    0.10128205128205128,
    0.10641025641025642,
    0.11153846153846154,
    0.11666666666666667,
    0.12179487179487179,
    0.12692307692307692,
    0.13205128205128205,
    0.1371794871794872,
    0.1423076923076923,
    0.14743589743589744,
    0.15256410256410258,
    0.1576923076923077,
    0.16282051282051282,
    0.16794871794871796,
    0.17307692307692307,
    0.17820512820512818,
    0.18333333333333335,
    0.18846153846153846,
    0.19358974358974357,
    0.19871794871794873,
    0.20384615384615384,
    0.20897435897435895,
    0.21410256410256412,
    0.21923076923076923,
    0.22435897435897434,
    0.2294871794871795,
    0.23461538461538461,
    0.23974358974358972,
    0.2448717948717949,
    0.25
  ],
  "equilibria": [
    [
      326.6550522679579,
      50.0,
      0.5519869918027283,
      0.24243278622978984
    ],
    [
      337.0698876805137,
      50.0,
      0.5493536477557385,
      0.2560194494725373
    ],
    [
      347.43840611936355,
      50.0,
      0.5467737269687282,
      0.26937742478151644
    ],
    [
      357.7609158679451,
      50.0,
      0.544246074907837,
      0.2825127081719128
    ],
    [
      368.0377224829546,
      50.0,
      0.5417695625978955,
      0.2954309813761932
    ],
    [
      378.2691288213471,
      50.0,
      0.539343086046073,
      0.3081376917170693
    ],
    [
      388.455435070088,
      50.0,
      0.5369655656815204,
      0.32063806621974583
    ],
    [
      398.596938775511,
      50.0,
      0.5346359458086355,
      0.33293712463226
    ],
    [
      408.6939348722908,
      50.0,
      0.5323531940735191,
      0.34503969145532365
    ],
    [
      418.7467157120345,
      50.0,
      0.5301163009432148,
      0.35695040707210196
    ],
    [
      428.7555710914978,
      50.0,
      0.5279242791973348,
      0.36867373805882414
    ],
    [
      438.72078828043345,
      50.0,
      0.5257761634317,
      0.38021398674862555
    ],
    [
      448.6426520490743,
      50.0,
      0.5236710095736309,
      0.39157530011361397
    ],
    [
      458.52144469526047,
      50.0,
      0.5216078944085455,
      0.40276167802357876
    ],
    [
      468.3574460712129,
      50.0,
      0.5195859151175338,
      0.41377698093393767
    ],
    [
      478.1509336099595,
      50.0,
      0.517604188825591,
      0.42462493705037935
    ],
    [
      487.9021823514199,
      50.0,
      0.5156618521602088,
      0.43530914901304973
    ],
    [
      497.6114649681538,
      50.0,
      0.5137580608200304,
      0.4458331001390954
    ],
    [
      507.27905179077646,
      50.0,
      0.5118919891532927,
      0.4562001602586939
    ],
    [
      516.9052108330486,
      50.0,
      0.5100628297457881,
      0.4664135911764924
    ],
    [
      526.4902078166433,
      50.0,
      0.5082697930180862,
      0.4764765517874485
    ],
    [
      536.0343061955974,
      50.0,
      0.5065121068317731,
      0.48639210287346435
    ],
    [
      545.5377671804488,
      50.0,
      0.5047890161044679,
      0.4961632116048702
    ],
    [
      555.0008497620674,
      50.0,
      0.5030997824333905,
      0.5057927557687161
    ],
    [
      564.4238107351828,
      50.0,
      0.5014436837272606,
      0.5152835277439198
    ],
    [
      573.8069047216119,
      50.0,
      0.4998200138463197,
      0.5246382382416233
    ],
    [
      583.1503841931951,
      50.0,
      0.4982280822502688,
      0.5338595198275778
    ],
    [
      592.4544994944397,
      50.0,
      0.49666721365393257,
      0.5429499302419504
    ],
    [
      601.7194988648793,
      50.0,
      0.49513674769045596,
      0.5519119555307144
    ],
    [
      610.945628461152,
      50.0,
      0.4936360385818561,
      0.560748013001626
    ],
    [
      620.1331323787999,
      50.0,
      0.4921644548167521,
      0.5694604540167449
    ],
    [
      629.2822526737975,
      50.0,
      0.4907213788351041,
      0.5780515666325191
    ],
    [
      638.3932293838079,
      50.0,
      0.48930620671979924,
      0.586523578097595
    ],
    [
      647.4663005491768,
      50.0,
      0.487918347894925,
      0.5948786572177137
    ],
    [
      656.5017022336633,
      50.0,
      0.4865572248305786,
      0.6031189165963654
    ],
    [
      665.4996685449128,
      50.0,
      0.48522227275406427,
      0.6112464147591846
    ],
    [
      674.4604316546768,
      50.0,
      0.48391293936733387,
      0.6192631581695116
    ],
    [
      683.3842218187824,
      50.0,
      0.4826286845705344,
      0.6271711031419651
    ],
    [
      692.2712673968547,
      50.0,
      0.4813689801915257,
      0.6349721576603846
    ],
    [
      701.1217948717954,
      50.0,
      0.48013330972123847,
      0.6426681831060401
    ]
  ],
  "stability": [
    "unstable",
    "unstable",
    "unstable",
    "unstable",
    "unstable",
    "unstable",
    "unstable",
    "unstable",
    "unstable",
    "unstable",
    "unstable",
    "unstable",
    "unstable",
    "unstable",
    "unstable",
    "unstable",
    "unstable",
    "unstable",
    "unstable",
    "unstable",
    "unstable",
    "unstable",
    "unstable",
    "unstable",
    "unstable",
    "unstable",
    "unstable",
    "unstable",
    "unstable",
    "unstable",
    "unstable",
    "unstable",
    "unstable",
    "unstable",
    "unstable",
    "unstable",
    "unstable",
    "unstable",
    "unstable",
    "unstable"
  ],
  "found": [
    true,
    true,
    true,
    true,
    true,
    true,
    true,
    true,
    true,
    true,
    true,
    true,
    true,
    true,
    true,
    true,
    true,
    true,
    true,
    true,
    true,
    true,
    true,
    true,
    true,
    true,
    true,
    true,
    true,
    true,
    true,
    true,
    true,
    true,
    true,
    true,
    true,
    true,
    true,
    true
  ],
  "bifurcations_detected": []
}