{
  "metadata": {
    "git_sha": "08968e68ffa05520b12ce5c5f135932fc9960ea6",
    "generated_at": "20251027_123919",
    "script": "paper7_phase3_extreme_parameters_20251027_123919.py",
    "nrm_version": "6.7",
    "metadata_added_retrospectively": true
  },
  "timestamp": "20251027_123919",
  "base_params": {
    "r": 0.15,
    "K": 100.0,
    "alpha": 0.1,
    "beta": 0.02,
    "gamma": 0.3,
    "lambda_0": 2.5,
    "mu_0": 0.4,
    "sigma": 0.1,
    "omega": 0.02,
    "kappa": 0.1,
    "phi_0": 0.06,
    "rho_threshold": 5.0
  },
  "sweeps": [
    {
      "param_name": "omega",
      "param_values": [
        0.001,
        0.002,
        0.003,
        0.004,
        0.005,
        0.006,
        0.007,
        0.008,
        0.009000000000000001,
        0.01,
        0.01,
        0.014444444444444444,
        0.01888888888888889,
        0.02333333333333333,
        0.027777777777777776,
        0.03222222222222222,
        0.03666666666666667,
        0.04111111111111111,
        0.04555555555555556,
        0.05,
        0.05,
        0.061111111111111116,
        0.07222222222222222,
        0.08333333333333333,
        0.09444444444444444,
        0.10555555555555556,
        0.11666666666666665,
        0.12777777777777777,
        0.1388888888888889,
        0.15
      ],
      "regimes": [
        "sustained",
        "sustained",
        "sustained",
        "sustained",
        "sustained",
        "sustained",
        "sustained",
        "sustained",
        "sustained",
        "sustained",
        "sustained",
        "sustained",
        "sustained",
        "sustained",
        "sustained",
        "sustained",
        "sustained",
        "sustained",
        "sustained",
        "sustained",
        "sustained",
        "error",
        "error",
        "error",
        "error",
        "error",
        "error",
        "error",
        "error",
        "error"
      ],
      "N_mean": [
        182.6250684761497,
        182.52266596693556,
        182.38306723819036,
        182.20844548325405,
        181.99929763483053,
        181.75532394665916,
        181.4754402205357,
        181.1584809781508,
        180.80263312773167,
        180.40301074018552,
        180.40301074018552,
        185.19707469775085,
        187.67311777240957,
        188.50983578210307,
        188.99444942775813,
        189.2430785658471,
        189.00651495257318,
        191.8026481275605,
        192.67614164478425,
        193.15533032579592,
        193.15533032579592,
        NaN,
        NaN,
        NaN,
        NaN,
        NaN,
        NaN,
        NaN,
        NaN,
        NaN
      ],
      "N_std": [
        6.814658674850617,
        6.834167654229592,
        6.86079157556398,
        6.8941580825391835,
        6.9340886869029195,
        6.980632920521976,
        7.033941587620453,
        7.094237580995216,
        7.161791520940562,
        7.237478819654918,
        7.237478819654918,
        6.339925618689646,
        5.870451179102964,
        5.718713155606106,
        5.6381400163392925,
        5.606016787255924,
        5.67278698943396,
        5.1357263816469185,
        4.982785411107341,
        4.911399646978931,
        4.911399646978931,
        NaN,
        NaN,
        NaN,
        NaN,
        NaN,
        NaN,
        NaN,
        NaN,
        NaN
      ],
      "cv": [
        0.037315023242499655,
        0.037442843703957396,
        0.0376174810493995,
        0.037836654959952414,
        0.038099535421371275,
        0.03840675898204019,
        0.03875974390293555,
        0.03916039449376284,
        0.03961110187969978,
        0.040118392647439,
        0.040118392647439,
        0.03423340044132264,
        0.03128019211692341,
        0.03033641789501275,
        0.02983230477620156,
        0.029623364985078234,
        0.030013711383744708,
        0.026776097367703422,
        0.02586093622475352,
        0.025427202235086408,
        0.025427202235086408,
        NaN,
        NaN,
        NaN,
        NaN,
        NaN,
        NaN,
        NaN,
        NaN,
        NaN
      ]
    },
    {
      "param_name": "rho_threshold",
      "param_values": [
        0.5,
        0.875,
        1.25,
        1.625,
        2.0,
        2.0,
        2.888888888888889,
        3.7777777777777777,
        4.666666666666666,
        5.555555555555555,
        6.444444444444445,
        7.333333333333333,
        8.222222222222221,
        9.11111111111111,
        10.0,
        10.0,
        14.444444444444445,
        18.88888888888889,
        23.333333333333336,
        27.77777777777778,
        32.22222222222222,
        36.66666666666667,
        41.111111111111114,
        45.55555555555556,
        50.0
      ],
      "regimes": [
        "sustained",
        "sustained",
        "sustained",
        "sustained",
        "sustained",
        "sustained",
        "sustained",
        "sustained",
        "sustained",
        "sustained",
        "sustained",
        "sustained",
        "sustained",
        "sustained",
        "collapsed",
        "collapsed",
        "collapsed",
        "collapsed",
        "collapsed",
        "sustained",
        "collapsed",
        "sustained",
        "collapsed",
        "collapsed",
        "collapsed"
      ],
      "N_mean": [
        242.71596099151753,
        239.76094934059222,
        235.73025869370923,
        229.96318607991137,
        227.44516766017293,
        227.44516766017293,
        216.58437772175117,
        205.49342363608443,
        189.56392589277058,
        175.43778996344022,
        163.21861711312684,
        142.38579102120914,
        122.93821358007342,
        97.31021678412044,
        0.9999999899395767,
        0.9999999899395767,
        0.9999999910133874,
        0.9999999163508132,
        0.999999999466999,
        227.44516766017293,
        0.9999999911405341,
        227.44516766017293,
        0.999999975481256,
        0.9999999843933891,
        0.9999999867817254
      ],
      "N_std": [
        4.755541842328352,
        4.6425472735014255,
        4.778291636848898,
        5.310645907524293,
        5.002009024106116,
        5.002009024106116,
        5.329100769572917,
        5.491447572459023,
        6.410366751776105,
        6.6401481056945935,
        6.267145851790066,
        6.919804956088349,
        6.853258677145954,
        6.8589039578923705,
        0.0,
        0.0,
        1.1102230246251565e-16,
        0.0,
        0.0,
        5.002009024106116,
        0.0,
        5.002009024106116,
        1.1102230246251565e-16,
        2.220446049250313e-16,
        0.0
      ],
      "cv": [
        0.019593033037059105,
        0.01936323361360427,
        0.0202701666868209,
        0.02309346116677503,
        0.021992153430050645,
        0.021992153430050645,
        0.024605194638827016,
        0.026723227805985763,
        0.03381638527259778,
        0.037849018202283244,
        0.038397248810448543,
        0.04859898523903699,
        0.05574555280716046,
        0.0704849314343696,
        0.0,
        0.0,
        1.1102230346023007e-16,
        0.0,
        0.0,
        0.021992153430050645,
        0.0,
        0.021992153430050645,
        1.1102230518464313e-16,
        2.220446083903951e-16,
        0.0
      ]
    },
    {
      "param_name": "phi_0",