{
  "param_name": "K",
  "param_values": [
    50.0,
    52.56410256410256,
    55.12820512820513,
    57.69230769230769,
    60.256410256410255,
    62.82051282051282,
    65.38461538461539,
    67.94871794871796,
    70.51282051282051,
    73.07692307692308,
    75.64102564102564,
    78.2051282051282,
    80.76923076923077,
    83.33333333333334,
    85.8974358974359,
    88.46153846153847,
    91.02564102564102,
    93.58974358974359,
    96.15384615384616,
    98.71794871794873,
    101.28205128205128,
    103.84615384615385,
    106.41025641025641,
    108.97435897435898,
    111.53846153846155,
    114.1025641025641,
    116.66666666666667,
    119.23076923076924,
    121.7948717948718,
    124.35897435897436,
    126.92307692307693,
    129.4871794871795,
    132.05128205128204,
    134.61538461538464,
    137.17948717948718,
    139.74358974358975,
    142.30769230769232,
    144.87179487179486,
    147.43589743589746,
    150.0
  ],
  "equilibria": [
    [
      490.9662215239585,
      50.0,
      0.515057822360243,
      0.43864251725562314
    ],
    [
      493.80455938155967,
      50.0,
      0.5145009520075391,
      0.4417202575815283
    ],
    [
      496.40739577735854,
      50.0,
      0.5139925312027566,
      0.44453414065243557
    ],
    [
      498.802873104419,
      50.0,
      0.5135265060476487,
      0.4471166991244613
    ],
    [
      501.01482151070877,
      50.0,
      0.5130977901523875,
      0.4494953290450917
    ],
    [
      503.06355438007256,
      50.0,
      0.5127020789123911,
      0.45169326505448765
    ],
    [
      504.96649398787486,
      50.0,
      0.5123357049591555,
      0.4537303415629319
    ],
    [
      506.7386681760059,
      50.0,
      0.5119955245211835,
      0.45562359275785447
    ],
    [
      508.3931080381257,
      50.0,
      0.511678827252925,
      0.45738772989531123
    ],
    [
      509.94116889249096,
      50.0,
      0.5113832640683894,
      0.4590355241907754
    ],
    [
      511.39279126851255,
      50.0,
      0.5111067889222182,
      0.4605781163960066
    ],
    [
      512.756714591192,
      50.0,
      0.5108476114928602,
      0.4620252689322696
    ],
    [
      514.0406532722243,
      50.0,
      0.5106041584591264,
      0.46338557264183383
    ],
    [
      515.2514427040302,
      50.0,
      0.510375041603551,
      0.4646666174095191
    ],
    [
      516.3951609919645,
      50.0,
      0.5101590313790291,
      0.46587513381156986
    ],
    [
      517.47723100183,
      50.0,
      0.509955034877711,
      0.46701711137337537
    ],
    [
      518.5025063388708,
      50.0,
      0.509762077370191,
      0.46809789782164457
    ],
    [
      519.4753441346213,
      50.0,
      0.5095792867579434,
      0.46912228280145274
    ],
    [
      520.3996669442099,
      50.0,
      0.5094058804165625,
      0.4700945688227915
    ],
    [
      521.2790156085805,
      50.0,
      0.5092411540117384,
      0.4710186316529256
    ],
    [
      522.1165945837321,
      50.0,
      0.5090844719513883,
      0.4718979719419275
    ],
    [
      522.9153109603031,
      50.0,
      0.5089352592014126,
      0.47273575953100344
    ],
    [
      523.6778081749246,
      50.0,
      0.5087929942432099,
      0.473534871625612
    ],
    [
      524.4064952371539,
      50.0,
      0.5086572029913865,
      0.47429792580210534
    ],
    [
      525.1035721528511,
      50.0,
      0.5085274535223585,
      0.4750273086456447
    ],
    [
      525.7710521092272,
      50.0,
      0.5084033514904908,
      0.4757252006794391
    ],
    [
      526.4107808927919,
      50.0,
      0.508284536129402,
      0.4763935981337704
    ],
    [
      527.0244539346619,
      50.0,
      0.5081706767531201,
      0.47703433201251305
    ],
    [
      527.6136313147016,
      50.0,
      0.5080614696856933,
      0.47764908484060986
    ],
    [
      528.1797510040856,
      50.0,
      0.5079566355592827,
      0.47823940541504056
    ],
    [
      528.724140582942,
      50.0,
      0.5078559169301657,
      0.4788067218315352
    ],
    [
      529.2480276340829,
      50.0,
      0.5077590761698576,
      0.4793523530176803
    ],
    [
      529.7525489841091,
      50.0,
      0.5076658935950158,
      0.4798775189684591
    ],
    [
      530.2387589383102,
      50.0,
      0.5075761658051745,
      0.48038334985140435
    ],
    [
      530.7076366348967,
      50.0,
      0.507489704201858,
      0.4808708941243706
    ],
    [
      531.160092626523,
      50.0,
      0.5074063336663982,
      0.4813411257886284
    ],
    [
      531.5969747821888,
      50.0,
      0.5073258913769657,
      0.48179495088285207
    ],
    [
      532.0190735946851,
      50.0,
      0.5072482257512442,
      0.4822332133140352
    ],
    [
      532.4271269348538,
      50.0,
      0.5071731954805099,
      0.4826567000740857
    ],
    [
      532.8218243857534,
      50.0,
      0.5071006686926349,
      0.48306614598681397
    ]
  ],
  "stability": [
    "unstable",
    "unstable",
    "unstable",
    "unstable",
    "unstable",
    "unstable",
    "unstable",
    "unstable",
    "unstable",
    "unstable",
    "unstable",
    "unstable",
    "unstable",
    "unstable",
    "unstable",
    "unstable",
    "unstable",
    "unstable",
    "unstable",
    "unstable",
    "unstable",
    "unstable",
    "unstable",
    "unstable",
    "unstable",
    "unstable",
    "unstable",
    "unstable",
    "unstable",
    "unstable",
    "unstable",
    "unstable",
    "unstable",
    "unstable",
    "unstable",
    "unstable",
    "unstable",
    "unstable",
    "unstable",
    "unstable"
  ],
  "found": [
    true,
    true,
    true,
    true,
    true,
    true,
    true,
    true,
    true,
    true,
    true,
    true,
    true,
    true,
    true,
    true,
    true,
    true,
    true,
    true,
    true,
    true,
    true,
    true,
    true,
    true,
    true,
    true,
    true,
    true,
    true,
    true,
    true,
    true,
    true,
    true,
    true,
    true,
    true,
    true
  ],
  "bifurcations_detected": []
}