{
  "param_name": "omega",
  "param_values": [
    0.01,
    0.011025641025641027,
    0.012051282051282051,
    0.013076923076923076,
    0.014102564102564103,
    0.01512820512820513,
    0.016153846153846154,
    0.01717948717948718,
    0.018205128205128207,
    0.019230769230769232,
    0.020256410256410257,
    0.02128205128205128,
    0.022307692307692306,
    0.02333333333333333,
    0.02435897435897436,
    0.025384615384615387,
    0.026410256410256412,
    0.027435897435897437,
    0.02846153846153846,
    0.029487179487179487,
    0.03051282051282051,
    0.031538461538461536,
    0.03256410256410257,
    0.03358974358974359,
    0.03461538461538462,
    0.03564102564102564,
    0.03666666666666667,
    0.03769230769230769,
    0.038717948717948716,
    0.03974358974358974,
    0.04076923076923077,
    0.0417948717948718,
    0.04282051282051282,
    0.04384615384615385,
    0.04487179487179487,
    0.0458974358974359,
    0.04692307692307692,
    0.04794871794871795,
    0.04897435897435898,
    0.05
  ],
  "equilibria": [
    [
      521.7028380634391,
      50.0,
      0.509161844709837,
      1.13939707388185
    ],
    [
      521.702838063439,
      50.0,
      0.509161844709837,
      0.9682248863666589
    ],
    [
      521.702838063439,
      50.0,
      0.509161844709837,
      0.8537703326137401
    ],
    [
      521.702838063439,
      50.0,
      0.509161844709837,
      0.7679258903732926
    ],
    [
      521.702838063439,
      50.0,
      0.509161844709837,
      0.6998789536289901
    ],
    [
      521.702838063439,
      50.0,
      0.509161844709837,
      0.6440707339581081
    ],
    [
      521.702838063439,
      50.0,
      0.509161844709837,
      0.5972025567569121
    ],
    [
      521.7028380634391,
      50.0,
      0.509161844709837,
      0.5571382718590209
    ],
    [
      521.702838063439,
      50.0,
      0.509161844709837,
      0.5224100139021962
    ],
    [
      521.7028380634391,
      50.0,
      0.509161844709837,
      0.4919645973686845
    ],
    [
      521.702838063439,
      50.0,
      0.509161844709837,
      0.4650209491762965
    ],
    [
      521.7028380634391,
      50.0,
      0.509161844709837,
      0.44098438921392863
    ],
    [
      521.702838063439,
      50.0,
      0.509161844709837,
      0.4193923329280501
    ],
    [
      521.7028380634391,
      50.0,
      0.509161844709837,
      0.3998784449542481
    ],
    [
      521.702838063439,
      50.0,
      0.509161844709837,
      0.3821481599648099
    ],
    [
      521.7028380634391,
      50.0,
      0.509161844709837,
      0.3659614883045962
    ],
    [
      521.702838063439,
      50.0,
      0.509161844709837,
      0.3511206465707644
    ],
    [
      521.7028380634391,
      50.0,
      0.509161844709837,
      0.3374609745767191
    ],
    [
      521.702838063439,
      50.0,
      0.509161844709837,
      0.3248441452948027
    ],
    [
      521.7028380634391,
      50.0,
      0.509161844709837,
      0.31315300854051026
    ],
    [
      521.702838063439,
      50.0,
      0.509161844709837,
      0.30228762034180423
    ],
    [
      521.7028380634391,
      50.0,
      0.509161844709837,
      0.29216214699725096
    ],
    [
      521.702838063439,
      50.0,
      0.509161844709837,
      0.2827024238943555
    ],
    [
      521.7028380634391,
      50.0,
      0.509161844709837,
      0.2738440109435414
    ],
    [
      521.702838063439,
      50.0,
      0.509161844709837,
      0.2655306291899642
    ],
    [
      521.7028380634391,
      50.0,
      0.509161844709837,
      0.2577128931858041
    ],
    [
      521.702838063439,
      50.0,
      0.509161844709837,
      0.25034727513219296
    ],
    [
      521.7028380634391,
      50.0,
      0.509161844709837,
      0.2433952523061658
    ],
    [
      521.702838063439,
      50.0,
      0.509161844709837,
      0.23682260065299107
    ],
    [
      521.7028380634391,
      50.0,
      0.509161844709837,
      0.2305988058515368
    ],
    [
      521.702838063439,
      50.0,
      0.509161844709837,
      0.2246965694767923
    ],
    [
      521.702838063439,
      50.0,
      0.509161844709837,
      0.2190913949076576
    ],
    [
      521.702838063439,
      50.0,
      0.509161844709837,
      0.21376122517383417
    ],
    [
      521.702838063439,
      50.0,
      0.509161844709837,
      0.2086861573898236
    ],
    [
      521.702838063439,
      50.0,
      0.509161844709837,
      0.20384817552993453
    ],
    [
      521.702838063439,
      50.0,
      0.509161844709837,
      0.199230932618684
    ],
    [
      521.702838063439,
      50.0,
      0.509161844709837,
      0.19481956055655186
    ],
    [
      521.702838063439,
      50.0,
      0.509161844709837,
      0.19060050553065636
    ],
    [
      521.702838063439,
      50.0,
      0.509161844709837,
      0.18656138506139916
    ],
    [
      521.702838063439,
      50.0,
      0.509161844709837,
      0.1826908634161929
    ]
  ],
  "stability": [
    "unstable",
    "unstable",
    "unstable",
    "unstable",
    "unstable",
    "unstable",
    "unstable",
    "unstable",
    "unstable",
    "unstable",
    "unstable",
    "unstable",
    "unstable",
    "unstable",
    "unstable",
    "unstable",
    "unstable",
    "unstable",
    "unstable",
    "unstable",
    "unstable",
    "unstable",
    "unstable",
    "unstable",
    "unstable",
    "unstable",
    "unstable",
    "unstable",
    "unstable",
    "unstable",
    "unstable",
    "unstable",
    "unstable",
    "unstable",
    "unstable",
    "unstable",
    "unstable",
    "unstable",
    "unstable",
    "unstable"
  ],
  "found": [
    true,
    true,
    true,
    true,
    true,
    true,
    true,
    true,
    true,
    true,
    true,
    true,
    true,
    true,
    true,
    true,
    true,
    true,
    true,
    true,
    true,
    true,
    true,
    true,
    true,
    true,
    true,
    true,
    true,
    true,
    true,
    true,
    true,
    true,
    true,
    true,
    true,
    true,
    true,
    true
  ],
  "bifurcations_detected": []
}