{
  "metadata": {
    "git_sha": "cdc568180183646bcb3f0c4579ced015b1c46525",
    "generated_at": "2025-10-27T00:51:45.732863",
    "script": "analysis_script.py",
    "analysis_type": "parameter_sensitivity_analysis",
    "nrm_version": "6.7",
    "metadata_added_retrospectively": true
  },
  "n_experiments": 732,
  "correlations": {
    "frequency": {
      "composition": {
        "pearson_r": -0.32303483266443356,
        "pearson_p": 0.03043347903164673,
        "spearman_r": -0.10485288442269583,
        "spearman_p": 0.49304445161318233,
        "n": 45,
        "significant": true
      },
      "basin_a": {
        "pearson_r": -0.13945180811788938,
        "pearson_p": 0.36091551500512237,
        "spearman_r": -0.1854852067005935,
        "spearman_p": 0.22251118208243695,
        "n": 45,
        "significant": false
      },
      "spawn_accuracy": {
        "pearson_r": 0.4876126025692845,
        "pearson_p": 0.0006801614705380376,
        "spearman_r": 0.9673232581274399,
        "spearman_p": 2.9573994601807652e-27,
        "n": 45,
        "significant": true
      }
    },
    "seed": {
      "composition": {
        "pearson_r": -0.07075713182062723,
        "pearson_p": 0.16923447640174888,
        "spearman_r": -0.032805647858535736,
        "spearman_p": 0.5243074966435741,
        "n": 379,
        "significant": false
      },
      "basin_a": {
        "pearson_r": -0.01699925883464602,
        "pearson_p": 0.6600221848547047,
        "spearman_r": -0.05094276707960586,
        "spearman_p": 0.18717399277781707,
        "n": 672,
        "significant": false
      },
      "spawn_accuracy": {
        "pearson_r": -6.938893903907228e-18,
        "pearson_p": 0.9999999999999993,
        "spearman_r": 0.0,
        "spearman_p": 1.0,
        "n": 63,
        "significant": false
      }
    },
    "threshold": {
      "composition": {
        "pearson_r": NaN,
        "pearson_p": NaN,
        "spearman_r": NaN,
        "spearman_p": NaN,
        "n": 48,
        "significant": false
      },
      "basin_a": {
        "pearson_r": 0.14221023926378498,
        "pearson_p": 0.0045764560155573415,
        "spearman_r": 0.14396478577909655,
        "spearman_p": 0.004094659655225145,
        "n": 396,
        "significant": true
      }
    },
    "agent_cap": {
      "basin_a": {
        "pearson_r": -0.05311477819153754,
        "pearson_p": 0.3828957295646297,
        "spearman_r": -0.03531626938358692,
        "spearman_p": 0.5619487360152093,
        "n": 272,
        "significant": false
      }
    }
  },
  "variance_decomposition": {
    "composition": {
      "total_variance": 0.6033929156717093,
      "parameters": {
        "frequency": {
          "between_variance": 1.9530134656436433,
          "variance_explained_pct": 323.6719250290681,
          "n_groups": 15
        },
        "seed": {
          "between_variance": 0.007470838555902589,
          "variance_explained_pct": 1.2381382614653174,
          "n_groups": 5
        },
        "threshold": {
          "between_variance": 0.12082502628079726,
          "variance_explained_pct": 20.024269947931423,
          "n_groups": 4
        }
      }
    },
    "basin_a": {
      "total_variance": 0.10053114455492851,
      "parameters": {
        "frequency": {
          "between_variance": 0.1224500333442822,
          "variance_explained_pct": 121.80308290171469,
          "n_groups": 15
        },
        "seed": {
          "between_variance": 0.0016490854541996536,
          "variance_explained_pct": 1.6403727039023426,
          "n_groups": 6
        },
        "threshold": {
          "between_variance": 0.01371259848937046,
          "variance_explained_pct": 13.640149577604907,
          "n_groups": 11
        },
        "agent_cap": {
          "between_variance": 0.016198081447329073,
          "variance_explained_pct": 16.112500776790338,
          "n_groups": 9
        }
      }
    },
    "spawn_accuracy": {
      "total_variance": 0.48768455530360155,
      "parameters": {
        "frequency": {
          "between_variance": 0.6666082136558212,
          "variance_explained_pct": 136.68839958256072,
          "n_groups": 15
        },
        "seed": {
          "between_variance": 1.8175355256292112e-27,
          "variance_explained_pct": 3.726867102645333e-25,
          "n_groups": 3
        }
      }
    }
  }
}