{
  "experiment_id": "sweep_1761111943_th300",
  "threshold": 300.0,
  "cycles_completed": 50,
  "start_time": 1761111943.995677,
  "end_time": 1761111958.435114,
  "duration": 14.439436912536621,
  "agent_counts": [
    2,
    1,
    0,
    2,
    1,
    3,
    1,
    0,
    2,
    0
  ],
  "checkpoint_cycles": [
    5,
    10,
    15,
    20,
    25,
    30,
    35,
    40,
    45,
    50
  ],
  "mean_agents": 1.2,
  "std_agents": 0.9797958971132712,
  "min_agents": 0,
  "max_agents": 3,
  "pattern_counts": [
    107,
    107,
    107,
    107,
    107,
    107,
    107,
    107,
    107,
    107
  ],
  "final_patterns": 107,
  "avg_reality_score": 1.0
}