{
  "mapped_samples": 200,
  "final_E": 0.24190760706977846,
  "final_S": 0.420718761615982,
  "final_C": 1.7763568394002505e-15,
  "final_R": 1.0
}