{
  "experiment_id": "ultralong_1761116217",
  "cycle": 120,
  "timestamp": 1761116251.62877,
  "agent_count": 2,
  "pattern_count": 100,
  "agents": [
    {
      "id": "agent_78a90cdf",
      "energy": 140.88000000000002,
      "memory_size": 0
    },
    {
      "id": "agent_22b30ac7",
      "energy": 140.89000000000001,
      "memory_size": 0
    }
  ]
}