{
  "experiment_id": "ultralong_1761119062",
  "cycle": 720,
  "timestamp": 1761119267.699678,
  "agent_count": 1,
  "pattern_count": 100,
  "agents": [
    {
      "id": "agent_19ba63f3",
      "energy": 140.29000000000002,
      "memory_size": 0
    }
  ]
}