{
  "experiment_id": "ultralong_1761119062",
  "cycle": 80,
  "timestamp": 1761119085.266757,
  "agent_count": 3,
  "pattern_count": 100,
  "agents": [
    {
      "id": "agent_61de641b",
      "energy": 140.37000000000003,
      "memory_size": 0
    },
    {
      "id": "agent_cb78780f",
      "energy": 140.38000000000002,
      "memory_size": 0
    },
    {
      "id": "agent_3d4a4e9c",
      "energy": 140.39000000000001,
      "memory_size": 0
    }
  ]
}