{
  "experiment_id": "ultralong_1761119062",
  "cycle": 700,
  "timestamp": 1761119261.9934359,
  "agent_count": 1,
  "pattern_count": 100,
  "agents": [
    {
      "id": "agent_a0e9c7c4",
      "energy": 140.29000000000002,
      "memory_size": 0
    }
  ]
}