{
  "experiment_id": "ultralong_1761120499",
  "cycle": 1980,
  "timestamp": 1761121077.1286871,
  "agent_count": 3,
  "pattern_count": 100,
  "agents": [
    {
      "id": "agent_5f099e28",
      "energy": 139.67000000000002,
      "memory_size": 0
    },
    {
      "id": "agent_d1c532c1",
      "energy": 139.68,
      "memory_size": 0
    },
    {
      "id": "agent_cd7b7118",
      "energy": 139.59,
      "memory_size": 0
    }
  ]
}