{
  "experiment_id": "ultralong_1761119763",
  "cycle": 270,
  "timestamp": 1761119841.077709,
  "agent_count": 1,
  "pattern_count": 100,
  "agents": [
    {
      "id": "agent_a5d33184",
      "energy": 140.29000000000002,
      "memory_size": 0
    }
  ]
}