{
  "experiment_id": "ultralong_1761118251",
  "cycle": 80,
  "timestamp": 1761118273.2797692,
  "agent_count": 3,
  "pattern_count": 100,
  "agents": [
    {
      "id": "agent_a9e6fba1",
      "energy": 140.27000000000004,
      "memory_size": 0
    },
    {
      "id": "agent_ce26935f",
      "energy": 140.28000000000003,
      "memory_size": 0
    },
    {
      "id": "agent_83d557cc",
      "energy": 132.69,
      "memory_size": 0
    }
  ]
}