{
  "experiment_id": "ultralong_1761117998",
  "cycle": 150,
  "timestamp": 1761118042.921418,
  "agent_count": 3,
  "pattern_count": 100,
  "agents": [
    {
      "id": "agent_f53e53cd",
      "energy": 131.47000000000003,
      "memory_size": 0
    },
    {
      "id": "agent_c604a3e4",
      "energy": 140.08,
      "memory_size": 0
    },
    {
      "id": "agent_7d029827",
      "energy": 140.09,
      "memory_size": 0
    }
  ]
}