{
  "experiment_id": "ultralong_1761119763",
  "cycle": 550,
  "timestamp": 1761119920.796287,
  "agent_count": 3,
  "pattern_count": 100,
  "agents": [
    {
      "id": "agent_8d903b11",
      "energy": 140.27000000000004,
      "memory_size": 0
    },
    {
      "id": "agent_f8b51e8c",
      "energy": 140.28000000000003,
      "memory_size": 0
    },
    {
      "id": "agent_811957bb",
      "energy": 136.89,
      "memory_size": 0
    }
  ]
}