{
  "experiment_id": "ultralong_1761119763",
  "cycle": 50,
  "timestamp": 1761119778.385385,
  "agent_count": 1,
  "pattern_count": 100,
  "agents": [
    {
      "id": "agent_b23c86ac",
      "energy": 140.39000000000001,
      "memory_size": 0
    }
  ]
}