{
  "experiment_id": "ultralong_1761117568",
  "cycle": 120,
  "timestamp": 1761117604.870542,
  "agent_count": 2,
  "pattern_count": 100,
  "agents": [
    {
      "id": "agent_16f1fa88",
      "energy": 140.28000000000003,
      "memory_size": 0
    },
    {
      "id": "agent_1b8cb2db",
      "energy": 140.29000000000002,
      "memory_size": 0
    }
  ]
}