{
  "experiment_id": "ultralong_1761117785",
  "cycle": 210,
  "timestamp": 1761117846.652566,
  "agent_count": 2,
  "pattern_count": 100,
  "agents": [
    {
      "id": "agent_1b8912f8",
      "energy": 136.78000000000003,
      "memory_size": 0
    },
    {
      "id": "agent_40e260d1",
      "energy": 140.19,
      "memory_size": 0
    }
  ]
}