{
  "experiment_id": "ultralong_1761116817",
  "cycle": 30,
  "timestamp": 1761116825.952371,
  "agent_count": 1,
  "pattern_count": 100,
  "agents": [
    {
      "id": "agent_4c41abf9",
      "energy": 136.29000000000002,
      "memory_size": 0
    }
  ]
}