{
  "experiment_id": "ultralong_1761117998",
  "cycle": 260,
  "timestamp": 1761118075.155172,
  "agent_count": 3,
  "pattern_count": 100,
  "agents": [
    {
      "id": "agent_ab9d979d",
      "energy": 140.07000000000002,
      "memory_size": 0
    },
    {
      "id": "agent_edf16222",
      "energy": 128.28000000000003,
      "memory_size": 0
    },
    {
      "id": "agent_de1d49cc",
      "energy": 129.59,
      "memory_size": 0
    }
  ]
}