{
  "experiment_id": "ultralong_1761119763",
  "start_time": 1761119764.035458,
  "end_time": 1761120049.866911,
  "total_cycles": 1000,
  "cycles_completed": 1000,
  "agent_counts": [
    1,
    3,
    1,
    3,
    1,
    3,
    1,
    3,
    0,
    2,
    0,
    2,
    0,
    2,
    3,
    1,
    3,
    1,
    3,
    0,
    2,
    0,
    2,
    0,
    1,
    3,
    1,
    3,
    0,
    2,
    0,
    2,
    0,
    2,
    3,
    1,
    3,
    1,
    3,
    0,
    2,
    0,
    2,
    0,
    2,
    3,
    1,
    3,
    1,
    2,
    0,
    2,
    0,
    1,
    3,
    1,
    3,
    0,
    2,
    0,
    2,
    4,
    0,
    2,
    0,
    2,
    0,
    2,
    3,
    1,
    3,
    1,
    3,
    0,
    2,
    0,
    2,
    0,
    2,
    3,
    1,
    3,
    1,
    3,
    1,
    2,
    0,
    2,
    3,
    1,
    3,
    1,
    3,
    0,
    2,
    0,
    2,
    0,
    2,
    3
  ],
  "attractor_sequences": [
    {
      "type": "agent_count_attractor",
      "state": 3,
      "frequency": 26,
      "probability": 0.26
    },
    {
      "type": "agent_count_attractor",
      "state": 0,
      "frequency": 26,
      "probability": 0.26
    },
    {
      "type": "agent_count_attractor",
      "state": 2,
      "frequency": 26,
      "probability": 0.26
    },
    {
      "type": "agent_count_attractor",
      "state": 1,
      "frequency": 21,
      "probability": 0.21
    }
  ],
  "pattern_counts": [
    100,
    100,
    100,
    100,
    100,
    100,
    100,
    100,
    100,
    100,
    100,
    100,
    100,
    100,
    100,
    100,
    100,
    100,
    100,
    100,
    100,
    100,
    100,
    100,
    100,
    100,
    100,
    100,
    100,
    100,
    100,
    100,
    100,
    100,
    100,
    100,
    100,
    100,
    100,
    100,
    100,
    100,
    100,
    100,
    100,
    100,
    100,
    100,
    100,
    100,
    100,
    100,
    100,
    100,
    100,
    100,
    100,
    100,
    100,
    100,
    100,
    100,
    100,
    100,
    100,
    100,
    100,
    100,
    100,
    100,
    100,
    100,
    100,
    100,
    100,
    100,
    100,
    100,
    100,
    100,
    100,
    100,
    100,
    100,
    100,
    100,
    100,
    100,
    100,
    100,
    100,
    100,
    100,
    100,
    100,
    100,
    100,
    100,
    100,
    100
  ],
  "emergent_pattern_counts": [
    0,
    0,
    0,
    0,
    0,
    0,
    0,
    0,
    0,
    0,
    0,
    0,
    0,
    0,
    0,
    0,
    0,
    0,
    0,
    0,
    0,
    0,
    0,
    0,
    0,
    0,
    0,
    0,
    0,
    0,
    0,
    0,
    0,
    0,
    0,
    0,
    0,
    0,
    0,
    0,
    0,
    0,
    0,
    0,
    0,
    0,
    0,
    0,
    0,
    0,
    0,
    0,
    0,
    0,
    0,
    0,
    0,
    0,
    0,
    0,
    0,
    0,
    0,
    0,
    0,
    0,
    0,
    0,
    0,
    0,
    0,
    0,
    0,
    0,
    0,
    0,
    0,
    0,
    0,
    0,
    0,
    0,
    0,
    0,
    0,
    0,
    0,
    0,
    0,
    0,
    0,
    0,
    0,
    0,
    0,
    0,
    0,
    0,
    0,
    0
  ],
  "phase_transitions": [
    {
      "cycle": 20,
      "from_state": 1,
      "to_state": 3,
      "magnitude": 2,
      "interval": 0
    },
    {
      "cycle": 30,
      "from_state": 3,
      "to_state": 1,
      "magnitude": 2,
      "interval": 10
    },
    {
      "cycle": 40,
      "from_state": 1,
      "to_state": 3,
      "magnitude": 2,
      "interval": 10
    },
    {
      "cycle": 50,
      "from_state": 3,
      "to_state": 1,
      "magnitude": 2,
      "interval": 10
    },
    {
      "cycle": 60,
      "from_state": 1,
      "to_state": 3,
      "magnitude": 2,
      "interval": 10
    },
    {
      "cycle": 70,
      "from_state": 3,
      "to_state": 1,
      "magnitude": 2,
      "interval": 10
    },
    {
      "cycle": 80,
      "from_state": 1,
      "to_state": 3,
      "magnitude": 2,
      "interval": 10
    },
    {
      "cycle": 90,
      "from_state": 3,
      "to_state": 0,
      "magnitude": 3,
      "interval": 10
    },
    {
      "cycle": 100,
      "from_state": 0,
      "to_state": 2,
      "magnitude": 2,
      "interval": 10
    },
    {
      "cycle": 110,
      "from_state": 2,
      "to_state": 0,
      "magnitude": 2,
      "interval": 10
    },
    {
      "cycle": 120,
      "from_state": 0,
      "to_state": 2,
      "magnitude": 2,
      "interval": 10
    },
    {
      "cycle": 130,
      "from_state": 2,
      "to_state": 0,
      "magnitude": 2,
      "interval": 10
    },
    {
      "cycle": 140,
      "from_state": 0,
      "to_state": 2,
      "magnitude": 2,
      "interval": 10
    },
    {
      "cycle": 160,
      "from_state": 3,
      "to_state": 1,
      "magnitude": 2,
      "interval": 20
    },
    {
      "cycle": 170,
      "from_state": 1,
      "to_state": 3,
      "magnitude": 2,
      "interval": 10
    },
    {
      "cycle": 180,
      "from_state": 3,
      "to_state": 1,
      "magnitude": 2,
      "interval": 10
    },
    {
      "cycle": 190,
      "from_state": 1,
      "to_state": 3,
      "magnitude": 2,
      "interval": 10
    },
    {
      "cycle": 200,
      "from_state": 3,
      "to_state": 0,
      "magnitude": 3,
      "interval": 10
    },
    {
      "cycle": 210,
      "from_state": 0,
      "to_state": 2,
      "magnitude": 2,
      "interval": 10
    },
    {
      "cycle": 220,
      "from_state": 2,
      "to_state": 0,
      "magnitude": 2,
      "interval": 10
    },
    {
      "cycle": 230,
      "from_state": 0,
      "to_state": 2,
      "magnitude": 2,
      "interval": 10
    },
    {
      "cycle": 240,
      "from_state": 2,
      "to_state": 0,
      "magnitude": 2,
      "interval": 10
    },
    {
      "cycle": 260,
      "from_state": 1,
      "to_state": 3,
      "magnitude": 2,
      "interval": 20
    },
    {
      "cycle": 270,
      "from_state": 3,
      "to_state": 1,
      "magnitude": 2,
      "interval": 10
    },
    {
      "cycle": 280,
      "from_state": 1,
      "to_state": 3,
      "magnitude": 2,
      "interval": 10
    },
    {
      "cycle": 290,
      "from_state": 3,
      "to_state": 0,
      "magnitude": 3,
      "interval": 10
    },
    {
      "cycle": 300,
      "from_state": 0,
      "to_state": 2,
      "magnitude": 2,
      "interval": 10
    },
    {
      "cycle": 310,
      "from_state": 2,
      "to_state": 0,
      "magnitude": 2,
      "interval": 10
    },
    {
      "cycle": 320,
      "from_state": 0,
      "to_state": 2,
      "magnitude": 2,
      "interval": 10
    },
    {
      "cycle": 330,
      "from_state": 2,
      "to_state": 0,
      "magnitude": 2,
      "interval": 10
    },
    {
      "cycle": 340,
      "from_state": 0,
      "to_state": 2,
      "magnitude": 2,
      "interval": 10
    },
    {
      "cycle": 360,
      "from_state": 3,
      "to_state": 1,
      "magnitude": 2,
      "interval": 20
    },
    {
      "cycle": 370,
      "from_state": 1,
      "to_state": 3,
      "magnitude": 2,
      "interval": 10
    },
    {
      "cycle": 380,
      "from_state": 3,
      "to_state": 1,
      "magnitude": 2,
      "interval": 10
    },
    {
      "cycle": 390,
      "from_state": 1,
      "to_state": 3,
      "magnitude": 2,
      "interval": 10
    },
    {
      "cycle": 400,
      "from_state": 3,
      "to_state": 0,
      "magnitude": 3,
      "interval": 10
    },
    {
      "cycle": 410,
      "from_state": 0,
      "to_state": 2,
      "magnitude": 2,
      "interval": 10
    },
    {
      "cycle": 420,
      "from_state": 2,
      "to_state": 0,
      "magnitude": 2,
      "interval": 10
    },
    {
      "cycle": 430,
      "from_state": 0,
      "to_state": 2,
      "magnitude": 2,
      "interval": 10
    },
    {
      "cycle": 440,
      "from_state": 2,
      "to_state": 0,
      "magnitude": 2,
      "interval": 10
    },
    {
      "cycle": 450,
      "from_state": 0,
      "to_state": 2,
      "magnitude": 2,