{
  "experiment_id": "ultralong_1761120499",
  "cycle": 1380,
  "timestamp": 1761120897.002292,
  "agent_count": 3,
  "pattern_count": 100,
  "agents": [
    {
      "id": "agent_ba63c13d",
      "energy": 134.37000000000003,
      "memory_size": 0
    },
    {
      "id": "agent_46389c84",
      "energy": 137.48000000000002,
      "memory_size": 0
    },
    {
      "id": "agent_9b14d0fc",
      "energy": 136.19,
      "memory_size": 0
    }
  ]
}