{
  "experiment_id": "ultralong_1761120499",
  "cycle": 1780,
  "timestamp": 1761121016.31952,
  "agent_count": 2,
  "pattern_count": 100,
  "agents": [
    {
      "id": "agent_6461a59c",
      "energy": 139.98000000000002,
      "memory_size": 0
    },
    {
      "id": "agent_273653a3",
      "energy": 139.99,
      "memory_size": 0
    }
  ]
}