{
  "experiment_id": "ultralong_1761119763",
  "cycle": 490,
  "timestamp": 1761119903.7090712,
  "agent_count": 1,
  "pattern_count": 100,
  "agents": [
    {
      "id": "agent_976dc612",
      "energy": 140.29000000000002,
      "memory_size": 0
    }
  ]
}