{
  "experiment_id": "ultralong_1761119763",
  "cycle": 700,
  "timestamp": 1761119963.522115,
  "agent_count": 1,
  "pattern_count": 100,
  "agents": [
    {
      "id": "agent_07f8476f",
      "energy": 135.79000000000002,
      "memory_size": 0
    }
  ]
}