{
  "experiment_id": "ultralong_1761120499",
  "cycle": 1300,
  "timestamp": 1761120873.4987469,
  "agent_count": 1,
  "pattern_count": 100,
  "agents": [
    {
      "id": "agent_ee6195f7",
      "energy": 136.79000000000002,
      "memory_size": 0
    }
  ]
}