{
  "experiment_id": "ultralong_1761116087",
  "cycle": 140,
  "timestamp": 1761116127.8589818,
  "agent_count": 2,
  "pattern_count": 100,
  "agents": [
    {
      "id": "agent_c27a3c14",
      "energy": 140.78000000000003,
      "memory_size": 0
    },
    {
      "id": "agent_a097622c",
      "energy": 140.79000000000002,
      "memory_size": 0
    }
  ]
}