{
  "experiment_id": "ultralong_1761120499",
  "cycle": 820,
  "timestamp": 1761120733.31383,
  "agent_count": 3,
  "pattern_count": 100,
  "agents": [
    {
      "id": "agent_c2ec840f",
      "energy": 136.27000000000004,
      "memory_size": 0
    },
    {
      "id": "agent_8f7d1e6d",
      "energy": 136.88000000000002,
      "memory_size": 0
    },
    {
      "id": "agent_7adf2717",
      "energy": 139.69,
      "memory_size": 0
    }
  ]
}