{
  "experiment_id": "ultralong_1761119062",
  "cycle": 920,
  "timestamp": 1761119325.6038568,
  "agent_count": 1,
  "pattern_count": 100,
  "agents": [
    {
      "id": "agent_af2e006e",
      "energy": 134.79000000000002,
      "memory_size": 0
    }
  ]
}