{
  "experiment_id": "ultralong_1761119062",
  "cycle": 170,
  "timestamp": 1761119110.847838,
  "agent_count": 3,
  "pattern_count": 100,
  "agents": [
    {
      "id": "agent_ddd3622d",
      "energy": 140.27000000000004,
      "memory_size": 0
    },
    {
      "id": "agent_d306d0c4",
      "energy": 136.88,
      "memory_size": 0
    },
    {
      "id": "agent_8636f856",
      "energy": 140.29000000000002,
      "memory_size": 0
    }
  ]
}