{
  "experiment_id": "ultralong_1761119763",
  "cycle": 590,
  "timestamp": 1761119932.215598,
  "agent_count": 2,
  "pattern_count": 100,
  "agents": [
    {
      "id": "agent_2e153dce",
      "energy": 140.28000000000003,
      "memory_size": 0
    },
    {
      "id": "agent_77ea43fa",
      "energy": 136.29000000000002,
      "memory_size": 0
    }
  ]
}