{
  "experiment_id": "ultralong_1761117998",
  "cycle": 480,
  "timestamp": 1761118139.751327,
  "agent_count": 3,
  "pattern_count": 100,
  "agents": [
    {
      "id": "agent_272dcef1",
      "energy": 139.97000000000003,
      "memory_size": 0
    },
    {
      "id": "agent_9abba990",
      "energy": 127.17999999999999,
      "memory_size": 0
    },
    {
      "id": "agent_ddf407af",
      "energy": 130.09,
      "memory_size": 0
    }
  ]
}