{
  "experiment_id": "ultralong_1761116817",
  "cycle": 270,
  "timestamp": 1761116894.504524,
  "agent_count": 1,
  "pattern_count": 100,
  "agents": [
    {
      "id": "agent_3179f54c",
      "energy": 140.29000000000002,
      "memory_size": 0
    }
  ]
}