{
  "experiment_id": "ultralong_1761120499",
  "cycle": 680,
  "timestamp": 1761120693.389954,
  "agent_count": 2,
  "pattern_count": 100,
  "agents": [
    {
      "id": "agent_aa6b9d84",
      "energy": 137.28000000000003,
      "memory_size": 0
    },
    {
      "id": "agent_b7ca3e37",
      "energy": 138.79000000000002,
      "memory_size": 0
    }
  ]
}