{
  "experiment_id": "ultralong_1761120499",
  "cycle": 1920,
  "timestamp": 1761121059.500918,
  "agent_count": 1,
  "pattern_count": 100,
  "agents": [
    {
      "id": "agent_45197584",
      "energy": 139.89000000000001,
      "memory_size": 0
    }
  ]
}