{
  "experiment_id": "ultralong_1761119062",
  "cycle": 840,
  "timestamp": 1761119302.4030771,
  "agent_count": 3,
  "pattern_count": 100,
  "agents": [
    {
      "id": "agent_79bb44dc",
      "energy": 140.07000000000002,
      "memory_size": 0
    },
    {
      "id": "agent_403f01dd",
      "energy": 137.48000000000002,
      "memory_size": 0
    },
    {
      "id": "agent_f3bbb488",
      "energy": 137.99,
      "memory_size": 0
    }
  ]
}