{
  "experiment_id": "ultralong_1761117785",
  "cycle": 230,
  "timestamp": 1761117852.488839,
  "agent_count": 2,
  "pattern_count": 100,
  "agents": [
    {
      "id": "agent_af9f8485",
      "energy": 140.08,
      "memory_size": 0
    },
    {
      "id": "agent_63f2fb92",
      "energy": 136.89000000000001,
      "memory_size": 0
    }
  ]
}