{
  "experiment_id": "ultralong_1761119763",
  "cycle": 900,
  "timestamp": 1761120020.578034,
  "agent_count": 1,
  "pattern_count": 100,
  "agents": [
    {
      "id": "agent_46880a18",
      "energy": 139.79000000000002,
      "memory_size": 0
    }
  ]
}