{
  "experiment_id": "ultralong_1761119062",
  "cycle": 750,
  "timestamp": 1761119276.25035,
  "agent_count": 2,
  "pattern_count": 100,
  "agents": [
    {
      "id": "agent_819caf30",
      "energy": 135.48000000000002,
      "memory_size": 0
    },
    {
      "id": "agent_ee3360b6",
      "energy": 140.39000000000001,
      "memory_size": 0
    }
  ]
}