{
  "experiment_id": "ultralong_1761117785",
  "cycle": 80,
  "timestamp": 1761117808.685863,
  "agent_count": 3,
  "pattern_count": 100,
  "agents": [
    {
      "id": "agent_8d4c856e",
      "energy": 137.97000000000003,
      "memory_size": 0
    },
    {
      "id": "agent_e3fdb1a2",
      "energy": 134.78000000000003,
      "memory_size": 0
    },
    {
      "id": "agent_247c5410",
      "energy": 140.19,
      "memory_size": 0
    }
  ]
}