{
  "experiment_id": "ultralong_1761116817",
  "cycle": 60,
  "timestamp": 1761116834.5313752,
  "agent_count": 3,
  "pattern_count": 100,
  "agents": [
    {
      "id": "agent_560a1fde",
      "energy": 140.37000000000003,
      "memory_size": 0
    },
    {
      "id": "agent_0d50fbda",
      "energy": 140.38000000000002,
      "memory_size": 0
    },
    {
      "id": "agent_c4415d80",
      "energy": 140.39000000000001,
      "memory_size": 0
    }
  ]
}