{
  "experiment_id": "ultralong_1761119763",
  "cycle": 160,
  "timestamp": 1761119809.80067,
  "agent_count": 1,
  "pattern_count": 100,
  "agents": [
    {
      "id": "agent_2c22623e",
      "energy": 140.29000000000002,
      "memory_size": 0
    }
  ]
}