{
  "experiment_id": "ultralong_1761116217",
  "cycle": 30,
  "timestamp": 1761116225.929116,
  "agent_count": 1,
  "pattern_count": 100,
  "agents": [
    {
      "id": "agent_b17f2d32",
      "energy": 139.29000000000002,
      "memory_size": 0
    }
  ]
}