{
  "experiment_id": "ultralong_1761119062",
  "cycle": 40,
  "timestamp": 1761119073.8082151,
  "agent_count": 3,
  "pattern_count": 100,
  "agents": [
    {
      "id": "agent_992620c3",
      "energy": 139.57000000000002,
      "memory_size": 0
    },
    {
      "id": "agent_6874c306",
      "energy": 140.28000000000003,
      "memory_size": 0
    },
    {
      "id": "agent_6660a460",
      "energy": 140.29000000000002,
      "memory_size": 0
    }
  ]
}