{
  "experiment_id": "ultralong_1761120499",
  "cycle": 1360,
  "timestamp": 1761120891.1388202,
  "agent_count": 3,
  "pattern_count": 100,
  "agents": [
    {
      "id": "agent_02242a95",
      "energy": 140.07000000000002,
      "memory_size": 0
    },
    {
      "id": "agent_7fe6e64d",
      "energy": 140.08,
      "memory_size": 0
    },
    {
      "id": "agent_4e998a52",
      "energy": 134.19,
      "memory_size": 0
    }
  ]
}