{
  "experiment_id": "ultralong_1761120499",
  "cycle": 640,
  "timestamp": 1761120682.02707,
  "agent_count": 2,
  "pattern_count": 100,
  "agents": [
    {
      "id": "agent_e8879dcc",
      "energy": 133.98000000000002,
      "memory_size": 0
    },
    {
      "id": "agent_1d711dab",
      "energy": 139.99,
      "memory_size": 0
    }
  ]
}