{
  "experiment_id": "ultralong_1761118251",
  "cycle": 490,
  "timestamp": 1761118382.492301,
  "agent_count": 1,
  "pattern_count": 100,
  "agents": [
    {
      "id": "agent_30ce4891",
      "energy": 140.29000000000002,
      "memory_size": 0
    }
  ]
}