{
  "experiment_id": "ultralong_1761119062",
  "cycle": 660,
  "timestamp": 1761119250.61886,
  "agent_count": 2,
  "pattern_count": 100,
  "agents": [
    {
      "id": "agent_e114e0c8",
      "energy": 140.28000000000003,
      "memory_size": 0
    },
    {
      "id": "agent_befece09",
      "energy": 135.69,
      "memory_size": 0
    }
  ]
}