{
  "experiment_id": "ultralong_1761117785",
  "cycle": 260,
  "timestamp": 1761117861.306568,
  "agent_count": 3,
  "pattern_count": 100,
  "agents": [
    {
      "id": "agent_cdf0a531",
      "energy": 139.97000000000003,
      "memory_size": 0
    },
    {
      "id": "agent_4721f76d",
      "energy": 136.78000000000003,
      "memory_size": 0
    },
    {
      "id": "agent_f7bf3648",
      "energy": 139.99,
      "memory_size": 0
    }
  ]
}