{
  "experiment_id": "ultralong_1761118251",
  "cycle": 280,
  "timestamp": 1761118326.4418828,
  "agent_count": 3,
  "pattern_count": 100,
  "agents": [
    {
      "id": "agent_78449c42",
      "energy": 140.17000000000002,
      "memory_size": 0
    },
    {
      "id": "agent_06139554",
      "energy": 140.08,
      "memory_size": 0
    },
    {
      "id": "agent_fe272c61",
      "energy": 140.09,
      "memory_size": 0
    }
  ]
}