{
  "experiment_id": "ultralong_1761119062",
  "cycle": 470,
  "timestamp": 1761119196.445033,
  "agent_count": 1,
  "pattern_count": 100,
  "agents": [
    {
      "id": "agent_73c128d9",
      "energy": 138.29000000000002,
      "memory_size": 0
    }
  ]
}