{
  "experiment_id": "ultralong_1761119763",
  "cycle": 190,
  "timestamp": 1761119818.2880409,
  "agent_count": 3,
  "pattern_count": 100,
  "agents": [
    {
      "id": "agent_56d6078a",
      "energy": 140.27000000000004,
      "memory_size": 0
    },
    {
      "id": "agent_e6427f89",
      "energy": 140.28000000000003,
      "memory_size": 0
    },
    {
      "id": "agent_3992f3f4",
      "energy": 140.29000000000002,
      "memory_size": 0
    }
  ]
}