{
  "experiment_id": "ultralong_1761116217",
  "cycle": 60,
  "timestamp": 1761116234.4907699,
  "agent_count": 3,
  "pattern_count": 100,
  "agents": [
    {
      "id": "agent_fc144e80",
      "energy": 140.87000000000003,
      "memory_size": 0
    },
    {
      "id": "agent_c590ff0b",
      "energy": 140.88000000000002,
      "memory_size": 0
    },
    {
      "id": "agent_0c005b14",
      "energy": 140.89000000000001,
      "memory_size": 0
    }
  ]
}