{
  "experiment_id": "ultralong_1761119763",
  "cycle": 640,
  "timestamp": 1761119946.436954,
  "agent_count": 2,
  "pattern_count": 100,
  "agents": [
    {
      "id": "agent_5e89ecbd",
      "energy": 139.98000000000002,
      "memory_size": 0
    },
    {
      "id": "agent_307b7d9b",
      "energy": 139.99,
      "memory_size": 0
    }
  ]
}