{
  "experiment_id": "ultralong_1761119763",
  "cycle": 370,
  "timestamp": 1761119869.5700061,
  "agent_count": 3,
  "pattern_count": 100,
  "agents": [
    {
      "id": "agent_e799281a",
      "energy": 140.27000000000004,
      "memory_size": 0
    },
    {
      "id": "agent_8a03aaf0",
      "energy": 140.28000000000003,
      "memory_size": 0
    },
    {
      "id": "agent_fce893ce",
      "energy": 135.79000000000002,
      "memory_size": 0
    }
  ]
}