{
  "experiment_id": "ultralong_1761117785",
  "cycle": 20,
  "timestamp": 1761117791.530488,
  "agent_count": 3,
  "pattern_count": 100,
  "agents": [
    {
      "id": "agent_c9d3a760",
      "energy": 140.17000000000002,
      "memory_size": 0
    },
    {
      "id": "agent_51be9543",
      "energy": 137.28000000000003,
      "memory_size": 0
    },
    {
      "id": "agent_ad16f3b7",
      "energy": 139.39000000000001,
      "memory_size": 0
    }
  ]
}