{
  "experiment_id": "ultralong_1761118251",
  "cycle": 230,
  "timestamp": 1761118313.127329,
  "agent_count": 2,
  "pattern_count": 100,
  "agents": [
    {
      "id": "agent_a9e96b31",
      "energy": 136.08,
      "memory_size": 0
    },
    {
      "id": "agent_c2d4cbf4",
      "energy": 140.29000000000002,
      "memory_size": 0
    }
  ]
}