{
  "experiment_id": "ultralong_1761119763",
  "cycle": 540,
  "timestamp": 1761119917.950537,
  "agent_count": 1,
  "pattern_count": 100,
  "agents": [
    {
      "id": "agent_6c959192",
      "energy": 136.29000000000002,
      "memory_size": 0
    }
  ]
}