{
  "experiment_id": "ultralong_1761116217",
  "cycle": 150,
  "timestamp": 1761116260.231879,
  "agent_count": 3,
  "pattern_count": 100,
  "agents": [
    {
      "id": "agent_310c93ac",
      "energy": 140.87000000000003,
      "memory_size": 0
    },
    {
      "id": "agent_f8b41e4b",
      "energy": 140.88000000000002,
      "memory_size": 0
    },
    {
      "id": "agent_76ce8556",
      "energy": 140.89000000000001,
      "memory_size": 0
    }
  ]
}