{
  "experiment_id": "ultralong_1761116087",
  "cycle": 40,
  "timestamp": 1761116099.341008,
  "agent_count": 3,
  "pattern_count": 100,
  "agents": [
    {
      "id": "agent_425a96a0",
      "energy": 140.77000000000004,
      "memory_size": 0
    },
    {
      "id": "agent_de79f104",
      "energy": 140.78000000000003,
      "memory_size": 0
    },
    {
      "id": "agent_4fe365d8",
      "energy": 140.79000000000002,
      "memory_size": 0
    }
  ]
}