{
  "experiment_id": "ultralong_1761118251",
  "cycle": 260,
  "timestamp": 1761118321.1163268,
  "agent_count": 3,
  "pattern_count": 100,
  "agents": [
    {
      "id": "agent_81626952",
      "energy": 140.07000000000002,
      "memory_size": 0
    },
    {
      "id": "agent_25ace665",
      "energy": 140.08,
      "memory_size": 0
    },
    {
      "id": "agent_3111cabe",
      "energy": 133.99,
      "memory_size": 0
    }
  ]
}