{
  "experiment_id": "ultralong_1761119763",
  "cycle": 320,
  "timestamp": 1761119855.3097951,
  "agent_count": 2,
  "pattern_count": 100,
  "agents": [
    {
      "id": "agent_998f412b",
      "energy": 136.08,
      "memory_size": 0
    },
    {
      "id": "agent_ffed6f31",
      "energy": 140.29000000000002,
      "memory_size": 0
    }
  ]
}