{
  "experiment_id": "ultralong_1761120499",
  "cycle": 700,
  "timestamp": 1761120699.0844858,
  "agent_count": 1,
  "pattern_count": 100,
  "agents": [
    {
      "id": "agent_bdfc1372",
      "energy": 134.29000000000002,
      "memory_size": 0
    }
  ]
}