{
  "experiment_id": "ultralong_1761119062",
  "cycle": 550,
  "timestamp": 1761119219.275178,
  "agent_count": 3,
  "pattern_count": 100,
  "agents": [
    {
      "id": "agent_4d7d1632",
      "energy": 140.27000000000004,
      "memory_size": 0
    },
    {
      "id": "agent_a1731ade",
      "energy": 140.28000000000003,
      "memory_size": 0
    },
    {
      "id": "agent_7a0bdf51",
      "energy": 134.39,
      "memory_size": 0
    }
  ]
}