{
  "experiment_id": "ultralong_1761119062",
  "cycle": 260,
  "timestamp": 1761119136.513213,
  "agent_count": 3,
  "pattern_count": 100,
  "agents": [
    {
      "id": "agent_dfbde897",
      "energy": 140.27000000000004,
      "memory_size": 0
    },
    {
      "id": "agent_0ffac99a",
      "energy": 140.28000000000003,
      "memory_size": 0
    },
    {
      "id": "agent_6f246c82",
      "energy": 140.19,
      "memory_size": 0
    }
  ]
}