{
  "experiment_id": "ultralong_1761116087",
  "cycle": 120,
  "timestamp": 1761116122.143256,
  "agent_count": 2,
  "pattern_count": 100,
  "agents": [
    {
      "id": "agent_cc3c7485",
      "energy": 136.68,
      "memory_size": 0
    },
    {
      "id": "agent_b513a000",
      "energy": 140.79000000000002,
      "memory_size": 0
    }
  ]
}