{
  "experiment_id": "ultralong_1761119763",
  "cycle": 480,
  "timestamp": 1761119900.871038,
  "agent_count": 3,
  "pattern_count": 100,
  "agents": [
    {
      "id": "agent_a2fb400a",
      "energy": 140.27000000000004,
      "memory_size": 0
    },
    {
      "id": "agent_4423431f",
      "energy": 140.28000000000003,
      "memory_size": 0
    },
    {
      "id": "agent_e9c2597b",
      "energy": 135.89,
      "memory_size": 0
    }
  ]
}