{
  "experiment_id": "ultralong_1761119062",
  "cycle": 60,
  "timestamp": 1761119079.518997,
  "agent_count": 3,
  "pattern_count": 100,
  "agents": [
    {
      "id": "agent_1a5d471d",
      "energy": 140.37000000000003,
      "memory_size": 0
    },
    {
      "id": "agent_6935e83a",
      "energy": 137.58,
      "memory_size": 0
    },
    {
      "id": "agent_d41d572c",
      "energy": 139.09,
      "memory_size": 0
    }
  ]
}