{
  "experiment_id": "ultralong_1761119062",
  "cycle": 10,
  "timestamp": 1761119065.21297,
  "agent_count": 1,
  "pattern_count": 100,
  "agents": [
    {
      "id": "agent_93b8550e",
      "energy": 140.29000000000002,
      "memory_size": 0
    }
  ]
}