{
  "experiment_id": "ultralong_1761119062",
  "cycle": 880,
  "timestamp": 1761119314.139074,
  "agent_count": 2,
  "pattern_count": 100,
  "agents": [
    {
      "id": "agent_8c058a1e",
      "energy": 136.98000000000002,
      "memory_size": 0
    },
    {
      "id": "agent_f5f05813",
      "energy": 140.09,
      "memory_size": 0
    }
  ]
}