{
  "experiment_id": "ultralong_1761119062",
  "cycle": 450,
  "timestamp": 1761119190.7466948,
  "agent_count": 2,
  "pattern_count": 100,
  "agents": [
    {
      "id": "agent_9cc38f2d",
      "energy": 136.98000000000002,
      "memory_size": 0
    },
    {
      "id": "agent_4990d35f",
      "energy": 140.29000000000002,
      "memory_size": 0
    }
  ]
}