{
  "experiment_id": "ultralong_1761120499",
  "cycle": 1960,
  "timestamp": 1761121071.256438,
  "agent_count": 3,
  "pattern_count": 100,
  "agents": [
    {
      "id": "agent_5078b41a",
      "energy": 139.67000000000002,
      "memory_size": 0
    },
    {
      "id": "agent_920e7824",
      "energy": 139.68,
      "memory_size": 0
    },
    {
      "id": "agent_dcba32c4",
      "energy": 135.59000000000003,
      "memory_size": 0
    }
  ]
}