{
  "experiment_id": "ultralong_1761119763",
  "cycle": 710,
  "timestamp": 1761119966.37711,
  "agent_count": 3,
  "pattern_count": 100,
  "agents": [
    {
      "id": "agent_c2cdaeb8",
      "energy": 139.97000000000003,
      "memory_size": 0
    },
    {
      "id": "agent_26fdc18f",
      "energy": 139.98000000000002,
      "memory_size": 0
    },
    {
      "id": "agent_33b5fe2e",
      "energy": 139.99,
      "memory_size": 0
    }
  ]
}