{
  "experiment_id": "ultralong_1761117998",
  "cycle": 390,
  "timestamp": 1761118113.222813,
  "agent_count": 3,
  "pattern_count": 100,
  "agents": [
    {
      "id": "agent_b6d5caaf",
      "energy": 140.07000000000002,
      "memory_size": 0
    },
    {
      "id": "agent_f6063bd1",
      "energy": 140.08,
      "memory_size": 0
    },
    {
      "id": "agent_1f650f0b",
      "energy": 129.29000000000002,
      "memory_size": 0
    }
  ]
}