{
  "experiment_id": "ultralong_1761119763",
  "cycle": 120,
  "timestamp": 1761119798.371364,
  "agent_count": 2,
  "pattern_count": 100,
  "agents": [
    {
      "id": "agent_e21d5029",
      "energy": 140.28000000000003,
      "memory_size": 0
    },
    {
      "id": "agent_46b16359",
      "energy": 140.29000000000002,
      "memory_size": 0
    }
  ]
}