{
  "experiment_id": "ultralong_1761117998",
  "cycle": 450,
  "timestamp": 1761118130.92725,
  "agent_count": 2,
  "pattern_count": 100,
  "agents": [
    {
      "id": "agent_5a695b35",
      "energy": 139.98000000000002,
      "memory_size": 0
    },
    {
      "id": "agent_66d9074f",
      "energy": 139.99,
      "memory_size": 0
    }
  ]
}