{
  "experiment_id": "ultralong_1761117998",
  "cycle": 210,
  "timestamp": 1761118060.466362,
  "agent_count": 2,
  "pattern_count": 100,
  "agents": [
    {
      "id": "agent_5d3cc7eb",
      "energy": 130.48000000000002,
      "memory_size": 0
    },
    {
      "id": "agent_6aff686b",
      "energy": 140.09,
      "memory_size": 0
    }
  ]
}