{
  "experiment_id": "ultralong_1761117998",
  "cycle": 370,
  "timestamp": 1761118107.411638,
  "agent_count": 3,
  "pattern_count": 100,
  "agents": [
    {
      "id": "agent_b03c15ed",
      "energy": 140.07000000000002,
      "memory_size": 0
    },
    {
      "id": "agent_b1eb484c",
      "energy": 130.38000000000002,
      "memory_size": 0
    },
    {
      "id": "agent_8fb208c4",
      "energy": 140.09,
      "memory_size": 0
    }
  ]
}