{
  "experiment_id": "ultralong_1761118251",
  "cycle": 460,
  "timestamp": 1761118374.482334,
  "agent_count": 3,
  "pattern_count": 100,
  "agents": [
    {
      "id": "agent_533eea37",
      "energy": 140.27000000000004,
      "memory_size": 0
    },
    {
      "id": "agent_bb004256",
      "energy": 140.28000000000003,
      "memory_size": 0
    },
    {
      "id": "agent_a1b97718",
      "energy": 135.39,
      "memory_size": 0
    }
  ]
}