{
  "experiment_id": "ultralong_1761119062",
  "cycle": 410,
  "timestamp": 1761119179.331512,
  "agent_count": 2,
  "pattern_count": 100,
  "agents": [
    {
      "id": "agent_728b2753",
      "energy": 140.28000000000003,
      "memory_size": 0
    },
    {
      "id": "agent_48492f75",
      "energy": 140.29000000000002,
      "memory_size": 0
    }
  ]
}