{
  "experiment_id": "ultralong_1761119763",
  "cycle": 520,
  "timestamp": 1761119912.254223,
  "agent_count": 2,
  "pattern_count": 100,
  "agents": [
    {
      "id": "agent_6f44f2c1",
      "energy": 140.28000000000003,
      "memory_size": 0
    },
    {
      "id": "agent_1fdd46e1",
      "energy": 140.29000000000002,
      "memory_size": 0
    }
  ]
}