{
  "experiment_id": "ultralong_1761119062",
  "cycle": 50,
  "timestamp": 1761119076.6555898,
  "agent_count": 1,
  "pattern_count": 100,
  "agents": [
    {
      "id": "agent_f0dfd68a",
      "energy": 140.39000000000001,
      "memory_size": 0
    }
  ]
}