{
  "experiment_id": "ultralong_1761119062",
  "cycle": 560,
  "timestamp": 1761119222.120589,
  "agent_count": 1,
  "pattern_count": 100,
  "agents": [
    {
      "id": "agent_5c4eaaf8",
      "energy": 140.29000000000002,
      "memory_size": 0
    }
  ]
}