{
  "experiment_id": "ultralong_1761120499",
  "cycle": 1800,
  "timestamp": 1761121022.533739,
  "agent_count": 2,
  "pattern_count": 100,
  "agents": [
    {
      "id": "agent_a6fd1adb",
      "energy": 139.98000000000002,
      "memory_size": 0
    },
    {
      "id": "agent_4c0d5c04",
      "energy": 139.99,
      "memory_size": 0
    }
  ]
}