{
  "experiment_id": "ultralong_1761117998",
  "cycle": 380,
  "timestamp": 1761118110.321355,
  "agent_count": 1,
  "pattern_count": 100,
  "agents": [
    {
      "id": "agent_30e83ce1",
      "energy": 129.79000000000002,
      "memory_size": 0
    }
  ]
}