{
  "experiment_id": "ultralong_1761119763",
  "cycle": 300,
  "timestamp": 1761119849.629059,
  "agent_count": 2,
  "pattern_count": 100,
  "agents": [
    {
      "id": "agent_1840d16f",
      "energy": 140.28000000000003,
      "memory_size": 0
    },
    {
      "id": "agent_d2e48ef1",
      "energy": 140.29000000000002,
      "memory_size": 0
    }
  ]
}