{
  "experiment_id": "ultralong_1761119062",
  "cycle": 540,
  "timestamp": 1761119216.409823,
  "agent_count": 1,
  "pattern_count": 100,
  "agents": [
    {
      "id": "agent_01c10fb1",
      "energy": 140.29000000000002,
      "memory_size": 0
    }
  ]
}