{
  "experiment_id": "ultralong_1761119763",
  "cycle": 730,
  "timestamp": 1761119972.1154182,
  "agent_count": 3,
  "pattern_count": 100,
  "agents": [
    {
      "id": "agent_a1fa2b11",
      "energy": 139.97000000000003,
      "memory_size": 0
    },
    {
      "id": "agent_ea6b33bf",
      "energy": 139.98000000000002,
      "memory_size": 0
    },
    {
      "id": "agent_737c4509",
      "energy": 135.19,
      "memory_size": 0
    }
  ]
}