{
  "experiment_id": "ultralong_1761119763",
  "cycle": 340,
  "timestamp": 1761119861.018186,
  "agent_count": 2,
  "pattern_count": 100,
  "agents": [
    {
      "id": "agent_7356ef26",
      "energy": 140.38000000000002,
      "memory_size": 0
    },
    {
      "id": "agent_453ebc99",
      "energy": 140.29000000000002,
      "memory_size": 0
    }
  ]
}