{
  "experiment_id": "ultralong_1761116817",
  "cycle": 150,
  "timestamp": 1761116860.233073,
  "agent_count": 3,
  "pattern_count": 100,
  "agents": [
    {
      "id": "agent_3cb6dbc1",
      "energy": 138.77000000000004,
      "memory_size": 0
    },
    {
      "id": "agent_cd6e974d",
      "energy": 140.38000000000002,
      "memory_size": 0
    },
    {
      "id": "agent_1701a547",
      "energy": 137.79000000000002,
      "memory_size": 0
    }
  ]
}