{
  "experiment_id": "ultralong_1761119763",
  "cycle": 750,
  "timestamp": 1761119977.8168828,
  "agent_count": 2,
  "pattern_count": 100,
  "agents": [
    {
      "id": "agent_76e40d70",
      "energy": 139.88000000000002,
      "memory_size": 0
    },
    {
      "id": "agent_f847d809",
      "energy": 139.89000000000001,
      "memory_size": 0
    }
  ]
}