{
  "experiment_id": "ultralong_1761119763",
  "cycle": 560,
  "timestamp": 1761119923.656364,
  "agent_count": 1,
  "pattern_count": 100,
  "agents": [
    {
      "id": "agent_d18f7eda",
      "energy": 140.29000000000002,
      "memory_size": 0
    }
  ]
}