{
  "experiment_id": "ultralong_1761119062",
  "cycle": 190,
  "timestamp": 1761119116.529637,
  "agent_count": 3,
  "pattern_count": 100,
  "agents": [
    {
      "id": "agent_18043003",
      "energy": 136.87,
      "memory_size": 0
    },
    {
      "id": "agent_f3571b35",
      "energy": 140.28000000000003,
      "memory_size": 0
    },
    {
      "id": "agent_7095a128",
      "energy": 140.29000000000002,
      "memory_size": 0
    }
  ]
}