{
  "experiment_id": "ultralong_1761118251",
  "cycle": 40,
  "timestamp": 1761118262.671713,
  "agent_count": 3,
  "pattern_count": 100,
  "agents": [
    {
      "id": "agent_2bc4bd93",
      "energy": 139.87000000000003,
      "memory_size": 0
    },
    {
      "id": "agent_a93cb0de",
      "energy": 139.88000000000002,
      "memory_size": 0
    },
    {
      "id": "agent_afbc1577",
      "energy": 133.69,
      "memory_size": 0
    }
  ]
}