{
  "experiment_id": "ultralong_1761119062",
  "cycle": 70,
  "timestamp": 1761119082.3930519,
  "agent_count": 1,
  "pattern_count": 100,
  "agents": [
    {
      "id": "agent_520bc94e",
      "energy": 138.39000000000001,
      "memory_size": 0
    }
  ]
}