{
  "experiment_id": "ultralong_1761119062",
  "cycle": 480,
  "timestamp": 1761119199.297466,
  "agent_count": 3,
  "pattern_count": 100,
  "agents": [
    {
      "id": "agent_b327c861",
      "energy": 137.67000000000002,
      "memory_size": 0
    },
    {
      "id": "agent_879fac10",
      "energy": 140.28000000000003,
      "memory_size": 0
    },
    {
      "id": "agent_fbd84279",
      "energy": 140.29000000000002,
      "memory_size": 0
    }
  ]
}