{
  "experiment_id": "ultralong_1761119763",
  "cycle": 850,
  "timestamp": 1761120006.2750568,
  "agent_count": 1,
  "pattern_count": 100,
  "agents": [
    {
      "id": "agent_eb544dfe",
      "energy": 139.79000000000002,
      "memory_size": 0
    }
  ]
}