{
  "experiment_id": "ultralong_1761118251",
  "cycle": 450,
  "timestamp": 1761118371.813877,
  "agent_count": 2,
  "pattern_count": 100,
  "agents": [
    {
      "id": "agent_d7e0b950",
      "energy": 140.28000000000003,
      "memory_size": 0
    },
    {
      "id": "agent_c261d1c1",
      "energy": 140.29000000000002,
      "memory_size": 0
    }
  ]
}