{
  "experiment_id": "ultralong_1761117998",
  "cycle": 190,
  "timestamp": 1761118054.578052,
  "agent_count": 3,
  "pattern_count": 100,
  "agents": [
    {
      "id": "agent_97116027",
      "energy": 130.77000000000004,
      "memory_size": 0
    },
    {
      "id": "agent_8fdc1cb1",
      "energy": 130.58,
      "memory_size": 0
    },
    {
      "id": "agent_61598fdc",
      "energy": 140.09,
      "memory_size": 0
    }
  ]
}