{
  "experiment_id": "ultralong_1761119062",
  "cycle": 100,
  "timestamp": 1761119090.94559,
  "agent_count": 2,
  "pattern_count": 100,
  "agents": [
    {
      "id": "agent_2cb17a78",
      "energy": 136.48000000000002,
      "memory_size": 0
    },
    {
      "id": "agent_525e7d78",
      "energy": 140.29000000000002,
      "memory_size": 0
    }
  ]
}