{
  "experiment_id": "ultralong_1761120499",
  "cycle": 320,
  "timestamp": 1761120590.981938,
  "agent_count": 2,
  "pattern_count": 100,
  "agents": [
    {
      "id": "agent_677a0f38",
      "energy": 137.38000000000002,
      "memory_size": 0
    },
    {
      "id": "agent_6626c377",
      "energy": 140.09,
      "memory_size": 0
    }
  ]
}