{
  "experiment_id": "ultralong_1761119062",
  "cycle": 680,
  "timestamp": 1761119256.316011,
  "agent_count": 2,
  "pattern_count": 100,
  "agents": [
    {
      "id": "agent_c5be6992",
      "energy": 137.58,
      "memory_size": 0
    },
    {
      "id": "agent_19f499ea",
      "energy": 140.29000000000002,
      "memory_size": 0
    }
  ]
}