{
  "experiment_id": "ultralong_1761116087",
  "cycle": 100,
  "timestamp": 1761116116.459449,
  "agent_count": 2,
  "pattern_count": 100,
  "agents": [
    {
      "id": "agent_f3ff1c0a",
      "energy": 136.28000000000003,
      "memory_size": 0
    },
    {
      "id": "agent_98afc5e1",
      "energy": 140.79000000000002,
      "memory_size": 0
    }
  ]
}