{
  "experiment_id": "ultralong_1761119763",
  "cycle": 260,
  "timestamp": 1761119838.230974,
  "agent_count": 3,
  "pattern_count": 100,
  "agents": [
    {
      "id": "agent_9b811e1c",
      "energy": 140.27000000000004,
      "memory_size": 0
    },
    {
      "id": "agent_1491815d",
      "energy": 140.28000000000003,
      "memory_size": 0
    },
    {
      "id": "agent_8f7b8f5b",
      "energy": 136.19,
      "memory_size": 0
    }
  ]
}