{
  "experiment_id": "ultralong_1761120499",
  "start_time": 1761120499.738672,
  "end_time": 1761121082.9954162,
  "total_cycles": 2000,
  "cycles_completed": 2000,
  "agent_counts": [
    3,
    3,
    3,
    3,
    2,
    2,
    2,
    1,
    1,
    0,
    0,
    0,
    3,
    3,
    2,
    2,
    2,
    1,
    1,
    0,
    0,
    0,
    3,
    3,
    2,
    2,
    1,
    1,
    0,
    0,
    4,
    2,
    2,
    2,
    1,
    1,
    0,
    0,
    0,
    3,
    3,
    3,
    2,
    2,
    1,
    1,
    0,
    0,
    0,
    3,
    3,
    2,
    2,
    2,
    2,
    1,
    1,
    1,
    0,
    4,
    3,
    3,
    2,
    2,
    1,
    1,
    3,
    3,
    3,
    2,
    2,
    2,
    1,
    0,
    0,
    0,
    3,
    3,
    3,
    2,
    2,
    2,
    1,
    1,
    0,
    0,
    3,
    3,
    2,
    2,
    2,
    2,
    2,
    1,
    1,
    1,
    0,
    3,
    3,
    1
  ],
  "attractor_sequences": [
    {
      "type": "agent_count_attractor",
      "state": 2,
      "frequency": 30,
      "probability": 0.3
    },
    {
      "type": "agent_count_attractor",
      "state": 3,
      "frequency": 25,
      "probability": 0.25
    },
    {
      "type": "agent_count_attractor",
      "state": 1,
      "frequency": 22,
      "probability": 0.22
    },
    {
      "type": "agent_count_attractor",
      "state": 0,
      "frequency": 21,
      "probability": 0.21
    }
  ],
  "pattern_counts": [
    100,
    100,
    100,
    100,
    100,
    100,
    100,
    100,
    100,
    100,
    100,
    100,
    100,
    100,
    100,
    100,
    100,
    100,
    100,
    100,
    100,
    100,
    100,
    100,
    100,
    100,
    100,
    100,
    100,
    100,
    100,
    100,
    100,
    100,
    100,
    100,
    100,
    100,
    100,
    100,
    100,
    100,
    100,
    100,
    100,
    100,
    100,
    100,
    100,
    100,
    100,
    100,
    100,
    100,
    100,
    100,
    100,
    100,
    100,
    100,
    100,
    100,
    100,
    100,
    100,
    100,
    100,
    100,
    100,
    100,
    100,
    100,
    100,
    100,
    100,
    100,
    100,
    100,
    100,
    100,
    100,
    100,
    100,
    100,
    100,
    100,
    100,
    100,
    100,
    100,
    100,
    100,
    100,
    100,
    100,
    100,
    100,
    100,
    100,
    100
  ],
  "emergent_pattern_counts": [
    0,
    0,
    0,
    0,
    0,
    0,
    0,
    0,
    0,
    0,
    0,
    0,
    0,
    0,
    0,
    0,
    0,
    0,
    0,
    0,
    0,
    0,
    0,
    0,
    0,
    0,
    0,
    0,
    0,
    0,
    0,
    0,
    0,
    0,
    0,
    0,
    0,
    0,
    0,
    0,
    0,
    0,
    0,
    0,
    0,
    0,
    0,
    0,
    0,
    0,
    0,
    0,
    0,
    0,
    0,
    0,
    0,
    0,
    0,
    0,
    0,
    0,
    0,
    0,
    0,
    0,
    0,
    0,
    0,
    0,
    0,
    0,
    0,
    0,
    0,
    0,
    0,
    0,
    0,
    0,
    0,
    0,
    0,
    0,
    0,
    0,
    0,
    0,
    0,
    0,
    0,
    0,
    0,
    0,
    0,
    0,
    0,
    0,
    0,
    0
  ],
  "phase_transitions": [
    {
      "cycle": 260,
      "from_state": 0,
      "to_state": 3,
      "magnitude": 3,
      "interval": 0
    },
    {
      "cycle": 460,
      "from_state": 0,
      "to_state": 3,
      "magnitude": 3,
      "interval": 200
    },
    {
      "cycle": 620,
      "from_state": 0,
      "to_state": 4,
      "magnitude": 4,
      "interval": 160
    },
    {
      "cycle": 640,
      "from_state": 4,
      "to_state": 2,
      "magnitude": 2,
      "interval": 20
    },
    {
      "cycle": 800,
      "from_state": 0,
      "to_state": 3,
      "magnitude": 3,
      "interval": 160
    },
    {
      "cycle": 1000,
      "from_state": 0,
      "to_state": 3,
      "magnitude": 3,
      "interval": 200
    },
    {
      "cycle": 1200,
      "from_state": 0,
      "to_state": 4,
      "magnitude": 4,
      "interval": 200
    },
    {
      "cycle": 1340,
      "from_state": 1,
      "to_state": 3,
      "magnitude": 2,
      "interval": 140
    },
    {
      "cycle": 1540,
      "from_state": 0,
      "to_state": 3,
      "magnitude": 3,
      "interval": 200
    },
    {
      "cycle": 1740,
      "from_state": 0,
      "to_state": 3,
      "magnitude": 3,
      "interval": 200
    },
    {
      "cycle": 1960,
      "from_state": 0,
      "to_state": 3,
      "magnitude": 3,
      "interval": 220
    },
    {
      "cycle": 2000,
      "from_state": 3,
      "to_state": 1,
      "magnitude": 2,
      "interval": 40
    }
  ],
  "stability_score": 0.5932040892132089,
  "learning_rate": 0.0,
  "attractor_persistence": 0.5,
  "checkpoint_cycles": [
    20,
    40,
    60,
    80,
    100,
    120,
    140,
    160,
    180,
    200,
    220,
    240,
    260,
    280,
    300,
    320,
    340,
    360,
    380,
    400,
    420,
    440,
    460,
    480,
    500,
    520,
    540,
    560,
    580,
    600,
    620,
    640,
    660,
    680,
    700,
    720,
    740,
    760,
    780,
    800,
    820,
    840,
    860,
    880,
    900,
    920,
    940,
    960,
    980,
    1000,
    1020,
    1040,
    1060,
    1080,
    1100,
    1120,
    1140,
    1160,
    1180,
    1200,
    1220,
    1240,
    1260,
    1280,
    1300,
    1320,
    1340,
    1360,
    1380,
    1400,
    1420,
    1440,
    1460,
    1480,
    1500,
    1520,
    1540,
    1560,
    1580,
    1600,
    1620,
    1640,
    1660,
    1680,
    1700,
    1720,
    1740,
    1760,
    1780,
    1800,
    1820,
    1840,
    1860,
    1880,
    1900,
    1920,
    1940,
    1960,
    1980,
    2000
  ]
}