{
  "experiment_id": "ultralong_1761119763",
  "cycle": 950,
  "timestamp": 1761120035.205823,
  "agent_count": 2,
  "pattern_count": 100,
  "agents": [
    {
      "id": "agent_766cd204",
      "energy": 135.88,
      "memory_size": 0
    },
    {
      "id": "agent_0da8b0be",
      "energy": 139.79000000000002,
      "memory_size": 0
    }
  ]
}