{
  "experiment_id": "ultralong_1761117998",
  "cycle": 80,
  "timestamp": 1761118022.373087,
  "agent_count": 3,
  "pattern_count": 100,
  "agents": [
    {
      "id": "agent_65a02fb3",
      "energy": 140.07000000000002,
      "memory_size": 0
    },
    {
      "id": "agent_aa67d466",
      "energy": 131.48000000000002,
      "memory_size": 0
    },
    {
      "id": "agent_d3b2e651",
      "energy": 130.49,
      "memory_size": 0
    }
  ]
}