{
  "experiment_id": "ultralong_1761119763",
  "cycle": 100,
  "timestamp": 1761119792.703226,
  "agent_count": 2,
  "pattern_count": 100,
  "agents": [
    {
      "id": "agent_b33cd5ec",
      "energy": 138.08000000000004,
      "memory_size": 0
    },
    {
      "id": "agent_6b9749e2",
      "energy": 140.29000000000002,
      "memory_size": 0
    }
  ]
}