{
  "experiment_id": "ultralong_1761119062",
  "cycle": 490,
  "timestamp": 1761119202.15574,
  "agent_count": 1,
  "pattern_count": 100,
  "agents": [
    {
      "id": "agent_27fcb9a0",
      "energy": 140.29000000000002,
      "memory_size": 0
    }
  ]
}