{
  "experiment_id": "ultralong_1761117998",
  "cycle": 140,
  "timestamp": 1761118039.981261,
  "agent_count": 2,
  "pattern_count": 100,
  "agents": [
    {
      "id": "agent_376f7746",
      "energy": 140.08,
      "memory_size": 0
    },
    {
      "id": "agent_7de256f6",
      "energy": 128.89000000000001,
      "memory_size": 0
    }
  ]
}