{
  "experiment_id": "ultralong_1761119763",
  "cycle": 890,
  "timestamp": 1761120017.648395,
  "agent_count": 3,
  "pattern_count": 100,
  "agents": [
    {
      "id": "agent_b4cb860c",
      "energy": 137.07000000000002,
      "memory_size": 0
    },
    {
      "id": "agent_9ed6db66",
      "energy": 139.78000000000003,
      "memory_size": 0
    },
    {
      "id": "agent_ef7c317c",
      "energy": 139.79000000000002,
      "memory_size": 0
    }
  ]
}