{
  "experiment_id": "ultralong_1761120499",
  "cycle": 920,
  "timestamp": 1761120762.087327,
  "agent_count": 1,
  "pattern_count": 100,
  "agents": [
    {
      "id": "agent_2723ebe1",
      "energy": 137.09000000000003,
      "memory_size": 0
    }
  ]
}