{
  "experiment_id": "ultralong_1761118251",
  "cycle": 30,
  "timestamp": 1761118260.022909,
  "agent_count": 1,
  "pattern_count": 100,
  "agents": [
    {
      "id": "agent_82a05060",
      "energy": 139.79000000000002,
      "memory_size": 0
    }
  ]
}