{
  "experiment_id": "ultralong_1761119763",
  "cycle": 570,
  "timestamp": 1761119926.501277,
  "agent_count": 3,
  "pattern_count": 100,
  "agents": [
    {
      "id": "agent_7bf9e0b8",
      "energy": 136.17000000000002,
      "memory_size": 0
    },
    {
      "id": "agent_ad85cdfd",
      "energy": 137.68,
      "memory_size": 0
    },
    {
      "id": "agent_39dc9504",
      "energy": 140.39000000000001,
      "memory_size": 0
    }
  ]
}