{
  "experiment_id": "ultralong_1761116217",
  "cycle": 75,
  "timestamp": 1761116238.798272,
  "agent_count": 2,
  "pattern_count": 100,
  "agents": [
    {
      "id": "agent_9a8147bf",
      "energy": 137.48000000000002,
      "memory_size": 0
    },
    {
      "id": "agent_6add3e49",
      "energy": 140.89000000000001,
      "memory_size": 0
    }
  ]
}