{
  "C258": -13.661951772648816,
  "C259": -5.965839327330201,
  "C260": 1.5168901162439639
}