{
  "cycle": 2027,
  "timestamp": "2025-11-21T18:06:31.858990",
  "dimension": 2048,
  "data": {
    "k": [
      10,
      15,
      20,
      25,
      30,
      35,
      40,
      45,
      50,
      55,
      60,
      65,
      70,
      75,
      80,
      85,
      90,
      95,
      100,
      105,
      110,
      115,
      120,
      125,
      130,
      135,
      140,
      145,
      150,
      155,
      160,
      165,
      170,
      175,
      180,
      185,
      190,
      195,
      200
    ],
    "accuracy": [
      1.0,
      1.0,
      1.0,
      1.0,
      1.0,
      1.0,
      1.0,
      1.0,
      1.0,
      0.998,
      0.996,
      0.9939999999999999,
      0.9939999999999999,
      0.996,
      0.9939999999999999,
      0.99,
      0.986,
      0.9879999999999999,
      0.992,
      0.996,
      0.9839999999999998,
      0.986,
      0.9679999999999999,
      0.9839999999999999,
      0.9659999999999996,
      0.9739999999999996,
      0.9619999999999997,
      0.9659999999999997,
      0.9679999999999996,
      0.9599999999999999,
      0.9699999999999999,
      0.9699999999999998,
      0.964,
      0.9679999999999999,
      0.9579999999999997,
      0.9359999999999998,
      0.9499999999999997,
      0.9559999999999996,
      0.9459999999999998
    ]
  },
  "fit": {
    "k_crit": 199.99999999999997,
    "beta": 0.5884072357569036
  }
}