{
  "cycle": 2034,
  "experiment": "Hebbian Learning",
  "timestamp": "2025-11-21T17:11:00.905829",
  "results": [
    {
      "learning_rate": 0.0,
      "similarities": {
        "1": {
          "mean": 0.40544585049758824,
          "std": 0.014318459523300393
        },
        "3": {
          "mean": 0.40894834998280694,
          "std": 0.016054507709851673
        },
        "5": {
          "mean": 0.40740780077255306,
          "std": 0.015386963541967037
        },
        "10": {
          "mean": 0.40764717951768664,
          "std": 0.01543825450118661
        }
      }
    },
    {
      "learning_rate": 0.1,
      "similarities": {
        "1": {
          "mean": 0.3940947031651349,
          "std": 0.014086173922034727
        },
        "3": {
          "mean": 0.3614565193415802,
          "std": 0.02093308544960278
        },
        "5": {
          "mean": 0.30877635283702787,
          "std": 0.028266339969804953
        },
        "10": {
          "mean": 0.20407340239871438,
          "std": 0.03307297839616207
        }
      }
    },
    {
      "learning_rate": 0.3,
      "similarities": {
        "1": {
          "mean": 0.37499947453270577,
          "std": 0.018496843593478737
        },
        "3": {
          "mean": 0.26110086388808695,
          "std": 0.032490305558693186
        },
        "5": {
          "mean": 0.18843090872797102,
          "std": 0.038026226233983065
        },
        "10": {
          "mean": 0.08329011544409917,
          "std": 0.03371518096025412
        }
      }
    },
    {
      "learning_rate": 0.5,
      "similarities": {
        "1": {
          "mean": 0.35428236013358666,
          "std": 0.01979899887361931
        },
        "3": {
          "mean": 0.23015409908983211,
          "std": 0.03177453889086263
        },
        "5": {
          "mean": 0.15292879219186276,
          "std": 0.029348954196373324
        },
        "10": {
          "mean": 0.06545189740059237,
          "std": 0.027564835503252186
        }
      }
    }
  ]
}