{
  "cycle": 2055,
  "experiment": "Golden Dynamics",
  "timestamp": "2025-11-21T17:44:11.488346",
  "results": {
    "Baseline": {
      "depth_trajectory": [
        0.0,
        1.4283333333333335,
        7.3,
        7.3,
        1.1629723663322589,
        0.03899489795918367,
        0.012374149659863946,
        0.00824829931972789,
        0.010464611376465479,
        0.01879794470979881,
        0.022794543349254594,
        0.037771385149804604,
        0.03344937919663703,
        0.016672094369662757,
        0.014455782312925169,
        0.02509046171660153,
        0.012289115646258505,
        0.018326530612244894,
        0.02692039368939065,
        0.01649659863945578
      ],
      "pop_trajectory": [
        15.0,
        5.8,
        1.0,
        1.0,
        42.9,
        48.9,
        49.5,
        49.6,
        49.5,
        49.2,
        49.0,
        48.2,
        48.6,
        49.2,
        49.3,
        48.8,
        49.5,
        49.4,
        48.8,
        49.2
      ],
      "final_depth": 0.01649659863945578,
      "final_pop": 49.2,
      "depth_stability": 0.0054439492483040215
    },
    "Golden Optimal": {
      "depth_trajectory": [
        0.0,
        6.08,
        6.5,
        6.5,
        5.85138888888889,
        1.7916734693877552,
        1.170831632653061,
        0.8510569861617171,
        0.16053032171857334,
        0.07916444624271371,
        0.08254927148164232,
        0.06240346082929009,
        0.08149396817006174,
        0.07617544643512662,
        0.06724541660635885,
        0.0952266115343623,
        0.07022788572160846,
        0.06836449235316025,
        0.04186111111111111,
        0.05844557823129252
      ],
      "pop_trajectory": [
        15.0,
        1.4,
        1.0,
        1.0,
        3.4,
        42.1,
        43.0,
        41.9,
        47.7,
        47.5,
        47.8,
        48.3,
        48.3,
        47.8,
        48.2,
        47.7,
        47.8,
        47.9,
        48.9,
        48.4
      ],
      "final_depth": 0.05844557823129252,
      "final_pop": 48.4,
      "depth_stability": 0.01740121641283201
    }
  }
}