{
  "experiment": "cycle62_critical_threshold_mapping",
  "test_thresholds": [
    900,
    950,
    1000,
    1050,
    1100,
    1150,
    1200
  ],
  "results": [
    {
      "threshold": 900,
      "cycles": 300,
      "checkpoints": 30,
      "avg_clusters": 126.8,
      "max_clusters": 250,
      "std_clusters": 71.27477347093664,
      "formation_rate": 4.226666666666667,
      "multicluster_percentage": 100.0,
      "agent_counts": [
        3,
        6,
        0,
        3,
        5,
        0,
        3,
        6,
        1,
        3,
        5,
        1,
        4,
        0,
        2,
        4,
        0,
        3,
        6,
        2,
        4,
        0,
        1,
        3,
        6,
        0,
        3,
        5,
        7,
        0
      ],
      "cluster_counts": [
        8,
        16,
        25,
        33,
        42,
        51,
        58,
        66,
        72,
        81,
        90,
        96,
        106,
        114,
        121,
        130,
        138,
        145,
        154,
        161,
        171,
        178,
        188,
        196,
        206,
        215,
        222,
        231,
        240,
        250
      ],
      "duration": 2.3457229137420654
    },
    {
      "threshold": 950,
      "cycles": 300,
      "checkpoints": 30,
      "avg_clusters": 135.13333333333333,
      "max_clusters": 268,
      "std_clusters": 77.85487924479892,
      "formation_rate": 4.504444444444444,
      "multicluster_percentage": 100.0,
      "agent_counts": [
        2,
        4,
        5,
        7,
        0,
        2,
        3,
        5,
        7,
        0,
        2,
        3,
        4,
        6,
        7,
        1,
        2,
        4,
        3,
        5,
        6,
        0,
        10,
        1,
        2,
        4,
        6,
        0,
        2,
        3
      ],
      "cluster_counts": [
        8,
        17,
        25,
        34,
        42,
        50,
        58,
        69,
        78,
        85,
        92,
        101,
        110,
        119,
        129,
        136,
        146,
        154,
        165,
        174,
        182,
        191,
        205,
        212,
        222,
        231,
        240,
        251,
        260,
        268
      ],
      "duration": 2.8679070472717285
    },
    {
      "threshold": 1000,
      "cycles": 300,
      "checkpoints": 30,
      "avg_clusters": 135.13333333333333,
      "max_clusters": 268,
      "std_clusters": 77.85487924479892,
      "formation_rate": 4.504444444444444,
      "multicluster_percentage": 100.0,
      "agent_counts": [
        2,
        4,
        5,
        7,
        0,
        2,
        3,
        5,
        7,
        0,
        2,
        3,
        4,
        6,
        7,
        1,
        2,
        4,
        3,
        5,
        6,
        0,
        10,
        1,
        2,
        4,
        6,
        0,
        2,
        3
      ],
      "cluster_counts": [
        8,
        17,
        25,
        34,
        42,
        50,
        58,
        69,
        78,
        85,
        92,
        101,
        110,
        119,
        129,
        136,
        146,
        154,
        165,
        174,
        182,
        191,
        205,
        212,
        222,
        231,
        240,
        251,
        260,
        268
      ],
      "duration": 2.863314151763916
    },
    {
      "threshold": 1050,
      "cycles": 300,
      "checkpoints": 30,
      "avg_clusters": 140.3,
      "max_clusters": 268,
      "std_clusters": 77.0723253401202,
      "formation_rate": 4.676666666666667,
      "multicluster_percentage": 100.0,
      "agent_counts": [
        0,
        1,
        2,
        3,
        4,
        5,
        5,
        5,
        6,
        6,
        5,
        5,
        4,
        5,
        5,
        5,
        4,
        5,
        6,
        7,
        8,
        8,
        0,
        0,
        0,
        10,
        0,
        1,
        2,
        3
      ],
      "cluster_counts": [
        10,
        19,
        28,
        37,
        45,
        54,
        64,
        73,
        82,
        92,
        101,
        112,
        121,
        129,
        136,
        146,
        156,
        164,
        172,
        182,
        190,
        199,
        206,
        215,
        224,
        234,
        241,
        250,
        259,
        268
      ],
      "duration": 3.3707258701324463
    },
    {
      "threshold": 1100,
      "cycles": 300,
      "checkpoints": 30,
      "avg_clusters": 140.3,
      "max_clusters": 268,
      "std_clusters": 77.0723253401202,
      "formation_rate": 4.676666666666667,
      "multicluster_percentage": 100.0,
      "agent_counts": [
        0,
        1,
        2,
        3,
        4,
        5,
        5,
        5,
        6,
        6,
        5,
        5,
        4,
        5,
        5,
        5,
        4,
        5,
        6,
        7,
        8,
        8,
        0,
        0,
        0,
        10,
        0,
        1,
        2,
        3
      ],
      "cluster_counts": [
        10,
        19,
        28,
        37,
        45,
        54,
        64,
        73,
        82,
        92,
        101,
        112,
        121,
        129,
        136,
        146,
        156,
        164,
        172,
        182,
        190,
        199,
        206,
        215,
        224,
        234,
        241,
        250,
        259,
        268
      ],
      "duration": 3.3890140056610107
    },
    {
      "threshold": 1150,
      "cycles": 300,
      "checkpoints": 30,
      "avg_clusters": 140.3,
      "max_clusters": 268,
      "std_clusters": 77.0723253401202,
      "formation_rate": 4.676666666666667,
      "multicluster_percentage": 100.0,
      "agent_counts": [
        0,
        1,
        2,
        3,
        4,
        5,
        5,
        5,
        6,
        6,
        5,
        5,
        4,
        5,
        5,
        5,
        4,
        5,
        6,
        7,
        8,
        8,
        0,
        0,
        0,
        10,
        0,
        1,
        2,
        3
      ],
      "cluster_counts": [
        10,
        19,
        28,
        37,
        45,
        54,
        64,
        73,
        82,
        92,
        101,
        112,
        121,
        129,
        136,
        146,
        156,
        164,
        172,
        182,
        190,
        199,
        206,
        215,
        224,
        234,
        241,
        250,
        259,
        268
      ],
      "duration": 3.3744850158691406
    },
    {
      "threshold": 1200,
      "cycles": 300,
      "checkpoints": 30,
      "avg_clusters": 156.2,
      "max_clusters": 298,
      "std_clusters": 86.21190946344556,
      "formation_rate": 5.206666666666666,
      "multicluster_percentage": 100.0,
      "agent_counts": [
        0,
        10,
        8,
        8,
        7,
        7,
        6,
        4,
        4,
        3,
        3,
        2,
        2,
        1,
        1,
        1,
        0,
        0,
        10,
        9,
        8,
        8,
        8,
        7,
        7,
        7,
        7,
        7,
        7,
        7
      ],
      "cluster_counts": [
        10,
        22,
        33,
        43,
        53,
        61,
        70,
        82,
        91,
        102,
        111,
        122,
        131,
        140,
        149,
        158,
        171,
        180,
        194,
        203,
        212,
        222,
        232,
        243,
        251,
        261,
        271,
        281,
        289,
        298
      ],
      "duration": 3.8226399421691895
    }
  ],
  "transition_analysis": {
    "critical_threshold_lower": 1150,
    "critical_threshold_upper": 1200,
    "critical_jump_magnitude": 15.899999999999977,
    "critical_jump_ratio": 1.1133285816108338,
    "transition_sharpness": 0.5408163265306116,