{
  "experiment": "cycle68_pattern_complexity_scaling",
  "test_thresholds": [
    270,
    400,
    500,
    700,
    1000
  ],
  "results": [
    {
      "threshold": 270,
      "cycles": 500,
      "checkpoints": 100,
      "state_diversity": 4,
      "shannon_entropy": 1.8171567272915925,
      "normalized_entropy": 0.27350934086868117,
      "transition_rate": 0.98,
      "state_coverage": 1.0,
      "mean_agents": 1.13,
      "std_agents": 0.9236341266973628,
      "agent_counts": [
        2,
        1,
        0,
        2,
        1,
        3,
        1,
        0,
        2,
        0,
        2,
        1,
        0,
        1,
        0,
        2,
        1,
        2,
        1,
        0,
        2,
        0,
        2,
        1,
        3,
        1,
        0,
        2,
        0,
        2,
        1,
        0,
        1,
        0,
        2,
        1,
        2,
        1,
        0,
        2,
        2,
        0,
        2,
        1,
        0,
        1,
        0,
        2,
        0,
        2,
        1,
        0,
        2,
        0,
        2,
        1,
        3,
        1,
        0,
        2,
        0,
        2,
        1,
        0,
        1,
        0,
        2,
        1,
        2,
        1,
        0,
        2,
        0,
        2,
        1,
        3,
        1,
        0,
        2,
        1,
        0,
        2,
        1,
        2,
        1,
        0,
        2,
        0,
        2,
        1,
        3,
        1,
        0,
        2,
        0,
        2,
        1,
        0,
        1,
        3
      ],
      "state_distribution": {
        "2": 32,
        "1": 31,
        "0": 31,
        "3": 6
      },
      "duration": 1.6666269302368164
    },
    {
      "threshold": 400,
      "cycles": 500,
      "checkpoints": 100,
      "state_diversity": 5,
      "shannon_entropy": 2.099967565548169,
      "normalized_entropy": 0.31607661357573325,
      "transition_rate": 0.91,
      "state_coverage": 1.0,
      "mean_agents": 1.54,
      "std_agents": 1.1438531374263043,
      "agent_counts": [
        1,
        1,
        2,
        3,
        0,
        1,
        2,
        3,
        0,
        1,
        2,
        3,
        0,
        1,
        2,
        3,
        4,
        0,
        1,
        2,
        3,
        0,
        1,
        2,
        3,
        0,
        1,
        2,
        2,
        3,
        0,
        1,
        2,
        3,
        0,
        1,
        2,
        3,
        0,
        0,
        1,
        2,
        3,
        0,
        1,
        2,
        3,
        0,
        1,
        1,
        2,
        3,
        0,
        1,
        2,
        3,
        4,
        0,
        1,
        2,
        3,
        0,
        1,
        2,
        3,
        0,
        1,
        2,
        2,
        3,
        0,
        1,
        2,
        3,
        0,
        1,
        2,
        3,
        0,
        0,
        1,
        2,
        3,
        0,
        1,
        2,
        3,
        0,
        1,
        2,
        3,
        3,
        0,
        1,
        2,
        3,
        0,
        1,
        2,
        2
      ],
      "state_distribution": {
        "1": 25,
        "2": 26,
        "3": 23,
        "0": 24,
        "4": 2
      },
      "duration": 1.9808619022369385
    },
    {
      "threshold": 500,
      "cycles": 500,
      "checkpoints": 100,
      "state_diversity": 5,
      "shannon_entropy": 2.099967565548169,
      "normalized_entropy": 0.31607661357573325,
      "transition_rate": 0.91,
      "state_coverage": 1.0,
      "mean_agents": 1.54,
      "std_agents": 1.1438531374263043,
      "agent_counts": [
        1,
        1,
        2,
        3,
        0,
        1,
        2,
        3,
        0,
        1,
        2,
        3,
        0,
        1,
        2,
        3,
        4,
        0,
        1,
        2,
        3,
        0,
        1,
        2,
        3,
        0,
        1,
        2,
        2,
        3,
        0,
        1,
        2,
        3,
        0,
        1,
        2,
        3,
        0,
        0,
        1,
        2,
        3,
        0,
        1,
        2,
        3,
        0,
        1,
        1,
        2,
        3,
        0,
        1,
        2,
        3,
        4,
        0,
        1,
        2,
        3,
        0,
        1,
        2,
        3,
        0,
        1,
        2,
        2,
        3,
        0,
        1,
        2,
        3,
        0,
        1,
        2,
        3,
        0,
        0,
        1,
        2,
        3,
        0,
        1,
        2,
        3,
        0,
        1,
        2,
        3,
        3,
        0,
        1,
        2,
        3,
        0,
        1,
        2,
        2
      ],
      "state_distribution": {
        "1": 25,
        "2": 26,
        "3": 23,
        "0": 24,
        "4": 2
      },
      "duration": 1.9820342063903809
    },
    {
      "threshold": 700,
      "cycles": 500,
      "checkpoints": 100,
      "state_diversity": 7,
      "shannon_entropy": 2.671465144807437,
      "normalized_entropy": 0.40209557047892985,
      "transition_rate": 0.99,
      "state_coverage": 1.0,
      "mean_agents": 2.59,
      "std_agents": 1.7893853693377513,
      "agent_counts": [
        5,
        3,
        2,
        1,
        0,
        5,
        4,
        3,
        2,
        1,
        0,
        5,
        4,
        3,
        2,
        0,
        5,
        4,
        3,
        2,
        1,
        0,
        5,
        4,
        3,
        2,
        1,
        0,
        5,
        4,
        3,
        1,
        0,
        5,
        4,
        3,
        2,
        1,
        0,
        5,
        4,
        3,
        2,
        1,
        0,
        5,
        4,
        1,
        6,
        3,
        2,
        1,
        6,
        3,
        2,
        1,
        0,
        5,
        4,
        3,
        2,
        1,
        0,
        5,
        4,
        3,
        1,
        0,
        5,
        4,
        2,
        1,
        0,
        5,
        3,
        2,
        1,
        0,
        5,
        4,
        3,
        2,
        1,
        0,
        5,
        4,
        3,
        2,
        0,
        5,
        4,
        3,
        2,
        0,
        5,
        4,
        3,
        1,
        0,
        5
      ],
      "state_distribution": {
        "5": 18,
        "3": 17,
        "2": 15,
        "1": 16,
        "0": 17,
        "4": 15,
        "6": 2
      },
      "duration": 3.0149269104003906
    },
    {
      "threshold": 1000,
      "cycles": 500,
      "checkpoints": 100,
      "state_diversity": 11,
      "shannon_entropy": 3.205507223784125,
      "normalized_entropy": 0.4824769128382978,
      "transition_rate": 0.99,
      "state_coverage": 1.0,
      "mean_agents": 3.93,
      "std_agents": 2.5109958183955623,