{
  "population_mean": 17.425,
  "population_cv": 4.825013406255451,
  "composition_mean": 101.27083333333334,
  "composition_cv": 0.10380964161834264,
  "spawn_variation": 40.65573770491803,
  "decoupling_ratio": 391.6373958248438,
  "frequency_composition_r": -0.11182649604319916
}