{
  "timeline": {
    "cycles": [
      133,
      135,
      136,
      137,
      138,
      139,
      140,
      141,
      142,
      144,
      145,
      147,
      148,
      149,
      150,
      151,
      152,
      153,
      154,
      155,
      156,
      157,
      158,
      159,
      160,
      161
    ],
    "composition_mean": [
      NaN,
      NaN,
      NaN,
      NaN,
      NaN,
      NaN,
      NaN,
      NaN,
      NaN,
      NaN,
      NaN,
      NaN,
      NaN,
      NaN,
      NaN,
      1.0,
      1.0,
      0.76,
      0.9450000000000001,
      1.0,
      1.0,
      2.2,
      1.5083333333333335,
      1.0,
      2.4253333333333336,
      2.2966666666666664
    ],
    "composition_std": [
      NaN,
      NaN,
      NaN,
      NaN,
      NaN,
      NaN,
      NaN,
      NaN,
      NaN,
      NaN,
      NaN,
      NaN,
      NaN,
      NaN,
      NaN,
      0.0,
      0.0,
      0.27276363393971714,
      0.17168284713389398,
      0.0,
      0.0,
      1.0770329614269007,
      1.2835227132994396,
      0.0,
      0.21434758895049155,
      0.17326921891156036
    ],
    "spawn_accuracy_mean": [
      NaN,
      NaN,
      NaN,
      NaN,
      NaN,
      NaN,
      NaN,
      NaN,
      NaN,
      NaN,
      NaN,
      NaN,
      NaN,
      NaN,
      NaN,
      NaN,
      NaN,
      NaN,
      NaN,
      NaN,
      NaN,
      NaN,
      NaN,
      NaN,
      99.88000000000001,
      99.93333333333332
    ],
    "spawn_accuracy_std": [
      NaN,
      NaN,
      NaN,
      NaN,
      NaN,
      NaN,
      NaN,
      NaN,
      NaN,
      NaN,
      NaN,
      NaN,
      NaN,
      NaN,
      NaN,
      NaN,
      NaN,
      NaN,
      NaN,
      NaN,
      NaN,
      NaN,
      NaN,
      NaN,
      0.11274356350191607,
      0.0
    ],
    "basin_a_pct": [
      8.571428571428571,
      0.0,
      0.0,
      0.0,
      50.0,
      22.22222222222222,
      5.714285714285714,
      30.0,
      25.0,
      2.7777777777777777,
      14.285714285714285,
      41.66666666666667,
      33.9622641509434,
      33.33333333333333,
      54.54545454545454,
      0.0,
      0.0,
      0.0,
      0.0,
      0.0,
      0.0,
      0.0,
      0.0,
      0.0,
      0.0,
      33.33333333333333
    ],
    "n_experiments": [
      35,
      20,
      15,
      6,
      10,
      18,
      35,
      30,
      20,
      36,
      35,
      12,
      53,
      12,
      11,
      21,
      18,
      15,
      60,
      57,
      55,
      30,
      12,
      48,
      15,
      3
    ],
    "n_frequencies": [
      0,
      0,
      0,
      0,
      0,
      0,
      0,
      0,
      0,
      0,
      0,
      0,
      0,
      0,
      0,
      0,
      0,
      0,
      0,
      0,
      0,
      0,
      0,
      0,
      0,
      0
    ],
    "cumulative_experiments": 682
  },
  "discoveries": [
    {
      "cycle": 133,
      "label": "Threshold-Diversity Grid",
      "color": "blue",
      "description": "Parameter space framework established"
    },
    {
      "cycle": 140,
      "label": "Resonance Refinement",
      "color": "green",
      "description": "Harmonic frequency bands identified"
    },
    {
      "cycle": 157,
      "label": "Harmonic Discovery",
      "color": "purple",
      "description": "Systematic harmonic detection"
    },
    {
      "cycle": 160,
      "label": "Bug #1: Spawn Fix",
      "color": "red",
      "description": "99.7% accuracy achieved"
    },
    {
      "cycle": 161,
      "label": "Bug #2: Threshold",
      "color": "orange",
      "description": "Basin A discovered (33%)"
    }
  ],
  "statistical_summary": {
    "total_cycles": 26,
    "cycle_range": "133-161",
    "total_experiments": 682,
    "mean_experiments_per_cycle": 26.23076923076923,
    "composition_trend": {
      "slope": 0.13846666666666668,
      "r_squared": 0.5383874499615086,
      "p_value": 0.010160489627878693,
      "direction": "increasing",
      "significant": true
    },
    "basin_a_range": {
      "min": 0.0,
      "max": 54.54545454545454,
      "mean": 13.669710792352301,
      "final": 33.33333333333333
    },
    "spawn_accuracy": {
      "min": 99.88000000000001,
      "max": 99.93333333333332,
      "mean": 99.90666666666667,
      "final": 99.93333333333332
    },
    "major_discoveries": 5
  }
}