{
  "converged_final": false,
  "final_E": 0.01,
  "final_S": 0.0,
  "final_C": 0.0009713181408432358,
  "final_R": 0.057888295663761836,
  "target_C_final": 0.25,
  "target_R_final": 0.65,
  "metabolic_cost_final": 0.04,
  "steps_taken": 300
}