{
  "signal_strength": {
    "uniform": {
      "mean": 165291.33839026972,
      "std": 0.0,
      "values": [
        165291.33839026972,
        165291.33839026972,
        165291.33839026972,
        165291.33839026972,
        165291.33839026972
      ]
    },
    "musical": {
      "mean": 188899.78761243634,
      "std": 0.0,
      "values": [
        188899.78761243634,
        188899.78761243634,
        188899.78761243634,
        188899.78761243634,
        188899.78761243634
      ]
    },
    "random": {
      "mean": 37379.539786874026,
      "std": 0.0,
      "values": [
        37379.539786874026,
        37379.539786874026,
        37379.539786874026,
        37379.539786874026,
        37379.539786874026
      ]
    }
  },
  "peak_detection": {
    "uniform": {
      "mean": 1.0,
      "std": 0.0,
      "values": [
        1,
        1,
        1,
        1,
        1
      ]
    },
    "musical": {
      "mean": 1.0,
      "std": 0.0,
      "values": [
        1,
        1,
        1,
        1,
        1
      ]
    },
    "random": {
      "mean": 0.0,
      "std": 0.0,
      "values": [
        0,
        0,
        0,
        0,
        0
      ]
    }
  },
  "dynamic_range": {
    "uniform": {
      "mean": 3.529144418980903,
      "std": 4.440892098500626e-16,
      "values": [
        3.5291444189809025,
        3.5291444189809025,
        3.5291444189809025,
        3.5291444189809025,
        3.5291444189809025
      ]
    },
    "musical": {
      "mean": 2.2737476596424795,
      "std": 0.0,
      "values": [
        2.2737476596424795,
        2.2737476596424795,
        2.2737476596424795,
        2.2737476596424795,
        2.2737476596424795
      ]
    },
    "random": {
      "mean": 1.5187379027670267,
      "std": 0.0,
      "values": [
        1.5187379027670267,
        1.5187379027670267,
        1.5187379027670267,
        1.5187379027670267,
        1.5187379027670267
      ]
    }
  }
}