{
  "experiment": "cycle79b_rapid_intervention",
  "threshold": 500,
  "cycles": 1000,
  "intervention_interval": 20,
  "result": {
    "threshold": 500,
    "cycles": 1000,
    "intervention_interval": 20,
    "final_memory": 1000,
    "final_diversity": {
      "unique_patterns": 1,
      "uniqueness_ratio": 0.001,
      "shannon_entropy": -0.0,
      "complexity_score": 0.0003
    },
    "total_interventions": 50,
    "temporal_data": {
      "memory_sizes": [
        170,
        420,
        670,
        920,
        1000,
        1000,
        1000,
        1000,
        1000,
        1000,
        1000,
        1000,
        1000,
        1000,
        1000,
        1000,
        1000,
        1000,
        1000,
        1000,
        1000,
        1000,
        1000,
        1000,
        1000,
        1000,
        1000,
        1000,
        1000,
        1000,
        1000,
        1000,
        1000,
        1000,
        1000,
        1000,
        1000,
        1000,
        1000,
        1000,
        1000,
        1000,
        1000,
        1000,
        1000,
        1000,
        1000,
        1000,
        1000,
        1000
      ],
      "entropies": [
        2.964870516988226,
        2.2849205170344153,
        1.6762421956524993,
        1.7527458058787422,
        1.8479586233878735,
        1.2276787647860934,
        0.9780123826136469,
        0.07522154475830685,
        0.872800498992432,
        1.1099157598752971,
        0.9604506230766653,
        0.25964166448448084,
        -0.0,
        0.037622360322278434,
        0.7527960664084545,
        0.9966619137320386,
        0.8608440062015498,
        0.24814006376632422,
        0.8828254478619135,
        1.1997165340898555,
        1.1137012209455937,
        0.5401527447697129,
        0.38254266919774566,
        1.0651546890136516,
        1.1974776241409462,
        0.9313243258853694,
        -0.0,
        -0.0,
        -0.0,
        -0.0,
        -0.0,
        -0.0,
        -0.0,
        -0.0,
        -0.0,
        -0.0,
        -0.0,
        -0.0,
        -0.0,
        -0.0,
        -0.0,
        -0.0,
        -0.0,
        -0.0,
        -0.0,
        -0.0,
        -0.0,
        -0.0,
        -0.0,
        -0.0
      ],
      "uniqueness": [
        0.38235294117647056,
        0.1761904761904762,
        0.11044776119402985,
        0.08586956521739131,
        0.018,
        0.006,
        0.006,
        0.003,
        0.003,
        0.003,
        0.003,
        0.003,
        0.001,
        0.002,
        0.002,
        0.002,
        0.002,
        0.005,
        0.004,
        0.004,
        0.004,
        0.004,
        0.004,
        0.004,
        0.004,
        0.004,
        0.001,
        0.001,
        0.001,
        0.001,
        0.001,
        0.001,
        0.001,
        0.001,
        0.001,
        0.001,
        0.001,
        0.001,
        0.001,
        0.001,
        0.001,
        0.001,
        0.001,
        0.001,
        0.001,
        0.001,
        0.001,
        0.001,
        0.001,
        0.001
      ],
      "timestamps": [
        20,
        40,
        60,
        80,
        100,
        120,
        140,
        160,
        180,
        200,
        220,
        240,
        260,
        280,
        300,
        320,
        340,
        360,
        380,
        400,
        420,
        440,
        460,
        480,
        500,
        520,
        540,
        560,
        580,
        600,
        620,
        640,
        660,
        680,
        700,
        720,
        740,
        760,
        780,
        800,
        820,
        840,
        860,
        880,
        900,
        920,
        940,
        960,
        980,
        1000
      ]
    },
    "temporal_analysis": {
      "collapse_cycle": 160,
      "sustained_diversity_cycles": 520,
      "mean_entropy": 0.5243883712772823
    },
    "duration": 7.058835983276367
  },
  "insight_42_discovered": false,
  "timestamp": 1761131269.41329
}