{
  "timestamp": "2025-05-27T18:01:14.908Z",
  "version": "2.0.0",
  "agent": "Agent 1",
  "benchmarks": {
    "illumination": {
      "testSuite": "Illumination Modeling Validation",
      "file": "test/illumination-modeling-validation.js",
      "isFallback": false,
      "execution": {
        "iterations": 3,
        "avgTime": 212.24305533333333,
        "minTime": 176.71966599999996,
        "maxTime": 282.03024999999997,
        "stdDev": 49.3496777601481,
        "variancePercent": 23.251492343362248
      },
      "memory": {
        "avgUsage": 3.750696818033854,
        "maxUsage": 3.7999649047851562,
        "samples": 3
      },
      "performance": {
        "timeScore": 95.75513889333334,
        "memoryScore": 96.20003509521484,
        "overallScore": 95.97758699427409,
        "meetsThresholds": true
      },
      "errors": [],
      "successRate": 100
    },
    "musical": {
      "testSuite": "Musical Frequency Enhancement",
      "file": "test/musical-frequency-enhancement-validation.js",
      "isFallback": false,
      "execution": {
        "iterations": 3,
        "avgTime": 185.12374999999997,
        "minTime": 181.70054200000004,
        "maxTime": 191.19008299999996,
        "stdDev": 4.301350905772807,
        "variancePercent": 2.323500310345273
      },
      "memory": {
        "avgUsage": 3.90692138671875,
        "maxUsage": 3.9500656127929688,
        "samples": 3
      },
      "performance": {
        "timeScore": 93.82920833333334,
        "memoryScore": 95.06241798400879,
        "overallScore": 94.44581315867106,
        "meetsThresholds": true
      },
      "errors": [],
      "successRate": 100
    },
    "bioCosmic": {
      "testSuite": "Bio-Cosmic Coupling Validation",
      "file": "test/bio-cosmic-coupling-validation.js",
      "isFallback": false,
      "execution": {
        "iterations": 3,
        "avgTime": 153.44761099999997,
        "minTime": 149.087,
        "maxTime": 158.47304099999997,
        "stdDev": 3.860563831056365,
        "variancePercent": 2.5158839592858606
      },
      "memory": {
        "avgUsage": 4.052012125651042,
        "maxUsage": 4.09954833984375,
        "samples": 3
      },
      "performance": {
        "timeScore": 96.163809725,
        "memoryScore": 95.4449462890625,
        "overallScore": 95.80437800703125,
        "meetsThresholds": true
      },
      "errors": [],
      "successRate": 100
    },
    "cosmicWeb": {
      "testSuite": "Cosmic Web Resonance Analysis",
      "file": "test/cosmic-web-resonance-analysis.js",
      "isFallback": false,
      "execution": {
        "iterations": 3,
        "avgTime": 731.7790139999998,
        "minTime": 718.7415839999999,
        "maxTime": 744.1222079999998,
        "stdDev": 10.37321844543646,
        "variancePercent": 1.4175342893116176
      },
      "memory": {
        "avgUsage": 3.763788859049479,
        "maxUsage": 4.158119201660156,
        "samples": 3
      },
      "performance": {
        "timeScore": 87.8036831,
        "memoryScore": 96.5349006652832,
        "overallScore": 92.1692918826416,
        "meetsThresholds": true
      },
      "errors": [],
      "successRate": 100
    },
    "comprehensive": {
      "testSuite": "Comprehensive Validation Suite",
      "file": "test/comprehensive-validation-suite.js",
      "isFallback": false,
      "execution": {
        "iterations": 3,
        "avgTime": 1754.7021250000005,
        "minTime": 1744.8502079999998,
        "maxTime": 1773.5876670000002,
        "stdDev": 13.358272665896065,
        "variancePercent": 0.7612843499517652
      },
      "memory": {
        "avgUsage": 3.7367706298828125,
        "maxUsage": 3.8248443603515625,
        "samples": 3
      },
      "performance": {
        "timeScore": 82.45297875,
        "memoryScore": 98.08757781982422,
        "overallScore": 90.27027828491211,
        "meetsThresholds": true
      },
      "errors": [],
      "successRate": 100
    }
  },
  "failures": {
    "total": 0,
    "byTest": {},
    "threshold": 5
  },
  "summary": {
    "totalExecutionTime": 9116.032083,
    "averageMemoryUsage": 3.966508483886719,
    "performanceScore": 93.73346966550602,
    "recommendations": [],
    "testsRun": 5,
    "testsSkipped": 0,
    "testsFailed": 0
  }
}