{
  "experiment": "cycle63_lower_threshold_scan",
  "test_thresholds": [
    500,
    600,
    700,
    800,
    900
  ],
  "results": [
    {
      "threshold": 500,
      "cycles": 300,
      "checkpoints": 30,
      "avg_clusters": 79.23333333333333,
      "median_clusters": 79.0,
      "max_clusters": 152,
      "std_clusters": 43.65751812562058,
      "single_cluster_percentage": 0.0,
      "multicluster_percentage": 100.0,
      "agent_counts": [
        1,
        3,
        1,
        3,
        1,
        3,
        1,
        3,
        0,
        2,
        0,
        2,
        0,
        2,
        3,
        1,
        3,
        1,
        3,
        0,
        2,
        0,
        2,
        0,
        1,
        3,
        1,
        3,
        0,
        2
      ],
      "cluster_counts": [
        5,
        11,
        16,
        22,
        26,
        32,
        36,
        42,
        47,
        52,
        57,
        62,
        66,
        71,
        77,
        81,
        87,
        91,
        97,
        102,
        107,
        112,
        117,
        122,
        127,
        133,
        137,
        143,
        147,
        152
      ],
      "duration": 1.1875121593475342
    },
    {
      "threshold": 600,
      "cycles": 300,
      "checkpoints": 30,
      "avg_clusters": 104.93333333333334,
      "median_clusters": 106.0,
      "max_clusters": 195,
      "std_clusters": 56.68740796880928,
      "single_cluster_percentage": 0.0,
      "multicluster_percentage": 100.0,
      "agent_counts": [
        0,
        5,
        3,
        1,
        0,
        4,
        2,
        2,
        2,
        1,
        5,
        3,
        3,
        3,
        3,
        2,
        1,
        0,
        4,
        3,
        3,
        3,
        3,
        3,
        3,
        3,
        3,
        3,
        3,
        3
      ],
      "cluster_counts": [
        6,
        13,
        20,
        28,
        35,
        43,
        50,
        56,
        62,
        69,
        78,
        85,
        91,
        97,
        103,
        109,
        116,
        124,
        132,
        138,
        144,
        150,
        155,
        161,
        166,
        172,
        178,
        183,
        189,
        195
      ],
      "duration": 1.5573561191558838
    },
    {
      "threshold": 700,
      "cycles": 300,
      "checkpoints": 30,
      "avg_clusters": 109.2,
      "median_clusters": 108.0,
      "max_clusters": 213,
      "std_clusters": 61.153032086179785,
      "single_cluster_percentage": 0.0,
      "multicluster_percentage": 100.0,
      "agent_counts": [
        3,
        1,
        5,
        3,
        1,
        5,
        3,
        0,
        4,
        2,
        0,
        4,
        2,
        0,
        4,
        1,
        5,
        3,
        1,
        5,
        3,
        1,
        5,
        1,
        3,
        1,
        3,
        1,
        5,
        3
      ],
      "cluster_counts": [
        8,
        14,
        22,
        28,
        35,
        43,
        48,
        55,
        64,
        70,
        79,
        86,
        92,
        99,
        105,
        111,
        120,
        126,
        132,
        140,
        147,
        153,
        160,
        167,
        176,
        183,
        193,
        199,
        208,
        213
      ],
      "duration": 1.8606781959533691
    },
    {
      "threshold": 800,
      "cycles": 300,
      "checkpoints": 30,
      "avg_clusters": 126.8,
      "median_clusters": 125.5,
      "max_clusters": 250,
      "std_clusters": 71.27477347093664,
      "single_cluster_percentage": 0.0,
      "multicluster_percentage": 100.0,
      "agent_counts": [
        3,
        6,
        0,
        3,
        5,
        0,
        3,
        6,
        1,
        3,
        5,
        1,
        4,
        0,
        2,
        4,
        0,
        3,
        6,
        2,
        4,
        0,
        1,
        3,
        6,
        0,
        3,
        5,
        7,
        0
      ],
      "cluster_counts": [
        8,
        16,
        25,
        33,
        42,
        51,
        58,
        66,
        72,
        81,
        90,
        96,
        106,
        114,
        121,
        130,
        138,
        145,
        154,
        161,
        171,
        178,
        188,
        196,
        206,
        215,
        222,
        231,
        240,
        250
      ],
      "duration": 2.391329050064087
    },
    {
      "threshold": 900,
      "cycles": 300,
      "checkpoints": 30,
      "avg_clusters": 126.8,
      "median_clusters": 125.5,
      "max_clusters": 250,
      "std_clusters": 71.27477347093664,
      "single_cluster_percentage": 0.0,
      "multicluster_percentage": 100.0,
      "agent_counts": [
        3,
        6,
        0,
        3,
        5,
        0,
        3,
        6,
        1,
        3,
        5,
        1,
        4,
        0,
        2,
        4,
        0,
        3,
        6,
        2,
        4,
        0,
        1,
        3,
        6,
        0,
        3,
        5,
        7,
        0
      ],
      "cluster_counts": [
        8,
        16,
        25,
        33,
        42,
        51,
        58,
        66,
        72,
        81,
        90,
        96,
        106,
        114,
        121,
        130,
        138,
        145,
        154,
        161,
        171,
        178,
        188,
        196,
        206,
        215,
        222,
        231,
        240,
        250
      ],
      "duration": 2.405750036239624
    }
  ],
  "boundary_analysis": {
    "critical_threshold_lower": 500,
    "critical_threshold_upper": 600,
    "critical_jump_magnitude": 25.700000000000003,
    "critical_jump_ratio": 1.3243584350021036,
    "transition_sharpness": 0.5402943237561318,
    "transition_type": "MODERATE (semi-sharp)",
    "jumps": [
      {
        "from_threshold": 500,
        "to_threshold": 600,
        "jump": 25.700000000000003,
        "jump_ratio": 1.3243584350021036
      },
      {
        "from_threshold": 600,
        "to_threshold": 700,
        "jump": 4.266666666666666,
        "jump_ratio": 1.0406607369758576
      },
      {
        "from_threshold": 700,
        "to_threshold": 800,
        "jump": 17.599999999999994,
        "jump_ratio": 1.161172161172161
      },
      {
        "from_threshold": 800,
        "to_threshold": 900,
        "jump": 0.0,
        "jump_ratio": 1.0
      }
    ]
  },
  "insight_28_discovered": true,
  "overall_duration": 11.938831090927124,
  "timestamp": 1761123815.3077078
}