{
  "experiment": "cycle73_memory_energy_with_seeding",
  "test_thresholds": [
    500,
    1000,
    1500,
    2000
  ],
  "results": [
    {
      "threshold": 500,
      "final_memory": 1000,
      "growth_rate": 8.647298919567833,
      "total_bursts": 122,
      "burst_rate": 0.244,
      "efficiency": 8.19672131147541,
      "memory_sizes": [
        70,
        170,
        320,
        420,
        570,
        670,
        820,
        920,
        1000,
        1000,
        1000,
        1000,
        1000,
        1000,
        1000,
        1000,
        1000,
        1000,
        1000,
        1000,
        1000,
        1000,
        1000,
        1000,
        1000,
        1000,
        1000,
        1000,
        1000,
        1000,
        1000,
        1000,
        1000,
        1000,
        1000,
        1000,
        1000,
        1000,
        1000,
        1000,
        1000,
        1000,
        1000,
        1000,
        1000,
        1000,
        1000,
        1000,
        1000,
        1000
      ],
      "duration": 3.4773471355438232
    },
    {
      "threshold": 1000,
      "final_memory": 1000,
      "growth_rate": 15.592316926770717,
      "total_bursts": 59,
      "burst_rate": 0.118,
      "efficiency": 16.949152542372882,
      "memory_sizes": [
        40,
        90,
        140,
        190,
        290,
        340,
        390,
        440,
        490,
        590,
        640,
        690,
        740,
        790,
        840,
        940,
        990,
        1000,
        1000,
        1000,
        1000,
        1000,
        1000,
        1000,
        1000,
        1000,
        1000,
        1000,
        1000,
        1000,
        1000,
        1000,
        1000,
        1000,
        1000,
        1000,
        1000,
        1000,
        1000,
        1000,
        1000,
        1000,
        1000,
        1000,
        1000,
        1000,
        1000,
        1000,
        1000,
        1000
      ],
      "duration": 6.175729036331177
    },
    {
      "threshold": 1500,
      "final_memory": 1000,
      "growth_rate": 19.31122448979592,
      "total_bursts": 40,
      "burst_rate": 0.08,
      "efficiency": 25.0,
      "memory_sizes": [
        0,
        50,
        100,
        150,
        200,
        200,
        250,
        300,
        350,
        400,
        400,
        450,
        500,
        550,
        600,
        650,
        650,
        700,
        750,
        800,
        850,
        850,
        900,
        950,
        1000,
        1000,
        1000,
        1000,
        1000,
        1000,
        1000,
        1000,
        1000,
        1000,
        1000,
        1000,
        1000,
        1000,
        1000,
        1000,
        1000,
        1000,
        1000,
        1000,
        1000,
        1000,
        1000,
        1000,
        1000,
        1000
      ],
      "duration": 9.977262020111084
    },
    {
      "threshold": 2000,
      "final_memory": 0,
      "growth_rate": 0.0,
      "total_bursts": 0,
      "burst_rate": 0.0,
      "efficiency": 0.0,
      "memory_sizes": [
        0,
        0,
        0,
        0,
        0,
        0,
        0,
        0,
        0,
        0,
        0,
        0,
        0,
        0,
        0,
        0,
        0,
        0,
        0,
        0,
        0,
        0,
        0,
        0,
        0,
        0,
        0,
        0,
        0,
        0,
        0,
        0,
        0,
        0,
        0,
        0,
        0,
        0,
        0,
        0,
        0,
        0,
        0,
        0,
        0,
        0,
        0,
        0,
        0,
        0
      ],
      "duration": 29.510735750198364
    }
  ],
  "insight_37_discovered": true,
  "overall_duration": 51.163923263549805,
  "timestamp": 1761128029.085809
}