{
  "0.0": {
    "avg_C": 1.7763568394002505e-15,
    "avg_R": 1.0,
    "success": false
  },
  "0.25": {
    "avg_C": 1.7763568394002505e-15,
    "avg_R": 1.0,
    "success": false
  },
  "0.5": {
    "avg_C": 1.7763568394002505e-15,
    "avg_R": 1.0,
    "success": false
  },
  "0.75": {
    "avg_C": 1.7763568394002505e-15,
    "avg_R": 1.0,
    "success": false
  },
  "1.0": {
    "avg_C": 1.805962786723588e-15,
    "avg_R": 1.0000000000000002,
    "success": false
  }
}