{
  "experiment": "cycle67_temporal_energy_coupling",
  "test_thresholds": [
    270,
    400,
    500,
    700,
    1000
  ],
  "results": [
    {
      "threshold": 270,
      "cycles": 500,
      "checkpoints": 100,
      "mean_agents": 1.13,
      "std_agents": 0.9236341266973628,
      "cv_agents": 0.8173753333604981,
      "autocorr_lag1": -0.4369607810435313,
      "dominant_period": 2.4390243902439024,
      "spectral_power": 1439.3098496724538,
      "mean_clusters": 86.92,
      "agent_counts": [
        2,
        1,
        0,
        2,
        1,
        3,
        1,
        0,
        2,
        0,
        2,
        1,
        0,
        1,
        0,
        2,
        1,
        2,
        1,
        0,
        2,
        0,
        2,
        1,
        3,
        1,
        0,
        2,
        0,
        2,
        1,
        0,
        1,
        0,
        2,
        1,
        2,
        1,
        0,
        2,
        2,
        0,
        2,
        1,
        0,
        1,
        0,
        2,
        0,
        2,
        1,
        0,
        2,
        0,
        2,
        1,
        3,
        1,
        0,
        2,
        0,
        2,
        1,
        0,
        1,
        0,
        2,
        1,
        2,
        1,
        0,
        2,
        0,
        2,
        1,
        3,
        1,
        0,
        2,
        1,
        0,
        2,
        1,
        2,
        1,
        0,
        2,
        0,
        2,
        1,
        3,
        1,
        0,
        2,
        0,
        2,
        1,
        0,
        1,
        3
      ],
      "cluster_counts": [
        2,
        3,
        5,
        7,
        8,
        11,
        12,
        13,
        15,
        17,
        19,
        20,
        22,
        24,
        26,
        28,
        29,
        32,
        33,
        35,
        37,
        39,
        41,
        42,
        45,
        46,
        48,
        49,
        51,
        53,
        54,
        56,
        58,
        60,
        62,
        63,
        66,
        67,
        69,
        71,
        75,
        77,
        79,
        79,
        81,
        83,
        85,
        86,
        88,
        89,
        90,
        91,
        93,
        95,
        96,
        97,
        100,
        101,
        102,
        104,
        106,
        107,
        107,
        109,
        111,
        113,
        114,
        115,
        118,
        119,
        120,
        122,
        124,
        125,
        126,
        129,
        130,
        131,
        133,
        135,
        137,
        139,
        140,
        143,
        144,
        146,
        148,
        150,
        152,
        152,
        154,
        155,
        157,
        159,
        161,
        163,
        164,
        166,
        168,
        171
      ],
      "duration": 1.6505510807037354
    },
    {
      "threshold": 400,
      "cycles": 500,
      "checkpoints": 100,
      "mean_agents": 1.54,
      "std_agents": 1.1438531374263043,
      "cv_agents": 0.7427617775495483,
      "autocorr_lag1": -0.07588181056285327,
      "dominant_period": 4.3478260869565215,
      "spectral_power": 2646.0063405875335,
      "mean_clusters": 128.0,
      "agent_counts": [
        1,
        1,
        2,
        3,
        0,
        1,
        2,
        3,
        0,
        1,
        2,
        3,
        0,
        1,
        2,
        3,
        4,
        0,
        1,
        2,
        3,
        0,
        1,
        2,
        3,
        0,
        1,
        2,
        2,
        3,
        0,
        1,
        2,
        3,
        0,
        1,
        2,
        3,
        0,
        0,
        1,
        2,
        3,
        0,
        1,
        2,
        3,
        0,
        1,
        1,
        2,
        3,
        0,
        1,
        2,
        3,
        4,
        0,
        1,
        2,
        3,
        0,
        1,
        2,
        3,
        0,
        1,
        2,
        2,
        3,
        0,
        1,
        2,
        3,
        0,
        1,
        2,
        3,
        0,
        0,
        1,
        2,
        3,
        0,
        1,
        2,
        3,
        0,
        1,
        2,
        3,
        3,
        0,
        1,
        2,
        3,
        0,
        1,
        2,
        2
      ],
      "cluster_counts": [
        2,
        5,
        8,
        11,
        13,
        16,
        19,
        22,
        24,
        26,
        29,
        32,
        34,
        36,
        39,
        42,
        45,
        47,
        49,
        52,
        55,
        57,
        59,
        62,
        64,
        66,
        68,
        71,
        74,
        77,
        79,
        81,
        84,
        87,
        89,
        91,
        94,
        97,
        99,
        102,
        104,
        107,
        110,
        112,
        114,
        117,
        120,
        122,
        124,
        127,
        130,
        133,
        135,
        137,
        140,
        143,
        146,
        147,
        149,
        152,
        155,
        157,
        158,
        161,
        164,
        166,
        168,
        171,
        174,
        177,
        179,
        181,
        184,
        187,
        189,
        191,
        194,
        197,
        199,
        202,
        204,
        207,
        210,
        212,
        214,
        217,
        220,
        222,
        224,
        227,
        230,
        233,
        235,
        237,
        240,
        243,
        245,
        247,
        250,
        253
      ],
      "duration": 1.9822587966918945
    },
    {
      "threshold": 500,
      "cycles": 500,
      "checkpoints": 100,
      "mean_agents": 1.54,
      "std_agents": 1.1438531374263043,
      "cv_agents": 0.7427617775495483,
      "autocorr_lag1": -0.07588181056285327,
      "dominant_period": 4.3478260869565215,
      "spectral_power": 2646.0063405875335,
      "mean_clusters": 128.0,
      "agent_counts": [
        1,
        1,
        2,
        3,
        0,
        1,
        2,
        3,
        0,
        1,
        2,
        3,
        0,
        1,
        2,
        3,
        4,
        0,
        1,
        2,
        3,
        0,
        1,
        2,
        3,
        0,
        1,
        2,
        2,
        3,
        0,
        1,
        2,
        3,
        0,
        1,
        2,
        3,
        0,
        0,
        1,
        2,
        3,
        0,
        1,
        2,
        3,
        0,
        1,
        1,
        2,
        3,
        0,
        1,
        2,
        3,
        4,
        0,
        1,
        2,
        3,
        0,
        1,
        2,
        3,
        0,
        1,
        2,
        2,
        3,
        0,
        1,
        2,
        3,
        0,
        1,
        2,
        3,
        0,
        0,
        1,
        2,
        3,
        0,
        1,
        2,
        3,
        0,
        1,
        2,
        3,
        3,
        0,
        1,
        2,
        3,
        0,
        1,
        2,
        2
      ],