{
  "0.0": {
    "avg_C": 0.0,
    "avg_R": 1.0,
    "success_rate": 0.0,
    "raw_C": [
      0.0,
      0.0,
      0.0,
      0.0,
      0.0
    ],
    "raw_R": [
      0.9999999999999998,
      1.0000000000000004,
      1.0,
      0.9999999999999997,
      1.0000000000000002
    ]
  },
  "0.02": {
    "avg_C": 1.7763568394002505e-15,
    "avg_R": 1.0,
    "success_rate": 0.0,
    "raw_C": [
      1.7763568394002505e-15,
      1.7763568394002505e-15,
      1.7763568394002505e-15,
      1.7763568394002505e-15,
      1.7763568394002505e-15
    ],
    "raw_R": [
      0.9999999999999998,
      0.9999999999999998,
      1.0000000000000002,
      0.9999999999999998,
      0.9999999999999997
    ]
  },
  "0.04": {
    "avg_C": 1.7763568394002505e-15,
    "avg_R": 1.0000000000000002,
    "success_rate": 0.0,
    "raw_C": [
      1.7763568394002505e-15,
      1.7763568394002505e-15,
      1.7763568394002505e-15,
      1.7763568394002505e-15,
      1.7763568394002505e-15
    ],
    "raw_R": [
      1.0,
      1.0000000000000004,
      1.0,
      1.0000000000000002,
      1.0
    ]
  },
  "0.06": {
    "avg_C": 0.0,
    "avg_R": 1.0000000000000002,
    "success_rate": 0.0,
    "raw_C": [
      0.0,
      0.0,
      0.0,
      0.0,
      0.0
    ],
    "raw_R": [
      1.0000000000000002,
      1.0000000000000002,
      1.0000000000000002,
      1.0000000000000002,
      0.9999999999999997
    ]
  },
  "0.08": {
    "avg_C": 1.7763568394002505e-15,
    "avg_R": 1.0,
    "success_rate": 0.0,
    "raw_C": [
      1.7763568394002505e-15,
      1.7763568394002505e-15,
      1.7763568394002505e-15,
      1.7763568394002505e-15,
      1.7763568394002505e-15
    ],
    "raw_R": [
      1.0,
      1.0,
      1.0,
      1.0000000000000002,
      0.9999999999999997
    ]
  }
}