{
    "mse_reactive": 2.517093244724106,
    "mse_predictive": 1.5432471145594788,
    "improvement": 38.68931483590583
}