{
  "experiment": "cycle64_ultralow_threshold_scan",
  "test_thresholds": [
    200,
    300,
    400,
    450,
    500
  ],
  "results": [
    {
      "threshold": 200,
      "cycles": 300,
      "checkpoints": 30,
      "avg_clusters": 0.0,
      "median_clusters": 0.0,
      "min_clusters": 0,
      "max_clusters": 0,
      "std_clusters": 0.0,
      "zero_cluster_percentage": 100.0,
      "single_cluster_percentage": 0.0,
      "multicluster_percentage": 0.0,
      "is_standard_regime": false,
      "agent_counts": [
        0,
        0,
        0,
        2,
        1,
        1,
        1,
        0,
        0,
        0,
        0,
        1,
        1,
        1,
        1,
        0,
        0,
        0,
        2,
        0,
        0,
        0,
        0,
        1,
        1,
        1,
        1,
        1,
        0,
        0
      ],
      "cluster_counts": [
        0,
        0,
        0,
        0,
        0,
        0,
        0,
        0,
        0,
        0,
        0,
        0,
        0,
        0,
        0,
        0,
        0,
        0,
        0,
        0,
        0,
        0,
        0,
        0,
        0,
        0,
        0,
        0,
        0,
        0
      ],
      "duration": 0.811305046081543
    },
    {
      "threshold": 300,
      "cycles": 300,
      "checkpoints": 30,
      "avg_clusters": 54.6,
      "median_clusters": 54.5,
      "min_clusters": 3,
      "max_clusters": 104,
      "std_clusters": 30.640496079535005,
      "zero_cluster_percentage": 0.0,
      "single_cluster_percentage": 0.0,
      "multicluster_percentage": 100.0,
      "is_standard_regime": false,
      "agent_counts": [
        1,
        2,
        3,
        0,
        0,
        1,
        1,
        2,
        2,
        0,
        0,
        1,
        1,
        2,
        2,
        0,
        0,
        1,
        1,
        2,
        0,
        1,
        1,
        2,
        2,
        0,
        0,
        1,
        1,
        2
      ],
      "cluster_counts": [
        3,
        7,
        11,
        13,
        17,
        20,
        24,
        28,
        32,
        35,
        39,
        42,
        46,
        49,
        53,
        56,
        60,
        63,
        67,
        71,
        77,
        79,
        83,
        86,
        89,
        91,
        95,
        97,
        101,
        104
      ],
      "duration": 1.026595115661621
    },
    {
      "threshold": 400,
      "cycles": 300,
      "checkpoints": 30,
      "avg_clusters": 79.23333333333333,
      "median_clusters": 79.0,
      "min_clusters": 5,
      "max_clusters": 152,
      "std_clusters": 43.65751812562058,
      "zero_cluster_percentage": 0.0,
      "single_cluster_percentage": 0.0,
      "multicluster_percentage": 100.0,
      "is_standard_regime": false,
      "agent_counts": [
        1,
        3,
        1,
        3,
        1,
        3,
        1,
        3,
        0,
        2,
        0,
        2,
        0,
        2,
        3,
        1,
        3,
        1,
        3,
        0,
        2,
        0,
        2,
        0,
        1,
        3,
        1,
        3,
        0,
        2
      ],
      "cluster_counts": [
        5,
        11,
        16,
        22,
        26,
        32,
        36,
        42,
        47,
        52,
        57,
        62,
        66,
        71,
        77,
        81,
        87,
        91,
        97,
        102,
        107,
        112,
        117,
        122,
        127,
        133,
        137,
        143,
        147,
        152
      ],
      "duration": 1.2157108783721924
    },
    {
      "threshold": 450,
      "cycles": 300,
      "checkpoints": 30,
      "avg_clusters": 79.23333333333333,
      "median_clusters": 79.0,
      "min_clusters": 5,
      "max_clusters": 152,
      "std_clusters": 43.65751812562058,
      "zero_cluster_percentage": 0.0,
      "single_cluster_percentage": 0.0,
      "multicluster_percentage": 100.0,
      "is_standard_regime": false,
      "agent_counts": [
        1,
        3,
        1,
        3,
        1,
        3,
        1,
        3,
        0,
        2,
        0,
        2,
        0,
        2,
        3,
        1,
        3,
        1,
        3,
        0,
        2,
        0,
        2,
        0,
        1,
        3,
        1,
        3,
        0,
        2
      ],
      "cluster_counts": [
        5,
        11,
        16,
        22,
        26,
        32,
        36,
        42,
        47,
        52,
        57,
        62,
        66,
        71,
        77,
        81,
        87,
        91,
        97,
        102,
        107,
        112,
        117,
        122,
        127,
        133,
        137,
        143,
        147,
        152
      ],
      "duration": 1.1975700855255127
    },
    {
      "threshold": 500,
      "cycles": 300,
      "checkpoints": 30,
      "avg_clusters": 79.23333333333333,
      "median_clusters": 79.0,
      "min_clusters": 5,
      "max_clusters": 152,
      "std_clusters": 43.65751812562058,
      "zero_cluster_percentage": 0.0,
      "single_cluster_percentage": 0.0,
      "multicluster_percentage": 100.0,
      "is_standard_regime": false,
      "agent_counts": [
        1,
        3,
        1,
        3,
        1,
        3,
        1,
        3,
        0,
        2,
        0,
        2,
        0,
        2,
        3,
        1,
        3,
        1,
        3,
        0,
        2,
        0,
        2,
        0,
        1,
        3,
        1,
        3,
        0,
        2
      ],
      "cluster_counts": [
        5,
        11,
        16,
        22,
        26,
        32,
        36,
        42,
        47,
        52,
        57,
        62,
        66,
        71,
        77,
        81,
        87,
        91,
        97,
        102,
        107,
        112,
        117,
        122,
        127,
        133,
        137,
        143,
        147,
        152
      ],
      "duration": 1.200181007385254
    }
  ],
  "phase_diagram": {
    "boundary_lower": null,
    "boundary_upper": 200,
    "boundary_found": false,
    "standard_thresholds": [],
    "highfreq_thresholds": [
      200,
      300,
      400,
      450,
      500
    ]
  },
  "insight_29_discovered": false,
  "overall_duration": 7.990300893783569,
  "timestamp": 1761123986.357845
}