{
  "experiment": "cycle78_temporal_memory_evolution",
  "test_thresholds": [
    500,
    750
  ],
  "cycles": 1000,
  "results": [
    {
      "threshold": 500,
      "cycles": 1000,
      "final_memory": 1000,
      "final_diversity": {
        "unique_patterns": 1,
        "uniqueness_ratio": 0.001,
        "shannon_entropy": -0.0,
        "complexity_score": 0.0003
      },
      "total_bursts": 244,
      "burst_rate": 0.244,
      "final_efficiency": 4.098360655737705,
      "temporal_data": {
        "memory_sizes": [
          170,
          420,
          670,
          920,
          1000,
          1000,
          1000,
          1000,
          1000,
          1000,
          1000,
          1000,
          1000,
          1000,
          1000,
          1000,
          1000,
          1000,
          1000,
          1000,
          1000,
          1000,
          1000,
          1000,
          1000,
          1000,
          1000,
          1000,
          1000,
          1000,
          1000,
          1000,
          1000,
          1000,
          1000,
          1000,
          1000,
          1000,
          1000,
          1000,
          1000,
          1000,
          1000,
          1000,
          1000,
          1000,
          1000,
          1000,
          1000,
          1000
        ],
        "entropies": [
          2.964870516988226,
          2.297139638361969,
          1.687119872293469,
          1.7578080257475288,
          1.8571386570310837,
          1.2276787647860934,
          0.9780123826136469,
          0.07522154475830685,
          0.872800498992432,
          1.1099157598752971,
          0.9604506230766653,
          0.25964166448448084,
          -0.0,
          0.037622360322278434,
          0.7527960664084545,
          0.9966619137320386,
          0.8608440062015498,
          0.24814006376632422,
          0.8828254478619135,
          1.1997165340898555,
          1.1137012209455937,
          0.5401527447697129,
          0.38254266919774566,
          1.0651546890136516,
          1.1974776241409462,
          0.9313243258853694,
          -0.0,
          -0.0,
          -0.0,
          -0.0,
          -0.0,
          -0.0,
          -0.0,
          -0.0,
          -0.0,
          -0.0,
          -0.0,
          -0.0,
          -0.0,
          -0.0,
          -0.0,
          -0.0,
          -0.0,
          -0.0,
          -0.0,
          -0.0,
          -0.0,
          -0.0,
          -0.0,
          -0.0
        ],
        "uniqueness": [
          0.38235294117647056,
          0.18095238095238095,
          0.11343283582089553,
          0.08804347826086957,
          0.018,
          0.006,
          0.006,
          0.003,
          0.003,
          0.003,
          0.003,
          0.003,
          0.001,
          0.002,
          0.002,
          0.002,
          0.002,
          0.005,
          0.004,
          0.004,
          0.004,
          0.004,
          0.004,
          0.004,
          0.004,
          0.004,
          0.001,
          0.001,
          0.001,
          0.001,
          0.001,
          0.001,
          0.001,
          0.001,
          0.001,
          0.001,
          0.001,
          0.001,
          0.001,
          0.001,
          0.001,
          0.001,
          0.001,
          0.001,
          0.001,
          0.001,
          0.001,
          0.001,
          0.001,
          0.001
        ],
        "efficiencies": [
          42.5,
          46.666666666666664,
          47.857142857142854,
          48.421052631578945,
          41.666666666666664,
          34.48275862068966,
          29.41176470588235,
          25.641025641025642,
          22.727272727272727,
          20.408163265306122,
          18.51851851851852,
          16.949152542372882,
          15.873015873015873,
          14.705882352941176,
          13.698630136986301,
          12.820512820512821,
          12.048192771084338,
          11.363636363636363,
          10.75268817204301,
          10.204081632653061,
          9.70873786407767,
          9.25925925925926,
          8.928571428571429,
          8.547008547008547,
          8.19672131147541,
          7.874015748031496,
          7.575757575757576,
          7.299270072992701,
          7.042253521126761,
          6.802721088435374,
          6.622516556291391,
          6.410256410256411,
          6.211180124223603,
          6.024096385542169,
          5.847953216374269,
          5.681818181818182,
          5.524861878453039,
          5.376344086021505,
          5.2356020942408374,
          5.128205128205129,
          5.0,
          4.878048780487805,
          4.761904761904762,
          4.651162790697675,
          4.545454545454546,
          4.444444444444445,
          4.3478260869565215,
          4.25531914893617,
          4.166666666666667,
          4.098360655737705
        ],
        "bursts": [
          4,
          9,
          14,
          19,
          24,
          29,
          34,
          39,
          44,
          49,
          54,
          59,
          63,
          68,
          73,
          78,
          83,
          88,
          93,
          98,
          103,
          108,
          112,
          117,
          122,
          127,
          132,
          137,
          142,
          147,
          151,
          156,
          161,
          166,
          171,
          176,
          181,
          186,
          191,
          195,
          200,
          205,
          210,
          215,
          220,
          225,
          230,
          235,
          240,
          244
        ],
        "timestamps": [
          20,
          40,
          60,
          80,
          100,
          120,
          140,
          160,
          180,
          200,
          220,
          240,
          260,
          280,
          300,
          320,
          340,
          360,
          380,
          400,
          420,
          440,
          460,
          480,
          500,
          520,
          540,
          560,
          580,
          600,
          620,
          640,
          660,
          680,
          700,
          720,
          740,
          760,
          780,
          800,
          820,
          840,
          860,
          880,
          900,
          920,
          940,
          960,
          980,
          1000
        ]
      },
      "temporal_analysis": {
        "memory_trend": 4.140216086434581,
        "entropy_trend": -0.036661911425322886,
        "memory_stability": 1.0,
        "entropy_stability": -3.898979485566355
      },
      "duration": 6.997793912887573
    },
    {
      "threshold": 750,
      "cycles": 1000,
      "final_memory": 1000,
      "final_diversity": {
        "unique_patterns": 1,
        "uniqueness_ratio": 0.001,
        "shannon_entropy": -0.0,
        "complexity_score": 0.0003
      },
      "total_bursts": 162,
      "burst_rate": 0.162,
      "final_efficiency": 6.172839506172839,
      "temporal_data": {
        "memory_sizes": [
          135,
          285,
          435,
          635,
          785,
          935,
          1000,
          1000,
          1000,
          1000,
          1000,
          1000,
          1000,
          1000,
          1000,
          1000,
          1000,
          1000,
          1000,
          1000,
          1000,
          1000,
          1000,
          1000,
          1000,
          1000,
          1000,
          1000,
          1000,
          1000,
          1000,
          1000,
          1000,
          1000,
          1000,
          1000,
          1000,
          1000,
          1000,
          1000,
          1000,
          1000,
          1000,
          1000,
          1000,
          1000,
          1000,
          1000,
          1000,
          1000
        ],