{
  "converged": true,
  "final_E": 0.19393463693971585,
  "final_S": 0.010499349310297834,
  "final_C": 0.1781635262779835,
  "final_R": 0.5692352829680173,
  "target_C": 0.2,
  "target_R": 0.6,
  "steps_taken": 150
}